Codigo/SKU;Descricao;Estoque MGV;Estoque Bling;Diferenca Saldo;NCM MGV;NCM Bling;Preco MGV (R$);Preco Bling (R$);Status;Diagnostico Divergencias
"02071759";"	PLACA CONTROLE NEURODYN PORTABLE TENS FES";1;0;1;"90189099";"";0.00;1.00;"QTY_DIVERGENCE";"Estoque divergente: MGV (1) vs Bling (0) [Dif: +1] | NCM divergente: MGV (90189099) vs Bling (Não preenchido) | Preço divergente: MGV (R$ 0.00) vs Bling (R$ 1.00)"
"02071814";"	RESERVATORIO PARA VAPOR 127V (PREPARADO)";0;0;0;"90189099";"";455.00;455.00;"FISCAL_DIVERGENCE";"NCM divergente: MGV (90189099) vs Bling (Não preenchido)"
"ADPAI008.01 ";" ADESIVO PAINEL VERSATILE AF7";11;0;11;"39199090";"";0.00;224.55;"QTY_DIVERGENCE";"Estoque divergente: MGV (11) vs Bling (0) [Dif: +11] | NCM divergente: MGV (39199090) vs Bling (Não preenchido) | Preço divergente: MGV (R$ 0.00) vs Bling (R$ 224.55)"
"ADPAI007.02 ";" ADESIVO PAINEL VERSATILE AF9 R02";2;0;2;"39199090";"";0.00;224.55;"QTY_DIVERGENCE";"Estoque divergente: MGV (2) vs Bling (0) [Dif: +2] | NCM divergente: MGV (39199090) vs Bling (Não preenchido) | Preço divergente: MGV (R$ 0.00) vs Bling (R$ 224.55)"
"03029043";" CABECOTE INJETADO EM PU SONOFOCUS";1;0;1;"90189099";"";0.00;1.00;"QTY_DIVERGENCE";"Estoque divergente: MGV (1) vs Bling (0) [Dif: +1] | NCM divergente: MGV (90189099) vs Bling (Não preenchido) | Preço divergente: MGV (R$ 0.00) vs Bling (R$ 1.00)"
" 006444";" PLACA DRIVER STIMULUS-R R6";1;0;1;"90189099";"";0.00;2257.88;"QTY_DIVERGENCE";"Estoque divergente: MGV (1) vs Bling (0) [Dif: +1] | NCM divergente: MGV (90189099) vs Bling (Não preenchido) | Preço divergente: MGV (R$ 0.00) vs Bling (R$ 2257.88)"
"03038670";"ABRACADEIRA RADIAL EM ACO INOXIDAVEL DIAMETRO 10,5MM                             Ns: 0000000004";0;0;0;"90189099";"";0.81;0.81;"FISCAL_DIVERGENCE";"NCM divergente: MGV (90189099) vs Bling (Não preenchido)"
"BLING-16683621107";"ABRACADEIRA RADIAL EM ACO INOXIDAVEL DIAMETRO 10,5MM                             Ns: 0000000005";0;0;0;"90189099";"";0.81;0.81;"FISCAL_DIVERGENCE";"NCM divergente: MGV (90189099) vs Bling (Não preenchido)"
"80018237";"ACABAMENTO DA PONTEIRA 1 FURO KLD";13;0;13;"90189099";"";0.00;1.00;"QTY_DIVERGENCE";"Estoque divergente: MGV (13) vs Bling (0) [Dif: +13] | NCM divergente: MGV (90189099) vs Bling (Não preenchido) | Preço divergente: MGV (R$ 0.00) vs Bling (R$ 1.00)"
"03067013";"ACABAMENTO EMBORRACHADO";0;0;0;"40169300";"";23.20;23.20;"FISCAL_DIVERGENCE";"NCM divergente: MGV (40169300) vs Bling (Não preenchido)"
"3029078";"ACABAMENTO EMBORRACHADO DA PROBE                                                 NS: 0000000045";22;0;22;"39269090";"";25.03;25.03;"QTY_DIVERGENCE";"Estoque divergente: MGV (22) vs Bling (0) [Dif: +22] | NCM divergente: MGV (39269090) vs Bling (Não preenchido)"
"3067013";"ACABAMENTO EMBORRACHADO PARA APLICADOR CLUSTER";6;0;6;"84149039";"";59.90;59.90;"QTY_DIVERGENCE";"Estoque divergente: MGV (6) vs Bling (0) [Dif: +6] | NCM divergente: MGV (84149039) vs Bling (Não preenchido)"
"107858";"ACABAMENTO PARA APLICADOR ACRUS (IMP)";13;0;13;"39269090";"";79.90;79.90;"QTY_DIVERGENCE";"Estoque divergente: MGV (13) vs Bling (0) [Dif: +13] | NCM divergente: MGV (39269090) vs Bling (Não preenchido)"
"80018238";"ACABAMENTO PONTEIRA 3 FUROS  BRANCO KLD";13;0;13;"39263000";"";0.00;1.00;"QTY_DIVERGENCE";"Estoque divergente: MGV (13) vs Bling (0) [Dif: +13] | NCM divergente: MGV (39263000) vs Bling (Não preenchido) | Preço divergente: MGV (R$ 0.00) vs Bling (R$ 1.00)"
"80018099";"ACABAMENTO PONTEIRA 3 FUROS AZUL KLD";1;0;1;"90189099";"";0.00;1.00;"QTY_DIVERGENCE";"Estoque divergente: MGV (1) vs Bling (0) [Dif: +1] | NCM divergente: MGV (90189099) vs Bling (Não preenchido) | Preço divergente: MGV (R$ 0.00) vs Bling (R$ 1.00)"
"2200";"ACESSORIO BLISTER ELETRODO FACIAL HD10 NAC";3;0;3;"90189099";"";295.70;295.70;"QTY_DIVERGENCE";"Estoque divergente: MGV (3) vs Bling (0) [Dif: +3] | NCM divergente: MGV (90189099) vs Bling (Não preenchido)"
"528";"ACESSORIO BLISTER FILTRO 28MM 5PCT";80;0;80;"84212990";"";0.00;1.00;"QTY_DIVERGENCE";"Estoque divergente: MGV (80) vs Bling (0) [Dif: +80] | NCM divergente: MGV (84212990) vs Bling (Não preenchido) | Preço divergente: MGV (R$ 0.00) vs Bling (R$ 1.00)"
"476";"ACESSORIO BLISTER FILTRO M5 X 15MM";1;0;1;"84212990";"";0.00;1.00;"QTY_DIVERGENCE";"Estoque divergente: MGV (1) vs Bling (0) [Dif: +1] | NCM divergente: MGV (84212990) vs Bling (Não preenchido) | Preço divergente: MGV (R$ 0.00) vs Bling (R$ 1.00)"
"527";"ACESSORIO BLISTER MANGUEIRA 2 VIAS";4;0;4;"84212990";"";0.00;1.00;"QTY_DIVERGENCE";"Estoque divergente: MGV (4) vs Bling (0) [Dif: +4] | NCM divergente: MGV (84212990) vs Bling (Não preenchido) | Preço divergente: MGV (R$ 0.00) vs Bling (R$ 1.00)"
"529";"ACESSORIO BLISTER VENTOSA 8MM";1;0;1;"84212990";"";0.00;1.00;"QTY_DIVERGENCE";"Estoque divergente: MGV (1) vs Bling (0) [Dif: +1] | NCM divergente: MGV (84212990) vs Bling (Não preenchido) | Preço divergente: MGV (R$ 0.00) vs Bling (R$ 1.00)"
"1200";"ACESSORIO ELETRODO FACIAL MD28 NAC";0;0;0;"90189099";"";318.00;318.00;"FISCAL_DIVERGENCE";"NCM divergente: MGV (90189099) vs Bling (Não preenchido)"
"518";"ACESSORIO GARRA JACARE PINO 2MM";7;0;7;"90189099";"";0.00;15.00;"QTY_DIVERGENCE";"Estoque divergente: MGV (7) vs Bling (0) [Dif: +7] | NCM divergente: MGV (90189099) vs Bling (Não preenchido) | Preço divergente: MGV (R$ 0.00) vs Bling (R$ 15.00)"
"3030067";"ACRILICO PAINEL HECCUS TURBO - 4MM                                               NS: 0000000123";9;0;9;"39205900";"";190.00;190.00;"QTY_DIVERGENCE";"Estoque divergente: MGV (9) vs Bling (0) [Dif: +9] | NCM divergente: MGV (39205900) vs Bling (Não preenchido)"
"3030055";"ACRILICO PAINEL THERMOPULSE - 4 MM                                               NS: 0000000076";1;0;1;"39205900";"";0.00;184.38;"QTY_DIVERGENCE";"Estoque divergente: MGV (1) vs Bling (0) [Dif: +1] | NCM divergente: MGV (39205900) vs Bling (Não preenchido) | Preço divergente: MGV (R$ 0.00) vs Bling (R$ 184.38)"
"789309579454";"ADAPTADOR AC/DC";3;0;3;"90189099";"";0.00;1.00;"QTY_DIVERGENCE";"Estoque divergente: MGV (3) vs Bling (0) [Dif: +3] | NCM divergente: MGV (90189099) vs Bling (Não preenchido) | Preço divergente: MGV (R$ 0.00) vs Bling (R$ 1.00)"
"3025013";"ADAPTADOR P/ MANGUEIRA - HOOKE                                                   NS: 0000000073";2;0;2;"39174090";"";0.00;18.00;"QTY_DIVERGENCE";"Estoque divergente: MGV (2) vs Bling (0) [Dif: +2] | NCM divergente: MGV (39174090) vs Bling (Não preenchido) | Preço divergente: MGV (R$ 0.00) vs Bling (R$ 18.00)"
"30906001";"ADAPTADOR UNIVERSAL KIT DIAMOND";1;0;1;"90189099";"";55.00;55.00;"QTY_DIVERGENCE";"Estoque divergente: MGV (1) vs Bling (0) [Dif: +1] | NCM divergente: MGV (90189099) vs Bling (Não preenchido)"
"80010371";"ADESIVO ADE62O04 APLICADOR CORPORAL EUS1401";3;0;3;"39219019";"";185.00;185.00;"QTY_DIVERGENCE";"Estoque divergente: MGV (3) vs Bling (0) [Dif: +3] | NCM divergente: MGV (39219019) vs Bling (Não preenchido)"
"80010367";"ADESIVO ADE87N14 APLICADOR LLT1307";0;0;0;"39219019";"";120.00;120.00;"FISCAL_DIVERGENCE";"NCM divergente: MGV (39219019) vs Bling (Não preenchido)"
"80010280";"ADESIVO ADEB5M05 CABECOTE (KAVIX) R04";2;0;2;"39219019";"";0.00;73.50;"QTY_DIVERGENCE";"Estoque divergente: MGV (2) vs Bling (0) [Dif: +2] | NCM divergente: MGV (39219019) vs Bling (Não preenchido) | Preço divergente: MGV (R$ 0.00) vs Bling (R$ 73.50)"
"80010450";"ADESIVO ADEDAP08 R00 APLICADOR MEDIO HYGIALUX LLT1601";2;0;2;"39199000";"";0.00;1.00;"QTY_DIVERGENCE";"Estoque divergente: MGV (2) vs Bling (0) [Dif: +2] | NCM divergente: MGV (39199000) vs Bling (Não preenchido) | Preço divergente: MGV (R$ 0.00) vs Bling (R$ 1.00)"
"80010695";"ADESIVO ADEK2U06 LOGO ARTIX APLICADOR ATP200 ARTIX ECL2101 R01";4;0;4;"39219019";"";0.00;6.00;"QTY_DIVERGENCE";"Estoque divergente: MGV (4) vs Bling (0) [Dif: +4] | NCM divergente: MGV (39219019) vs Bling (Não preenchido) | Preço divergente: MGV (R$ 0.00) vs Bling (R$ 6.00)"
"80010696";"ADESIVO ADEK2U07 APLICADOR ATP120 ARTIX ECL2101 R01";1;0;1;"39219019";"";0.00;42.00;"QTY_DIVERGENCE";"Estoque divergente: MGV (1) vs Bling (0) [Dif: +1] | NCM divergente: MGV (39219019) vs Bling (Não preenchido) | Preço divergente: MGV (R$ 0.00) vs Bling (R$ 42.00)"
"80010697";"ADESIVO ADEK2U08 APLICADOR ATP150 ARTIX ECL2101 R01";6;0;6;"39199090";"";0.00;81.00;"QTY_DIVERGENCE";"Estoque divergente: MGV (6) vs Bling (0) [Dif: +6] | NCM divergente: MGV (39199090) vs Bling (Não preenchido) | Preço divergente: MGV (R$ 0.00) vs Bling (R$ 81.00)"
"80010698";"ADESIVO ADEK2U09 APLICADOR ATP200 ARTIX ECL2101 R01";4;0;4;"39219019";"";0.00;57.00;"QTY_DIVERGENCE";"Estoque divergente: MGV (4) vs Bling (0) [Dif: +4] | NCM divergente: MGV (39219019) vs Bling (Não preenchido) | Preço divergente: MGV (R$ 0.00) vs Bling (R$ 57.00)"
"80010761";"ADESIVO ADEK2U16 LOGO ARTIX APLICADOR ATP150 ARTIX ECL2101 R01";6;0;6;"39199090";"";0.00;6.00;"QTY_DIVERGENCE";"Estoque divergente: MGV (6) vs Bling (0) [Dif: +6] | NCM divergente: MGV (39199090) vs Bling (Não preenchido) | Preço divergente: MGV (R$ 0.00) vs Bling (R$ 6.00)"
"80010763";"ADESIVO ADEK2U18 LOGO KLD APLICADOR ATP200 ARTIX ECL2101 R00";4;0;4;"39199090";"";0.00;6.00;"QTY_DIVERGENCE";"Estoque divergente: MGV (4) vs Bling (0) [Dif: +4] | NCM divergente: MGV (39199090) vs Bling (Não preenchido) | Preço divergente: MGV (R$ 0.00) vs Bling (R$ 6.00)"
"80010764";"ADESIVO ADEK2U19 LOGO KLD APLICADOR ATP150 ARTIX ECL2101 R00";6;0;6;"39199090";"";0.00;6.00;"QTY_DIVERGENCE";"Estoque divergente: MGV (6) vs Bling (0) [Dif: +6] | NCM divergente: MGV (39199090) vs Bling (Não preenchido) | Preço divergente: MGV (R$ 0.00) vs Bling (R$ 6.00)"
"80010765";"ADESIVO ADEK2U20 LOGO KLD APLICADOR ATP120 ARTIX ECL2101 R00";1;0;1;"39199090";"";0.00;3.00;"QTY_DIVERGENCE";"Estoque divergente: MGV (1) vs Bling (0) [Dif: +1] | NCM divergente: MGV (39199090) vs Bling (Não preenchido) | Preço divergente: MGV (R$ 0.00) vs Bling (R$ 3.00)"
"80010767";"ADESIVO ADEK2U22 FIXADOR SUPORTE CINTA ARTIX ECL2101 R01";1;0;1;"39199090";"";0.00;21.00;"QTY_DIVERGENCE";"Estoque divergente: MGV (1) vs Bling (0) [Dif: +1] | NCM divergente: MGV (39199090) vs Bling (Não preenchido) | Preço divergente: MGV (R$ 0.00) vs Bling (R$ 21.00)"
"80010245";"ADESIVO ADEP7T02 FRENTE PROBE 2750 KAVYS TUS1901";5;0;5;"90189099";"";0.00;1.00;"QTY_DIVERGENCE";"Estoque divergente: MGV (5) vs Bling (0) [Dif: +5] | NCM divergente: MGV (90189099) vs Bling (Não preenchido) | Preço divergente: MGV (R$ 0.00) vs Bling (R$ 1.00)"
"80010663";"ADESIVO ADEP7T10 TRASEIRO DA PROBE 2750 KAVYS";1;0;1;"39219019";"";0.00;1.00;"QTY_DIVERGENCE";"Estoque divergente: MGV (1) vs Bling (0) [Dif: +1] | NCM divergente: MGV (39219019) vs Bling (Não preenchido) | Preço divergente: MGV (R$ 0.00) vs Bling (R$ 1.00)"
"80010664";"ADESIVO ADEP7T11 TRASEIRO DA PROBE 950 KAVYS";4;0;4;"39219019";"";0.00;1.00;"QTY_DIVERGENCE";"Estoque divergente: MGV (4) vs Bling (0) [Dif: +4] | NCM divergente: MGV (39219019) vs Bling (Não preenchido) | Preço divergente: MGV (R$ 0.00) vs Bling (R$ 1.00)"
"80010049";"ADESIVO APERTAR/SOLTAR R01";1;0;1;"39199010";"";0.00;1.00;"QTY_DIVERGENCE";"Estoque divergente: MGV (1) vs Bling (0) [Dif: +1] | NCM divergente: MGV (39199010) vs Bling (Não preenchido) | Preço divergente: MGV (R$ 0.00) vs Bling (R$ 1.00)"
"3027964";"ADESIVO APLICADOR FACIAL SONOFOCUS SAFIRA";2;0;2;"39199090";"";15.00;15.00;"QTY_DIVERGENCE";"Estoque divergente: MGV (2) vs Bling (0) [Dif: +2] | NCM divergente: MGV (39199090) vs Bling (Não preenchido)"
"3027860";"ADESIVO APLICADOR HECCUS TURBO";2;0;2;"90189099";"";0.00;1.00;"QTY_DIVERGENCE";"Estoque divergente: MGV (2) vs Bling (0) [Dif: +2] | NCM divergente: MGV (90189099) vs Bling (Não preenchido) | Preço divergente: MGV (R$ 0.00) vs Bling (R$ 1.00)"
"1727710";"ADESIVO APLICADOR ULTRAMED";3;0;3;"39199020";"";0.00;32.24;"QTY_DIVERGENCE";"Estoque divergente: MGV (3) vs Bling (0) [Dif: +3] | NCM divergente: MGV (39199020) vs Bling (Não preenchido) | Preço divergente: MGV (R$ 0.00) vs Bling (R$ 32.24)"
"5852";"ADESIVO BEAUTY DERMO ANTIGO";4;0;4;"39199090";"";140.00;140.00;"QTY_DIVERGENCE";"Estoque divergente: MGV (4) vs Bling (0) [Dif: +4] | NCM divergente: MGV (39199090) vs Bling (Não preenchido)"
"7852";"ADESIVO BEAUTY DERMO R04";5;0;5;"39199090";"";140.00;140.00;"QTY_DIVERGENCE";"Estoque divergente: MGV (5) vs Bling (0) [Dif: +5] | NCM divergente: MGV (39199090) vs Bling (Não preenchido)"
"1224";"ADESIVO BEAUTY DERMO REV.01";3;0;3;"39199090";"";150.00;150.00;"QTY_DIVERGENCE";"Estoque divergente: MGV (3) vs Bling (0) [Dif: +3] | NCM divergente: MGV (39199090) vs Bling (Não preenchido)"
"9661";"ADESIVO BEAUTY SHAPE DUO";1;0;1;"39199090";"";0.00;1.00;"QTY_DIVERGENCE";"Estoque divergente: MGV (1) vs Bling (0) [Dif: +1] | NCM divergente: MGV (39199090) vs Bling (Não preenchido) | Preço divergente: MGV (R$ 0.00) vs Bling (R$ 1.00)"
"7268";"ADESIVO BEAUTY STEAM R03";8;0;8;"90189099";"";0.00;1.00;"QTY_DIVERGENCE";"Estoque divergente: MGV (8) vs Bling (0) [Dif: +8] | NCM divergente: MGV (90189099) vs Bling (Não preenchido) | Preço divergente: MGV (R$ 0.00) vs Bling (R$ 1.00)"
"6254";"ADESIVO CANETA HF REV.01";4;0;4;"39199090";"";83.90;83.90;"QTY_DIVERGENCE";"Estoque divergente: MGV (4) vs Bling (0) [Dif: +4] | NCM divergente: MGV (39199090) vs Bling (Não preenchido)"
"6205";"ADESIVO CLUSTER LED CIRCULAR REV.01";9;0;9;"48211000";"";0.00;1.00;"QTY_DIVERGENCE";"Estoque divergente: MGV (9) vs Bling (0) [Dif: +9] | NCM divergente: MGV (48211000) vs Bling (Não preenchido) | Preço divergente: MGV (R$ 0.00) vs Bling (R$ 1.00)"
"12557";"ADESIVO ESP TEC CLUSTER LED AZUL (VN)";1;0;1;"39199090";"";0.00;4.22;"QTY_DIVERGENCE";"Estoque divergente: MGV (1) vs Bling (0) [Dif: +1] | NCM divergente: MGV (39199090) vs Bling (Não preenchido) | Preço divergente: MGV (R$ 0.00) vs Bling (R$ 4.22)"
"12252";"ADESIVO ESP TEC CLUSTER LED VERMELHO";1;0;1;"39199090";"";0.00;1.00;"QTY_DIVERGENCE";"Estoque divergente: MGV (1) vs Bling (0) [Dif: +1] | NCM divergente: MGV (39199090) vs Bling (Não preenchido) | Preço divergente: MGV (R$ 0.00) vs Bling (R$ 1.00)"
"12552";"ADESIVO ESP TEC CLUSTER LED VERMELHO (VN)";1;0;1;"39199090";"";0.00;4.20;"QTY_DIVERGENCE";"Estoque divergente: MGV (1) vs Bling (0) [Dif: +1] | NCM divergente: MGV (39199090) vs Bling (Não preenchido) | Preço divergente: MGV (R$ 0.00) vs Bling (R$ 4.20)"
"30906015";"ADESIVO FACIAL";200;0;200;"39199090";"";90.00;90.00;"QTY_DIVERGENCE";"Estoque divergente: MGV (200) vs Bling (0) [Dif: +200] | NCM divergente: MGV (39199090) vs Bling (Não preenchido)"
"480";"ADESIVO FLUENCE MAXX R02";7;0;7;"39199090";"";0.00;1.00;"QTY_DIVERGENCE";"Estoque divergente: MGV (7) vs Bling (0) [Dif: +7] | NCM divergente: MGV (39199090) vs Bling (Não preenchido) | Preço divergente: MGV (R$ 0.00) vs Bling (R$ 1.00)"
"8118";"ADESIVO FLUENCE R04";5;0;5;"39199090";"";130.00;130.00;"QTY_DIVERGENCE";"Estoque divergente: MGV (5) vs Bling (0) [Dif: +5] | NCM divergente: MGV (39199090) vs Bling (Não preenchido)"
"11060";"ADESIVO INFO HASTE BEAUTY STEAM R02 - NCM 39199090.";1;0;1;"39199090";"";0.00;7.50;"QTY_DIVERGENCE";"Estoque divergente: MGV (1) vs Bling (0) [Dif: +1] | NCM divergente: MGV (39199090) vs Bling (Não preenchido) | Preço divergente: MGV (R$ 0.00) vs Bling (R$ 7.50)"
"7860";"ADESIVO LIMINE R02";2;0;2;"39199090";"";0.00;1.00;"QTY_DIVERGENCE";"Estoque divergente: MGV (2) vs Bling (0) [Dif: +2] | NCM divergente: MGV (39199090) vs Bling (Não preenchido) | Preço divergente: MGV (R$ 0.00) vs Bling (R$ 1.00)"
"7461";"ADESIVO LOGO HTM R02";3;0;3;"39199090";"";0.00;10.04;"QTY_DIVERGENCE";"Estoque divergente: MGV (3) vs Bling (0) [Dif: +3] | NCM divergente: MGV (39199090) vs Bling (Não preenchido) | Preço divergente: MGV (R$ 0.00) vs Bling (R$ 10.04)"
"7895";"ADESIVO NIVEL DE AGUA RESERVATORIO R03 - NCM 39199090";2;0;2;"39199090";"";0.00;12.00;"QTY_DIVERGENCE";"Estoque divergente: MGV (2) vs Bling (0) [Dif: +2] | NCM divergente: MGV (39199090) vs Bling (Não preenchido) | Preço divergente: MGV (R$ 0.00) vs Bling (R$ 12.00)"
"10403";"ADESIVO NUMERO SERIE APLICADOR ACRUS R01";2;0;2;"39219019";"";0.00;1.00;"QTY_DIVERGENCE";"Estoque divergente: MGV (2) vs Bling (0) [Dif: +2] | NCM divergente: MGV (39219019) vs Bling (Não preenchido) | Preço divergente: MGV (R$ 0.00) vs Bling (R$ 1.00)"
"3027047";"ADESIVO PAINEL - ARES  (VENDAS)                                                  NS: 0000000024";4;0;4;"39199090";"";0.00;89.55;"QTY_DIVERGENCE";"Estoque divergente: MGV (4) vs Bling (0) [Dif: +4] | NCM divergente: MGV (39199090) vs Bling (Não preenchido) | Preço divergente: MGV (R$ 0.00) vs Bling (R$ 89.55)"
"3027513";"ADESIVO PAINEL ARES- 2016                                                        NS: 0000000038";5;0;5;"39199090";"";0.00;90.87;"QTY_DIVERGENCE";"Estoque divergente: MGV (5) vs Bling (0) [Dif: +5] | NCM divergente: MGV (39199090) vs Bling (Não preenchido) | Preço divergente: MGV (R$ 0.00) vs Bling (R$ 90.87)"
"3027070";"ADESIVO PAINEL DERMOSTEAM - (11/11)                                              NS: 0000000098";8;0;8;"39199090";"";109.00;109.00;"QTY_DIVERGENCE";"Estoque divergente: MGV (8) vs Bling (0) [Dif: +8] | NCM divergente: MGV (39199090) vs Bling (Não preenchido)"
"3027626";"ADESIVO PAINEL DERMOSTEAM LED THERAPY                                            NS: 0000000018";5;0;5;"39199090";"";129.00;129.00;"QTY_DIVERGENCE";"Estoque divergente: MGV (5) vs Bling (0) [Dif: +5] | NCM divergente: MGV (39199090) vs Bling (Não preenchido)"
"3027081";"ADESIVO PAINEL DERMOTONUS ESTHETIC - (02/12)                                     NS: 0000000048";2;0;2;"39199090";"";279.90;279.90;"QTY_DIVERGENCE";"Estoque divergente: MGV (2) vs Bling (0) [Dif: +2] | NCM divergente: MGV (39199090) vs Bling (Não preenchido)"
"3027260";"ADESIVO PAINEL HECCUS  VS 04/13                                                  NS: 0000000068";10;0;10;"39199090";"";220.00;220.00;"QTY_DIVERGENCE";"Estoque divergente: MGV (10) vs Bling (0) [Dif: +10] | NCM divergente: MGV (39199090) vs Bling (Não preenchido)"
"3027520";"ADESIVO PAINEL MODELLATA - V2.0";4;0;4;"39199090";"";120.00;120.00;"QTY_DIVERGENCE";"Estoque divergente: MGV (4) vs Bling (0) [Dif: +4] | NCM divergente: MGV (39199090) vs Bling (Não preenchido)"
"3027199";"ADESIVO PAINEL NEURODYN";1;0;1;"39199090";"";380.00;380.00;"QTY_DIVERGENCE";"Estoque divergente: MGV (1) vs Bling (0) [Dif: +1] | NCM divergente: MGV (39199090) vs Bling (Não preenchido)"
"3027072";"ADESIVO PAINEL NEURODYN II - (12/11)  (VENDAS)                                   NS: 0000000026";4;0;4;"39199090";"";0.00;89.57;"QTY_DIVERGENCE";"Estoque divergente: MGV (4) vs Bling (0) [Dif: +4] | NCM divergente: MGV (39199090) vs Bling (Não preenchido) | Preço divergente: MGV (R$ 0.00) vs Bling (R$ 89.57)"
"3027182";"ADESIVO PAINEL NEURODYN II 4 CANAIS (02/13)                                      NS: 0000000123";7;0;7;"39199090";"";139.90;139.90;"QTY_DIVERGENCE";"Estoque divergente: MGV (7) vs Bling (0) [Dif: +7] | NCM divergente: MGV (39199090) vs Bling (Não preenchido)"
"3027582";"ADESIVO PAINEL NEURODYN VS 2                                                     NS: 0000000034";2;0;2;"39199090";"";0.00;328.82;"QTY_DIVERGENCE";"Estoque divergente: MGV (2) vs Bling (0) [Dif: +2] | NCM divergente: MGV (39199090) vs Bling (Não preenchido) | Preço divergente: MGV (R$ 0.00) vs Bling (R$ 328.82)"
"3027191";"ADESIVO PAINEL SONOPULSE COMPACT (03/13)                                         NS: 0000000075";2;0;2;"39199090";"";0.00;89.57;"QTY_DIVERGENCE";"Estoque divergente: MGV (2) vs Bling (0) [Dif: +2] | NCM divergente: MGV (39199090) vs Bling (Não preenchido) | Preço divergente: MGV (R$ 0.00) vs Bling (R$ 89.57)"
"3027065";"ADESIVO PAINEL SONOPULSE COMPACT (10/11)  (VENDAS)                               NS: 0000000030";4;0;4;"39199090";"";0.00;117.21;"QTY_DIVERGENCE";"Estoque divergente: MGV (4) vs Bling (0) [Dif: +4] | NCM divergente: MGV (39199090) vs Bling (Não preenchido) | Preço divergente: MGV (R$ 0.00) vs Bling (R$ 117.21)"
"3027198";"ADESIVO PAINEL SONOPULSE I E III";3;0;3;"39199090";"";0.00;250.80;"QTY_DIVERGENCE";"Estoque divergente: MGV (3) vs Bling (0) [Dif: +3] | NCM divergente: MGV (39199090) vs Bling (Não preenchido) | Preço divergente: MGV (R$ 0.00) vs Bling (R$ 250.80)"
"3027057";"ADESIVO PAINEL SONOPULSE II";4;0;4;"39199090";"";0.00;1.00;"QTY_DIVERGENCE";"Estoque divergente: MGV (4) vs Bling (0) [Dif: +4] | NCM divergente: MGV (39199090) vs Bling (Não preenchido) | Preço divergente: MGV (R$ 0.00) vs Bling (R$ 1.00)"
"3027190";"ADESIVO PAINEL SONOPULSE III (03/13)                                             NS: 0000000130";0;0;0;"39199090";"";130.00;130.00;"FISCAL_DIVERGENCE";"NCM divergente: MGV (39199090) vs Bling (Não preenchido)"
"3027064";"ADESIVO PAINEL SONOPULSE III - (10/11)                                           NS: 0000000025";4;0;4;"39199090";"";0.00;89.55;"QTY_DIVERGENCE";"Estoque divergente: MGV (4) vs Bling (0) [Dif: +4] | NCM divergente: MGV (39199090) vs Bling (Não preenchido) | Preço divergente: MGV (R$ 0.00) vs Bling (R$ 89.55)"
"3027608";"ADESIVO PAINEL SONOPULSE III - VS 2";11;0;11;"39199090";"";130.00;130.00;"QTY_DIVERGENCE";"Estoque divergente: MGV (11) vs Bling (0) [Dif: +11] | NCM divergente: MGV (39199090) vs Bling (Não preenchido)"
"3027264";"ADESIVO PAINEL THERMOPULSE SOLID STATE - VS. 01/14                               NS: 0000000025";1;0;1;"39199090";"";0.00;194.27;"QTY_DIVERGENCE";"Estoque divergente: MGV (1) vs Bling (0) [Dif: +1] | NCM divergente: MGV (39199090) vs Bling (Não preenchido) | Preço divergente: MGV (R$ 0.00) vs Bling (R$ 194.27)"
"ADPAI011.00 ";"ADESIVO PAINEL ULTRA DERM CONTROL";5;0;5;"39199090";"";0.00;196.74;"QTY_DIVERGENCE";"Estoque divergente: MGV (5) vs Bling (0) [Dif: +5] | NCM divergente: MGV (39199090) vs Bling (Não preenchido) | Preço divergente: MGV (R$ 0.00) vs Bling (R$ 196.74)"
"ADPAI012.00 ";"ADESIVO PAINEL ULTRA DERM SPRAY ";1;0;1;"35069190";"";0.00;153.72;"QTY_DIVERGENCE";"Estoque divergente: MGV (1) vs Bling (0) [Dif: +1] | NCM divergente: MGV (35069190) vs Bling (Não preenchido) | Preço divergente: MGV (R$ 0.00) vs Bling (R$ 153.72)"
"3027752";"ADESIVO PAINEL VEGA                                                              NS: 0000000009";2;0;2;"39199090";"";0.00;155.09;"QTY_DIVERGENCE";"Estoque divergente: MGV (2) vs Bling (0) [Dif: +2] | NCM divergente: MGV (39199090) vs Bling (Não preenchido) | Preço divergente: MGV (R$ 0.00) vs Bling (R$ 155.09)"
"03027768";"ADESIVO PARA ESPACADOR 20MM  Ns: 0000000018";0;0;0;"39199090";"";4.59;4.59;"FISCAL_DIVERGENCE";"NCM divergente: MGV (39199090) vs Bling (Não preenchido)"
"8878";"ADESIVO SAIDA BEAUTY STEAM R01  - NCM 39199090.";1;0;1;"39199090";"";0.00;12.00;"QTY_DIVERGENCE";"Estoque divergente: MGV (1) vs Bling (0) [Dif: +1] | NCM divergente: MGV (39199090) vs Bling (Não preenchido) | Preço divergente: MGV (R$ 0.00) vs Bling (R$ 12.00)"
"3027349";"ADESIVO SAIDA THERMOPULSE SOLID STATE 05/14                                      NS: 0000000010";1;0;1;"39199090";"";0.00;155.40;"QTY_DIVERGENCE";"Estoque divergente: MGV (1) vs Bling (0) [Dif: +1] | NCM divergente: MGV (39199090) vs Bling (Não preenchido) | Preço divergente: MGV (R$ 0.00) vs Bling (R$ 155.40)"
"3027003";"ADESIVO SCHILIEPHAKE COD. (A-010)                                                NS: AUTO043225";1;0;1;"39199090";"";0.00;23.72;"QTY_DIVERGENCE";"Estoque divergente: MGV (1) vs Bling (0) [Dif: +1] | NCM divergente: MGV (39199090) vs Bling (Não preenchido) | Preço divergente: MGV (R$ 0.00) vs Bling (R$ 23.72)"
"3027248";"ADESIVO SERIAL (INGLES) - (SUBSTITUIDO)                                          Ns: 0000000052";1;0;1;"39199090";"";9.50;9.50;"QTY_DIVERGENCE";"Estoque divergente: MGV (1) vs Bling (0) [Dif: +1] | NCM divergente: MGV (39199090) vs Bling (Não preenchido)"
"7236";"ADESIVO SONIC COMPACT 1-3 MHZ R05";4;0;4;"39199090";"";0.00;91.02;"QTY_DIVERGENCE";"Estoque divergente: MGV (4) vs Bling (0) [Dif: +4] | NCM divergente: MGV (39199090) vs Bling (Não preenchido) | Preço divergente: MGV (R$ 0.00) vs Bling (R$ 91.02)"
"7187";"ADESIVO SONIC COMPACT MAXX R01";4;0;4;"39199090";"";0.00;138.29;"QTY_DIVERGENCE";"Estoque divergente: MGV (4) vs Bling (0) [Dif: +4] | NCM divergente: MGV (39199090) vs Bling (Não preenchido) | Preço divergente: MGV (R$ 0.00) vs Bling (R$ 138.29)"
"6184";"ADESIVO STIMULUS FACE MAXX REV.01";2;0;2;"39199090";"";230.00;230.00;"QTY_DIVERGENCE";"Estoque divergente: MGV (2) vs Bling (0) [Dif: +2] | NCM divergente: MGV (39199090) vs Bling (Não preenchido)"
"6157";"ADESIVO STIMULUS PHYSIO 4 CANAIS R01";4;0;4;"39199090";"";0.00;104.24;"QTY_DIVERGENCE";"Estoque divergente: MGV (4) vs Bling (0) [Dif: +4] | NCM divergente: MGV (39199090) vs Bling (Não preenchido) | Preço divergente: MGV (R$ 0.00) vs Bling (R$ 104.24)"
"7855";"ADESIVO STIMULUS-R R05";2;0;2;"39199090";"";230.00;230.00;"QTY_DIVERGENCE";"Estoque divergente: MGV (2) vs Bling (0) [Dif: +2] | NCM divergente: MGV (39199090) vs Bling (Não preenchido)"
"4487";"ADESIVO TENS-FES R07 MEMBRANA";1;0;1;"39199090";"";220.50;220.50;"QTY_DIVERGENCE";"Estoque divergente: MGV (1) vs Bling (0) [Dif: +1] | NCM divergente: MGV (39199090) vs Bling (Não preenchido)"
"192";"ADESIVO VIBROCELL";30;0;30;"39199090";"";190.00;190.00;"QTY_DIVERGENCE";"Estoque divergente: MGV (30) vs Bling (0) [Dif: +30] | NCM divergente: MGV (39199090) vs Bling (Não preenchido)"
"3027963";"ADESIVO VINIL APLICADOR FACIAL SONOFOCUS SAFIRA";2;0;2;"39199090";"";7.00;7.00;"QTY_DIVERGENCE";"Estoque divergente: MGV (2) vs Bling (0) [Dif: +2] | NCM divergente: MGV (39199090) vs Bling (Não preenchido)"
"BLING-16672530990";"ADESIVO VINIL APLICADOR FACIAL SONOFOCUS SAFIRA                                  Ns: 0000000004";0;0;0;"39199090";"";2.52;2.52;"FISCAL_DIVERGENCE";"NCM divergente: MGV (39199090) vs Bling (Não preenchido)"
"BLING-16672530985";"ADESIVO VINIL APLICADOR FACIAL SONOFOCUS SAFIRA                                  Ns: 0000000004";0;0;0;"39199090";"";2.52;2.52;"FISCAL_DIVERGENCE";"NCM divergente: MGV (39199090) vs Bling (Não preenchido)"
"03027963";"ADESIVO VINIL APLICADOR FACIAL SONOFOCUS SAFIRA                                  Ns: 0000000020";0;0;0;"39199090";"";1.76;1.76;"FISCAL_DIVERGENCE";"NCM divergente: MGV (39199090) vs Bling (Não preenchido)"
"21200016";"AGUA DEIONIZADA";43;0;43;"28539019";"";45.00;45.00;"QTY_DIVERGENCE";"Estoque divergente: MGV (43) vs Bling (0) [Dif: +43] | NCM divergente: MGV (28539019) vs Bling (Não preenchido)"
"21200021";"ALCOOL ISOPROPILICO";36;0;36;"29051220";"";0.00;41.54;"QTY_DIVERGENCE";"Estoque divergente: MGV (36) vs Bling (0) [Dif: +36] | NCM divergente: MGV (29051220) vs Bling (Não preenchido) | Preço divergente: MGV (R$ 0.00) vs Bling (R$ 41.54)"
"10784";"ALIVIADOR DO CABO APLICADOR ACRUS (IMP)";3;0;3;"39269090";"";750.00;750.00;"QTY_DIVERGENCE";"Estoque divergente: MGV (3) vs Bling (0) [Dif: +3] | NCM divergente: MGV (39269090) vs Bling (Não preenchido)"
"3038525";"ALÇA APLICADOR PLACA";10;0;10;"90189099";"";0.00;1.00;"QTY_DIVERGENCE";"Estoque divergente: MGV (10) vs Bling (0) [Dif: +10] | NCM divergente: MGV (90189099) vs Bling (Não preenchido) | Preço divergente: MGV (R$ 0.00) vs Bling (R$ 1.00)"
"1227";"AMPOLA DE OZONIO";3;0;3;"70179000";"";0.00;38.57;"QTY_DIVERGENCE";"Estoque divergente: MGV (3) vs Bling (0) [Dif: +3] | NCM divergente: MGV (70179000) vs Bling (Não preenchido) | Preço divergente: MGV (R$ 0.00) vs Bling (R$ 38.57)"
"21";"AMPOLA DE OZONIO";19;0;19;"70179000";"";0.00;15.00;"QTY_DIVERGENCE";"Estoque divergente: MGV (19) vs Bling (0) [Dif: +19] | NCM divergente: MGV (70179000) vs Bling (Não preenchido) | Preço divergente: MGV (R$ 0.00) vs Bling (R$ 15.00)"
"3025021";"ANEL DE REFORCO PARA MANGUEIRA - HOOKE   (VENDAS)                                NS: 0000000001";2;0;2;"70200090";"";0.00;11.85;"QTY_DIVERGENCE";"Estoque divergente: MGV (2) vs Bling (0) [Dif: +2] | NCM divergente: MGV (70200090) vs Bling (Não preenchido) | Preço divergente: MGV (R$ 0.00) vs Bling (R$ 11.85)"
"12795";"ANEL ORING 2143 61,60Ø X 2,62 ESP. NITRILICA";0;0;0;"40169300";"";28.50;28.50;"FISCAL_DIVERGENCE";"NCM divergente: MGV (40169300) vs Bling (Não preenchido)"
"25002076";"ANEL VEDACAO BICO CRIOFREQUENCIA";10;0;10;"90330000";"";0.00;6.30;"QTY_DIVERGENCE";"Estoque divergente: MGV (10) vs Bling (0) [Dif: +10] | NCM divergente: MGV (90330000) vs Bling (Não preenchido) | Preço divergente: MGV (R$ 0.00) vs Bling (R$ 6.30)"
"2039566";"APLICADOR DE RADIOFREQUENCIA BIPOLAR-HOOKE 2014                                  NS: 1465001001";2;0;2;"90330000";"";0.00;1022.33;"QTY_DIVERGENCE";"Estoque divergente: MGV (2) vs Bling (0) [Dif: +2] | NCM divergente: MGV (90330000) vs Bling (Não preenchido) | Preço divergente: MGV (R$ 0.00) vs Bling (R$ 1022.33)"
"80018097";"APLICADOR DIREITO AZUL KLD";2;0;2;"90189099";"";0.00;1.00;"QTY_DIVERGENCE";"Estoque divergente: MGV (2) vs Bling (0) [Dif: +2] | NCM divergente: MGV (90189099) vs Bling (Não preenchido) | Preço divergente: MGV (R$ 0.00) vs Bling (R$ 1.00)"
"80018236";"APLICADOR DIREITO BRANCO KLD";6;0;6;"90189099";"";0.00;1.00;"QTY_DIVERGENCE";"Estoque divergente: MGV (6) vs Bling (0) [Dif: +6] | NCM divergente: MGV (90189099) vs Bling (Não preenchido) | Preço divergente: MGV (R$ 0.00) vs Bling (R$ 1.00)"
"80018180";"APLICADOR DIREITO LILÁS KLD";5;0;5;"90189099";"";0.00;1.00;"QTY_DIVERGENCE";"Estoque divergente: MGV (5) vs Bling (0) [Dif: +5] | NCM divergente: MGV (90189099) vs Bling (Não preenchido) | Preço divergente: MGV (R$ 0.00) vs Bling (R$ 1.00)"
"3025011";"APLICADOR EM SILICONE P/ RADIOFREQUENCIA                                         NS: AUTO044389";2;0;2;"90183999";"";0.00;188.10;"QTY_DIVERGENCE";"Estoque divergente: MGV (2) vs Bling (0) [Dif: +2] | NCM divergente: MGV (90183999) vs Bling (Não preenchido) | Preço divergente: MGV (R$ 0.00) vs Bling (R$ 188.10)"
"80018096";"APLICADOR ESQUERDO AZUL KLD";2;0;2;"90189099";"";0.00;1.00;"QTY_DIVERGENCE";"Estoque divergente: MGV (2) vs Bling (0) [Dif: +2] | NCM divergente: MGV (90189099) vs Bling (Não preenchido) | Preço divergente: MGV (R$ 0.00) vs Bling (R$ 1.00)"
"80018235";"APLICADOR ESQUERDO BRANCO KLD";7;0;7;"90189099";"";0.00;1.00;"QTY_DIVERGENCE";"Estoque divergente: MGV (7) vs Bling (0) [Dif: +7] | NCM divergente: MGV (90189099) vs Bling (Não preenchido) | Preço divergente: MGV (R$ 0.00) vs Bling (R$ 1.00)"
"80018179";"APLICADOR ESQUERDO LILÁS KLD";3;0;3;"90189099";"";0.00;1.00;"QTY_DIVERGENCE";"Estoque divergente: MGV (3) vs Bling (0) [Dif: +3] | NCM divergente: MGV (90189099) vs Bling (Não preenchido) | Preço divergente: MGV (R$ 0.00) vs Bling (R$ 1.00)"
"2039940";"APLICADOR MODELLATA - ORBITAL                                                    NS: 1549690021";0;0;0;"90330000";"";1600.00;1600.00;"FISCAL_DIVERGENCE";"NCM divergente: MGV (90330000) vs Bling (Não preenchido)"
"02071850";"APLICADOR PEQUENO RESISTIVO                                                      Ns: 1403800002";0;0;0;"90189099";"";1072.00;1072.00;"FISCAL_DIVERGENCE";"NCM divergente: MGV (90189099) vs Bling (Não preenchido)"
"007673";"APLICADOR SONIC COMPACT MAXX";1;0;1;"90189099";"";0.00;233.97;"QTY_DIVERGENCE";"Estoque divergente: MGV (1) vs Bling (0) [Dif: +1] | NCM divergente: MGV (90189099) vs Bling (Não preenchido) | Preço divergente: MGV (R$ 0.00) vs Bling (R$ 233.97)"
"2039534";"APLICADOR SONOFOCUS                                                              NS: 1440671001";1;0;1;"90330000";"";0.00;1172.13;"QTY_DIVERGENCE";"Estoque divergente: MGV (1) vs Bling (0) [Dif: +1] | NCM divergente: MGV (90330000) vs Bling (Não preenchido) | Preço divergente: MGV (R$ 0.00) vs Bling (R$ 1172.13)"
"3068";"ARO INFERIOR - APLICADOR VIBRIA_HIBRIDI";32;0;32;"90189099";"";45.00;45.00;"QTY_DIVERGENCE";"Estoque divergente: MGV (32) vs Bling (0) [Dif: +32] | NCM divergente: MGV (90189099) vs Bling (Não preenchido)"
"3066";"ARO SUPERIOR - APLICADOR VIBRIA_HIBRIDI";10;0;10;"90189099";"";45.00;45.00;"QTY_DIVERGENCE";"Estoque divergente: MGV (10) vs Bling (0) [Dif: +10] | NCM divergente: MGV (90189099) vs Bling (Não preenchido)"
"03038593";"Abracadeira Radial em aco inoxidavel Diametro 11,9mm                             Ns: 0000000030";0;0;0;"90189099";"";4.83;4.83;"FISCAL_DIVERGENCE";"NCM divergente: MGV (90189099) vs Bling (Não preenchido)"
"BLING-16683621104";"Abracadeira Radial em aco inoxidavel Diametro 11,9mm                             Ns: 0000000032";0;0;0;"90189099";"";4.83;4.83;"FISCAL_DIVERGENCE";"NCM divergente: MGV (90189099) vs Bling (Não preenchido)"
"BLING-16683621105";"Abracadeira Radial em aco inoxidavel Diametro 11,9mm                             Ns: 0000000033";0;0;0;"90189099";"";4.83;4.83;"FISCAL_DIVERGENCE";"NCM divergente: MGV (90189099) vs Bling (Não preenchido)"
"03038608";"Abracadeira Radial em aco inoxidavel Diametro 12,3mm                             Ns: 0000000015";0;0;0;"90189099";"";1.51;1.51;"FISCAL_DIVERGENCE";"NCM divergente: MGV (90189099) vs Bling (Não preenchido)"
"BLING-16683621106";"Abracadeira Radial em aco inoxidavel Diametro 12,3mm                             Ns: 0000000016";0;0;0;"90189099";"";1.51;1.51;"FISCAL_DIVERGENCE";"NCM divergente: MGV (90189099) vs Bling (Não preenchido)"
"03038594";"Abracadeira Radial em aco inoxidavel Diametro 15,3mm                             Ns: 0000000022";0;0;0;"90189099";"";1.68;1.68;"FISCAL_DIVERGENCE";"NCM divergente: MGV (90189099) vs Bling (Não preenchido)"
"1690";"BANDEJA PLASTICA";1;0;1;"90189099";"";0.00;1.00;"QTY_DIVERGENCE";"Estoque divergente: MGV (1) vs Bling (0) [Dif: +1] | NCM divergente: MGV (90189099) vs Bling (Não preenchido) | Preço divergente: MGV (R$ 0.00) vs Bling (R$ 1.00)"
"80018303";"BASE APLICADOR AVATAR KLD";1;0;1;"90189099";"";0.00;1.00;"QTY_DIVERGENCE";"Estoque divergente: MGV (1) vs Bling (0) [Dif: +1] | NCM divergente: MGV (90189099) vs Bling (Não preenchido) | Preço divergente: MGV (R$ 0.00) vs Bling (R$ 1.00)"
"137327";"BASE DA BORRACHA EXCENTRICA";48;0;48;"40169300";"";85.00;85.00;"QTY_DIVERGENCE";"Estoque divergente: MGV (48) vs Bling (0) [Dif: +48] | NCM divergente: MGV (40169300) vs Bling (Não preenchido)"
"03025234";"BASE DE ACOPLAMENTO PARA PONTEIRAS MODELLATA                                                        Ns: 0000000063";0;0;0;"90189099";"";34.30;34.30;"FISCAL_DIVERGENCE";"NCM divergente: MGV (90189099) vs Bling (Não preenchido)"
"11078";"BASE DE ENCAIXE DO SUPORTE ACRUS FURADO";3;0;3;"90189099";"";0.00;216.78;"QTY_DIVERGENCE";"Estoque divergente: MGV (3) vs Bling (0) [Dif: +3] | NCM divergente: MGV (90189099) vs Bling (Não preenchido) | Preço divergente: MGV (R$ 0.00) vs Bling (R$ 216.78)"
"3029084";"BASE GABINETE SAFIRA V2.0                                                        NS: 0000000065";6;0;6;"39269090";"";190.00;190.00;"QTY_DIVERGENCE";"Estoque divergente: MGV (6) vs Bling (0) [Dif: +6] | NCM divergente: MGV (39269090) vs Bling (Não preenchido)"
"2123006";"BASE PARA GABINETE DO SUPORTE DE APLICADORES LINHA DIAMOND                       NS: 1553051001";4;0;4;"39269090";"";0.00;23.72;"QTY_DIVERGENCE";"Estoque divergente: MGV (4) vs Bling (0) [Dif: +4] | NCM divergente: MGV (39269090) vs Bling (Não preenchido) | Preço divergente: MGV (R$ 0.00) vs Bling (R$ 23.72)"
"2123007";"BASE PARA SUPORTE DE APLICADORES LINHA DIAMANTE                                  NS: 1553101001";4;0;4;"39269090";"";0.00;23.72;"QTY_DIVERGENCE";"Estoque divergente: MGV (4) vs Bling (0) [Dif: +4] | NCM divergente: MGV (39269090) vs Bling (Não preenchido) | Preço divergente: MGV (R$ 0.00) vs Bling (R$ 23.72)"
"5014171MP2";"BEAUTY STEAM MAXX  NS : 386538";0;0;0;"90189099";"";2232.00;2232.00;"FISCAL_DIVERGENCE";"NCM divergente: MGV (90189099) vs Bling (Não preenchido)"
"25001737";"BICO INOX GAB CRIOFREQUENCIA";4;0;4;"39259090";"";119.90;119.90;"QTY_DIVERGENCE";"Estoque divergente: MGV (4) vs Bling (0) [Dif: +4] | NCM divergente: MGV (39259090) vs Bling (Não preenchido)"
"3688";"BOBINA DE ALTA FREQUENCIA HTM REV.01";7;0;7;"85043199";"";180.00;180.00;"QTY_DIVERGENCE";"Estoque divergente: MGV (7) vs Bling (0) [Dif: +7] | NCM divergente: MGV (85043199) vs Bling (Não preenchido)"
"005070 ";"BOBINA DE ALTA FREQUENCIA HTM REV.02";7;0;7;"85043199";"";0.00;1.00;"QTY_DIVERGENCE";"Estoque divergente: MGV (7) vs Bling (0) [Dif: +7] | NCM divergente: MGV (85043199) vs Bling (Não preenchido) | Preço divergente: MGV (R$ 0.00) vs Bling (R$ 1.00)"
"03024210.";"BOBINA HF 4 FIO P/ DERMOSTEAM  CUSTOMIZADA                                       Ns: 0000000122.";0;0;0;"90189099";"";19.60;19.60;"FISCAL_DIVERGENCE";"NCM divergente: MGV (90189099) vs Bling (Não preenchido)"
"BLING-16683621098";"BOBINA HF 4 FIO P/ DERMOSTEAM  CUSTOMIZADA                                       Ns: 0000000126";0;0;0;"90189099";"";19.60;19.60;"FISCAL_DIVERGENCE";"NCM divergente: MGV (90189099) vs Bling (Não preenchido)"
"03024210";"BOBINA HF 4 FIO P/ DERMOSTEAM CUSTOMIZADA";0;0;0;"90189099";"";28.00;28.00;"FISCAL_DIVERGENCE";"NCM divergente: MGV (90189099) vs Bling (Não preenchido)"
"3024210";"BOBINA HF 4 FIOS P/DERMOSTEAM CUSTOMIZADA";27;0;27;"90189099";"";180.00;180.00;"QTY_DIVERGENCE";"Estoque divergente: MGV (27) vs Bling (0) [Dif: +27] | NCM divergente: MGV (90189099) vs Bling (Não preenchido)"
"3025217";"BOBINA THORK MONTADA";1;0;1;"85045000";"";2200.00;2200.00;"QTY_DIVERGENCE";"Estoque divergente: MGV (1) vs Bling (0) [Dif: +1] | NCM divergente: MGV (85045000) vs Bling (Não preenchido)"
"5263";"BOMBA D AGUA KLD";4;0;4;"28539090";"";600.00;600.00;"QTY_DIVERGENCE";"Estoque divergente: MGV (4) vs Bling (0) [Dif: +4] | NCM divergente: MGV (28539090) vs Bling (Não preenchido)"
"1731823";"BOMBA DAGUA C/VAZAO 3LT/MIN P/RESFR.DO EQUIP.P/SISTEMA A LASER P/DEPILACAO";0;0;0;"84138100";"";2400.00;2400.00;"FISCAL_DIVERGENCE";"NCM divergente: MGV (84138100) vs Bling (Não preenchido)"
"3065009";"BOMBA DE AGUA BRUSHILEES 12VDC";2;0;2;"28539090";"";1500.00;1500.00;"QTY_DIVERGENCE";"Estoque divergente: MGV (2) vs Bling (0) [Dif: +2] | NCM divergente: MGV (28539090) vs Bling (Não preenchido)"
"4310";"BOMBA DE AGUA MP-20RM";0;0;0;"28539090";"";800.00;800.00;"FISCAL_DIVERGENCE";"NCM divergente: MGV (28539090) vs Bling (Não preenchido)"
"009522";"BOMBA DE VACUO 12 VDC";1;0;1;"84141000";"";1790.00;1790.00;"QTY_DIVERGENCE";"Estoque divergente: MGV (1) vs Bling (0) [Dif: +1] | NCM divergente: MGV (84141000) vs Bling (Não preenchido)"
"558";"BOMBA D´AGUA 20 RM";2;0;2;"84138100";"";0.00;1.00;"QTY_DIVERGENCE";"Estoque divergente: MGV (2) vs Bling (0) [Dif: +2] | NCM divergente: MGV (84138100) vs Bling (Não preenchido) | Preço divergente: MGV (R$ 0.00) vs Bling (R$ 1.00)"
"559";"BOMBA D´AGUA MP 24V 55W 20L/MIN";2;0;2;"84138100";"";0.00;1.00;"QTY_DIVERGENCE";"Estoque divergente: MGV (2) vs Bling (0) [Dif: +2] | NCM divergente: MGV (84138100) vs Bling (Não preenchido) | Preço divergente: MGV (R$ 0.00) vs Bling (R$ 1.00)"
"557";"BOMBA D´AGUA MP-30RZ 15/10 L/MIN";1;0;1;"84137080";"";0.00;1.00;"QTY_DIVERGENCE";"Estoque divergente: MGV (1) vs Bling (0) [Dif: +1] | NCM divergente: MGV (84137080) vs Bling (Não preenchido) | Preço divergente: MGV (R$ 0.00) vs Bling (R$ 1.00)"
"11647";"BOMBA HIDRAULICA MINI 12VDC";4;0;4;"84138100";"";350.00;350.00;"QTY_DIVERGENCE";"Estoque divergente: MGV (4) vs Bling (0) [Dif: +4] | NCM divergente: MGV (84138100) vs Bling (Não preenchido)"
"3016005";"BOMBA PISTAO OSCILANTE 12VCC                                                     NS: 0000031824";2;0;2;"84141000";"";0.00;448.50;"QTY_DIVERGENCE";"Estoque divergente: MGV (2) vs Bling (0) [Dif: +2] | NCM divergente: MGV (84141000) vs Bling (Não preenchido) | Preço divergente: MGV (R$ 0.00) vs Bling (R$ 448.50)"
"147327";"BORRACHA EXCENTRICA";47;0;47;"90189099";"";540.00;540.00;"QTY_DIVERGENCE";"Estoque divergente: MGV (47) vs Bling (0) [Dif: +47] | NCM divergente: MGV (90189099) vs Bling (Não preenchido)"
"7921";"BORRACHA INFERIOR DO APLICADOR FLOATING (P.427C)";34;0;34;"90189099";"";45.00;45.00;"QTY_DIVERGENCE";"Estoque divergente: MGV (34) vs Bling (0) [Dif: +34] | NCM divergente: MGV (90189099) vs Bling (Não preenchido)"
"7919";"BORRACHA SUPERIOR DO APLICADOR VIBRIA";5;0;5;"39269090";"";120.00;120.00;"QTY_DIVERGENCE";"Estoque divergente: MGV (5) vs Bling (0) [Dif: +5] | NCM divergente: MGV (39269090) vs Bling (Não preenchido)"
"4595";"BORRACHA VEDACAO APLICADOR SONIC REV.02";4;0;4;"90189099";"";159.00;159.00;"QTY_DIVERGENCE";"Estoque divergente: MGV (4) vs Bling (0) [Dif: +4] | NCM divergente: MGV (90189099) vs Bling (Não preenchido)"
"3029077";"BOTAO EMBORRACHADO DA PROBE                                                      NS: 0000000019";4;0;4;"39269090";"";10.00;10.00;"QTY_DIVERGENCE";"Estoque divergente: MGV (4) vs Bling (0) [Dif: +4] | NCM divergente: MGV (39269090) vs Bling (Não preenchido)"
"7967";"BRACO BEAUTY STEAM R02.";7;0;7;"90189099";"";0.00;1.00;"QTY_DIVERGENCE";"Estoque divergente: MGV (7) vs Bling (0) [Dif: +7] | NCM divergente: MGV (90189099) vs Bling (Não preenchido) | Preço divergente: MGV (R$ 0.00) vs Bling (R$ 1.00)"
"00008";"BRACO DIRECIONADOR DERMOSTEAM                                                    Ns: 0000000132";0;0;0;"90189099";"";116.00;116.00;"FISCAL_DIVERGENCE";"NCM divergente: MGV (90189099) vs Bling (Não preenchido)"
"03025160";"BRACO DIRECIONADOR DERMOSTEAM                                                    Ns: 0000000170";0;0;0;"90189099";"";81.20;81.20;"FISCAL_DIVERGENCE";"NCM divergente: MGV (90189099) vs Bling (Não preenchido)"
"3025348";"BUCHA ALIVIADOR TUBO 7/8""                                                        NS: 0000000035";2;0;2;"39269090";"";0.00;42.15;"QTY_DIVERGENCE";"Estoque divergente: MGV (2) vs Bling (0) [Dif: +2] | NCM divergente: MGV (39269090) vs Bling (Não preenchido) | Preço divergente: MGV (R$ 0.00) vs Bling (R$ 42.15)"
"3038520";"BUCHA APLICADOR VEGA                                                             NS: 0000000013";1;0;1;"39172900";"";0.00;22.68;"QTY_DIVERGENCE";"Estoque divergente: MGV (1) vs Bling (0) [Dif: +1] | NCM divergente: MGV (39172900) vs Bling (Não preenchido) | Preço divergente: MGV (R$ 0.00) vs Bling (R$ 22.68)"
"3025347";"BUCHA TRAVA PARA TUBO KEL-C 7/8""                                                 NS: 0000000035";2;0;2;"39269090";"";0.00;36.89;"QTY_DIVERGENCE";"Estoque divergente: MGV (2) vs Bling (0) [Dif: +2] | NCM divergente: MGV (39269090) vs Bling (Não preenchido) | Preço divergente: MGV (R$ 0.00) vs Bling (R$ 36.89)"
"2703";"BUCHA USINADA ILUMINACAO MANOPLA PLASMA R03";4;0;4;"39269090";"";0.00;110.69;"QTY_DIVERGENCE";"Estoque divergente: MGV (4) vs Bling (0) [Dif: +4] | NCM divergente: MGV (39269090) vs Bling (Não preenchido) | Preço divergente: MGV (R$ 0.00) vs Bling (R$ 110.69)"
"1992";"CABECOTE CONICO US 54 MM";2;0;2;"39269090";"";0.00;98.78;"QTY_DIVERGENCE";"Estoque divergente: MGV (2) vs Bling (0) [Dif: +2] | NCM divergente: MGV (39269090) vs Bling (Não preenchido) | Preço divergente: MGV (R$ 0.00) vs Bling (R$ 98.78)"
"2110322";"CABECOTE DE SILICONE 8CM2";0;0;0;"90189099";"";290.00;290.00;"FISCAL_DIVERGENCE";"NCM divergente: MGV (90189099) vs Bling (Não preenchido)"
"02110322";"CABECOTE DE SILICONE 8CM2                                                    Ns: AUTO038265";0;0;0;"90189099";"";155.20;155.20;"FISCAL_DIVERGENCE";"NCM divergente: MGV (90189099) vs Bling (Não preenchido)"
"393";"CABECOTE DE SILICONE 8CM2 IMPORTADO                                              NS: AUTO044881";5;0;5;"90330000";"";0.00;255.50;"QTY_DIVERGENCE";"Estoque divergente: MGV (5) vs Bling (0) [Dif: +5] | NCM divergente: MGV (90330000) vs Bling (Não preenchido) | Preço divergente: MGV (R$ 0.00) vs Bling (R$ 255.50)"
"02049095";"CABECOTE DE SILICONE C/ NTC - 10CM2";0;0;0;"90189099";"";650.00;650.00;"FISCAL_DIVERGENCE";"NCM divergente: MGV (90189099) vs Bling (Não preenchido)"
"2049240";"CABECOTE SILICONE 21W";1;0;1;"90189099";"";380.00;380.00;"QTY_DIVERGENCE";"Estoque divergente: MGV (1) vs Bling (0) [Dif: +1] | NCM divergente: MGV (90189099) vs Bling (Não preenchido)"
"5075";"CABECOTE SONIC COMPACT REV.03 BRANCO";3;0;3;"90189099";"";0.00;1.00;"QTY_DIVERGENCE";"Estoque divergente: MGV (3) vs Bling (0) [Dif: +3] | NCM divergente: MGV (90189099) vs Bling (Não preenchido) | Preço divergente: MGV (R$ 0.00) vs Bling (R$ 1.00)"
"2049048";"CABEÇOTE DE SILICONE COM NTC 7W";7;0;7;"85334090";"";389.50;389.50;"QTY_DIVERGENCE";"Estoque divergente: MGV (7) vs Bling (0) [Dif: +7] | NCM divergente: MGV (85334090) vs Bling (Não preenchido)"
"1492071";"CABO 0,50MMX1,80M P10";0;0;0;"85444200";"";0.00;54.12;"FISCAL_DIVERGENCE";"NCM divergente: MGV (85444200) vs Bling (Não preenchido) | Preço divergente: MGV (R$ 0.00) vs Bling (R$ 54.12)"
"3049007";"CABO 09 P/ NEURO II (AZUL /VERDE 2 VIAS CADA) - INJETADO                         NS: 0000000148";1;0;1;"85444200";"";95.00;95.00;"QTY_DIVERGENCE";"Estoque divergente: MGV (1) vs Bling (0) [Dif: +1] | NCM divergente: MGV (85444200) vs Bling (Não preenchido)"
"3049027";"CABO 103 LARANJA 2 VIAS P/ ESTHETIC AUSSIE INJETADO                              NS: 0000000048";0;0;0;"85444200";"";95.00;95.00;"FISCAL_DIVERGENCE";"NCM divergente: MGV (85444200) vs Bling (Não preenchido)"
"3049028";"CABO 104 PRETO 2 VIAS P/ ESTHETIC AUSSIE INJETADO                                NS: 0000000047";1;0;1;"85444200";"";95.00;95.00;"QTY_DIVERGENCE";"Estoque divergente: MGV (1) vs Bling (0) [Dif: +1] | NCM divergente: MGV (85444200) vs Bling (Não preenchido)"
"3049029";"CABO 105 AZUL 2 VIAS P/ ESTHETIC AUSSIE INJETADO                                 NS: 0000000049";1;0;1;"85444200";"";95.00;95.00;"QTY_DIVERGENCE";"Estoque divergente: MGV (1) vs Bling (0) [Dif: +1] | NCM divergente: MGV (85444200) vs Bling (Não preenchido)"
"3049030";"CABO 106 VERDE 2 VIAS P/ ESTHETIC AUSSIE INJETADO                                NS: 0000000047";1;0;1;"85444200";"";95.00;95.00;"QTY_DIVERGENCE";"Estoque divergente: MGV (1) vs Bling (0) [Dif: +1] | NCM divergente: MGV (85444200) vs Bling (Não preenchido)"
"3049082";"CABO 128 ( AZ/VD 4VIAS) P/ ELETROESTIMULACAO INJETADO                            NS: 0000000017";1;0;1;"85444200";"";0.00;91.80;"QTY_DIVERGENCE";"Estoque divergente: MGV (1) vs Bling (0) [Dif: +1] | NCM divergente: MGV (85444200) vs Bling (Não preenchido) | Preço divergente: MGV (R$ 0.00) vs Bling (R$ 91.80)"
"3049083";"CABO 129 (PT/LR 4 VIAS) P/ ELETROESTIMULACAO INJETADO                            NS: 0000000015";1;0;1;"85444200";"";0.00;91.82;"QTY_DIVERGENCE";"Estoque divergente: MGV (1) vs Bling (0) [Dif: +1] | NCM divergente: MGV (85444200) vs Bling (Não preenchido) | Preço divergente: MGV (R$ 0.00) vs Bling (R$ 91.82)"
"3049006";"CABO 38 ELETROESTIMULACAO (PRETO/LARANJA 2 VIAS CADA) - INJETADO                 NS: 0000000178";3;0;3;"85444200";"";95.00;95.00;"QTY_DIVERGENCE";"Estoque divergente: MGV (3) vs Bling (0) [Dif: +3] | NCM divergente: MGV (85444200) vs Bling (Não preenchido)"
"03049006";"CABO 38 ELETROESTIMULACAO (PRETO/LARANJA 2 VIAS CADA) - INJETADO                 Ns: 0000000210";0;0;0;"85444200";"";28.91;28.91;"FISCAL_DIVERGENCE";"NCM divergente: MGV (85444200) vs Bling (Não preenchido)"
"3049010";"CABO 72 (PT/LR 4 VIAS) P/ 10 CH AUSSIE/RUSSA INJETADO                            Ns: 0000000051";2;0;2;"85444200";"";95.00;95.00;"QTY_DIVERGENCE";"Estoque divergente: MGV (2) vs Bling (0) [Dif: +2] | NCM divergente: MGV (85444200) vs Bling (Não preenchido)"
"3049011";"CABO 73( AZ/VD 4VIAS) P/ 10 CH AUSSIE/RUSSA INJETADO                             NS: 0000000048";4;0;4;"85444200";"";95.00;95.00;"QTY_DIVERGENCE";"Estoque divergente: MGV (4) vs Bling (0) [Dif: +4] | NCM divergente: MGV (85444200) vs Bling (Não preenchido)"
"3049012";"CABO 74 (CZ/RS 4 VIAS) P/ 10 CH AUSSIE/RUSSA INJETADO                            NS: 0000000044";4;0;4;"85444200";"";95.00;95.00;"QTY_DIVERGENCE";"Estoque divergente: MGV (4) vs Bling (0) [Dif: +4] | NCM divergente: MGV (85444200) vs Bling (Não preenchido)"
"3049013";"CABO 75 (BR/AM 4 VIAS) P/ 10 CH AUSSIE/RUSSA INJETADO                            NS: 0000000050";2;0;2;"85444200";"";95.00;95.00;"QTY_DIVERGENCE";"Estoque divergente: MGV (2) vs Bling (0) [Dif: +2] | NCM divergente: MGV (85444200) vs Bling (Não preenchido)"
"3049014";"CABO 76 (MA/RX 4 VIAS) P/ 10 CH AUSSIE/RUSSA INJETADO                            Ns: 0000000022";8;0;8;"85444200";"";0.00;70.53;"QTY_DIVERGENCE";"Estoque divergente: MGV (8) vs Bling (0) [Dif: +8] | NCM divergente: MGV (85444200) vs Bling (Não preenchido) | Preço divergente: MGV (R$ 0.00) vs Bling (R$ 70.53)"
"3049036";"CABO 83 LARANJA 2 VIAS P/ NEURODYN INJETADO                                      NS: 0000000045";2;0;2;"85444200";"";95.00;95.00;"QTY_DIVERGENCE";"Estoque divergente: MGV (2) vs Bling (0) [Dif: +2] | NCM divergente: MGV (85444200) vs Bling (Não preenchido)"
"3049037";"CABO 84 PRETO 2 VIAS P/ NEURODYN INJETADO                                        NS: 0000000037";1;0;1;"85444200";"";95.00;95.00;"QTY_DIVERGENCE";"Estoque divergente: MGV (1) vs Bling (0) [Dif: +1] | NCM divergente: MGV (85444200) vs Bling (Não preenchido)"
"3049038";"CABO 85 AZUL 2 VIAS P/ NEURODYN INJETADO                                         NS: 0000000040";5;0;5;"85444200";"";0.00;52.59;"QTY_DIVERGENCE";"Estoque divergente: MGV (5) vs Bling (0) [Dif: +5] | NCM divergente: MGV (85444200) vs Bling (Não preenchido) | Preço divergente: MGV (R$ 0.00) vs Bling (R$ 52.59)"
"3049039";"CABO 86 VERDE 2 VIAS P/ NEURODYN INJETADO                                        NS: 0000000035";5;0;5;"85444200";"";0.00;52.59;"QTY_DIVERGENCE";"Estoque divergente: MGV (5) vs Bling (0) [Dif: +5] | NCM divergente: MGV (85444200) vs Bling (Não preenchido) | Preço divergente: MGV (R$ 0.00) vs Bling (R$ 52.59)"
"10437";"CABO APLICADOR ACRUS TRIPLE WAVE";2;0;2;"85444900";"";0.00;1098.53;"QTY_DIVERGENCE";"Estoque divergente: MGV (2) vs Bling (0) [Dif: +2] | NCM divergente: MGV (85444900) vs Bling (Não preenchido) | Preço divergente: MGV (R$ 0.00) vs Bling (R$ 1098.53)"
"03073252";"CABO APLICADOR CORPORAL RADIOFREQUENCIA + VACUO - MONTADO";0;0;0;"85444200";"";176.87;176.87;"FISCAL_DIVERGENCE";"NCM divergente: MGV (85444200) vs Bling (Não preenchido)"
"3073252";"CABO APLICADOR CORPORAL RADIOFREQUENCIA + VACUO - MONTADO                        NS: 0000000034";5;0;5;"90330000";"";0.00;289.74;"QTY_DIVERGENCE";"Estoque divergente: MGV (5) vs Bling (0) [Dif: +5] | NCM divergente: MGV (90330000) vs Bling (Não preenchido) | Preço divergente: MGV (R$ 0.00) vs Bling (R$ 289.74)"
"03073252.";"CABO APLICADOR CORPORAL RADIOFREQUENCIA + VACUO - MONTADO                        Ns: 0000000033";0;0;0;"85444200";"";123.20;123.20;"FISCAL_DIVERGENCE";"NCM divergente: MGV (85444200) vs Bling (Não preenchido)"
"03073250";"CABO APLICADOR CRYOTECAR RESISTIVO/CAPACITIVO - MONTADO                          Ns: 0000005111";0;0;0;"85444200";"";23.40;23.40;"FISCAL_DIVERGENCE";"NCM divergente: MGV (85444200) vs Bling (Não preenchido)"
"3073251";"CABO APLICADOR FACIAL RADIOFREQUENCIA + VACUO - MONTADO                          NS: 0000000026";5;0;5;"90330000";"";0.00;289.74;"QTY_DIVERGENCE";"Estoque divergente: MGV (5) vs Bling (0) [Dif: +5] | NCM divergente: MGV (90330000) vs Bling (Não preenchido) | Preço divergente: MGV (R$ 0.00) vs Bling (R$ 289.74)"
"03073251.";"CABO APLICADOR FACIAL RADIOFREQUENCIA + VACUO - MONTADO                          Ns: 0000000025";0;0;0;"85444200";"";123.20;123.20;"FISCAL_DIVERGENCE";"NCM divergente: MGV (85444200) vs Bling (Não preenchido)"
"03049123";"CABO APLICADOR HECCUS GRANDES AREAS                                                      Ns: 1429341001";0;0;0;"85444200";"";94.40;94.40;"FISCAL_DIVERGENCE";"NCM divergente: MGV (85444200) vs Bling (Não preenchido)"
"2110457";"CABO APLICADOR HECCUS GRANDES AREAS                                              NS: 1507811001";1;0;1;"85444200";"";0.00;161.21;"QTY_DIVERGENCE";"Estoque divergente: MGV (1) vs Bling (0) [Dif: +1] | NCM divergente: MGV (85444200) vs Bling (Não preenchido) | Preço divergente: MGV (R$ 0.00) vs Bling (R$ 161.21)"
"2039781";"CABO APLICADOR HECCUS TURBO";2;0;2;"85444200";"";0.00;1.00;"QTY_DIVERGENCE";"Estoque divergente: MGV (2) vs Bling (0) [Dif: +2] | NCM divergente: MGV (85444200) vs Bling (Não preenchido) | Preço divergente: MGV (R$ 0.00) vs Bling (R$ 1.00)"
"2039787";"CABO APLICADOR SONOFOCUS ANTIGO";0;0;0;"85444200";"";470.00;470.00;"FISCAL_DIVERGENCE";"NCM divergente: MGV (85444200) vs Bling (Não preenchido)"
"2110730";"CABO APLICADOR SONOFOCUS CORPORAL";1;0;1;"90189099";"";0.00;1.00;"QTY_DIVERGENCE";"Estoque divergente: MGV (1) vs Bling (0) [Dif: +1] | NCM divergente: MGV (90189099) vs Bling (Não preenchido) | Preço divergente: MGV (R$ 0.00) vs Bling (R$ 1.00)"
"02110730";"CABO APLICADOR SONOFOCUS CORPORAL Ns: 1529351001";0;0;0;"85444200";"";67.76;67.76;"FISCAL_DIVERGENCE";"NCM divergente: MGV (85444200) vs Bling (Não preenchido)"
"3073238";"CABO APLICADOR THORK SAFIRA FDA - MONTADO                                        NS: 0000000039";0;0;0;"85444200";"";0.00;258.20;"FISCAL_DIVERGENCE";"NCM divergente: MGV (85444200) vs Bling (Não preenchido) | Preço divergente: MGV (R$ 0.00) vs Bling (R$ 258.20)"
"02110189";"CABO APLICADOR VEGA - PREPARADO";0;0;0;"85444200";"";176.00;176.00;"FISCAL_DIVERGENCE";"NCM divergente: MGV (85444200) vs Bling (Não preenchido)"
"2110189";"CABO APLICADOR VEGA - PREPARADO                                                  NS: 1492191001";5;0;5;"85444900";"";930.00;930.00;"QTY_DIVERGENCE";"Estoque divergente: MGV (5) vs Bling (0) [Dif: +5] | NCM divergente: MGV (85444900) vs Bling (Não preenchido)"
"25001429";"CABO AVATAR";2;0;2;"85444200";"";0.00;1.00;"QTY_DIVERGENCE";"Estoque divergente: MGV (2) vs Bling (0) [Dif: +2] | NCM divergente: MGV (85444200) vs Bling (Não preenchido) | Preço divergente: MGV (R$ 0.00) vs Bling (R$ 1.00)"
"177";"CABO CABEÇOTE ULTRASSOM";0;0;0;"85444200";"";220.00;220.00;"FISCAL_DIVERGENCE";"NCM divergente: MGV (85444200) vs Bling (Não preenchido)"
"13511";"CABO CANETA AURIUS PLASMA COM PLUG INJETADO";1;0;1;"85444200";"";479.00;479.00;"QTY_DIVERGENCE";"Estoque divergente: MGV (1) vs Bling (0) [Dif: +1] | NCM divergente: MGV (85444200) vs Bling (Não preenchido)"
"7566";"CABO COM PLUG INJETADO HTM P/ MASCARA FACE E PESCOÇO R01";0;0;0;"85444200";"";470.00;203.00;"FISCAL_DIVERGENCE";"NCM divergente: MGV (85444200) vs Bling (Não preenchido) | Preço divergente: MGV (R$ 470.00) vs Bling (R$ 203.00)"
"7568";"CABO COM PLUG INJETADO HTM P/ MASCARA LED FACIAL R01";1;0;1;"85444200";"";87.00;87.00;"QTY_DIVERGENCE";"Estoque divergente: MGV (1) vs Bling (0) [Dif: +1] | NCM divergente: MGV (85444200) vs Bling (Não preenchido)"
"3049122";"CABO CONECTOR INTERLOCK";0;0;0;"85444200";"";17.90;17.90;"FISCAL_DIVERGENCE";"NCM divergente: MGV (85444200) vs Bling (Não preenchido)"
"362";"CABO CONECTOR INTERLOCK                                                          NS: 0000000057";3;0;3;"85444200";"";0.00;9.56;"QTY_DIVERGENCE";"Estoque divergente: MGV (3) vs Bling (0) [Dif: +3] | NCM divergente: MGV (85444200) vs Bling (Não preenchido) | Preço divergente: MGV (R$ 0.00) vs Bling (R$ 9.56)"
"13642";"CABO DE ACESSORIO PRE-MONTADO";2;0;2;"85444200";"";0.00;165.38;"QTY_DIVERGENCE";"Estoque divergente: MGV (2) vs Bling (0) [Dif: +2] | NCM divergente: MGV (85444200) vs Bling (Não preenchido) | Preço divergente: MGV (R$ 0.00) vs Bling (R$ 165.38)"
"591";"CABO DE FORÇA BIPOLAR 2 PINOS";8;0;8;"85444200";"";0.00;1.00;"QTY_DIVERGENCE";"Estoque divergente: MGV (8) vs Bling (0) [Dif: +8] | NCM divergente: MGV (85444200) vs Bling (Não preenchido) | Preço divergente: MGV (R$ 0.00) vs Bling (R$ 1.00)"
"590";"CABO DE FORÇA TRIPOLAR - MICKEY";2;0;2;"85444200";"";0.00;1.00;"QTY_DIVERGENCE";"Estoque divergente: MGV (2) vs Bling (0) [Dif: +2] | NCM divergente: MGV (85444200) vs Bling (Não preenchido) | Preço divergente: MGV (R$ 0.00) vs Bling (R$ 1.00)"
"153685";"CABO DE FORÇA TRIPOLAR MACHO E FEMEA";3;0;3;"85444200";"";45.00;45.00;"QTY_DIVERGENCE";"Estoque divergente: MGV (3) vs Bling (0) [Dif: +3] | NCM divergente: MGV (85444200) vs Bling (Não preenchido)"
"4042202";"CABO DE ULTRASSOM E DE CRIOLIPOLISE";199;0;199;"85444200";"";35.00;35.00;"QTY_DIVERGENCE";"Estoque divergente: MGV (199) vs Bling (0) [Dif: +199] | NCM divergente: MGV (85444200) vs Bling (Não preenchido)"
"9170";"CABO DISPERSIVO EMB. 1UN.";3;0;3;"90189099";"";179.90;179.90;"QTY_DIVERGENCE";"Estoque divergente: MGV (3) vs Bling (0) [Dif: +3] | NCM divergente: MGV (90189099) vs Bling (Não preenchido)"
"3049102";"CABO DISPERSIVO FIO UNICO CINZA-PINO PRETO";2;0;2;"85444200";"";110.00;110.00;"QTY_DIVERGENCE";"Estoque divergente: MGV (2) vs Bling (0) [Dif: +2] | NCM divergente: MGV (85444200) vs Bling (Não preenchido)"
"25001911";"CABO DISPERSIVO HERTIX 2018";1;0;1;"85444900";"";159.90;159.90;"QTY_DIVERGENCE";"Estoque divergente: MGV (1) vs Bling (0) [Dif: +1] | NCM divergente: MGV (85444900) vs Bling (Não preenchido)"
"3049123";"CABO DO APLICADOR - FAMILIA ULTRASSOM/SONOPULSE - MONTADO";0;0;0;"85444200";"";220.00;220.00;"FISCAL_DIVERGENCE";"NCM divergente: MGV (85444200) vs Bling (Não preenchido)"
"0304912.3";"CABO DO APLICADOR - FAMILIA ULTRASSOM/SONOPULSE - MONTADO                        Ns: 0000000105";0;0;0;"85444200";"";31.36;31.36;"FISCAL_DIVERGENCE";"NCM divergente: MGV (85444200) vs Bling (Não preenchido)"
"BLING-16683621109";"CABO DO APLICADOR - FAMILIA ULTRASSOM/SONOPULSE - MONTADO                        Ns: 0000000109";0;0;0;"85444200";"";31.36;31.36;"FISCAL_DIVERGENCE";"NCM divergente: MGV (85444200) vs Bling (Não preenchido)"
"02110457";"CABO DO APLICADOR - FAMILIA ULTRASSOM/SONOPULSE - MONTADO                     Ns: 0000000094";0;0;0;"85444200";"";44.80;44.80;"FISCAL_DIVERGENCE";"NCM divergente: MGV (85444200) vs Bling (Não preenchido)"
"03049114";"CABO DO APLICADOR DE ULTRASSOM FAMILIA SONOPULSE   Ns: 0000000008";0;0;0;"85444200";"";23.52;23.52;"FISCAL_DIVERGENCE";"NCM divergente: MGV (85444200) vs Bling (Não preenchido)"
"2039911";"CABO DO CABECOTE HECCUS TURBO - VENDAS                                           NS: AUTO037730";16;0;16;"85444200";"";470.00;470.00;"QTY_DIVERGENCE";"Estoque divergente: MGV (16) vs Bling (0) [Dif: +16] | NCM divergente: MGV (85444200) vs Bling (Não preenchido)"
"03049095";"CABO ELETROESTIMULACAO DUPLO BRANCO -PINO  VERMELHO E PINO PRETO";0;0;0;"85444200";"";29.40;29.40;"FISCAL_DIVERGENCE";"NCM divergente: MGV (85444200) vs Bling (Não preenchido)"
"3049095";"CABO ELETROESTIMULACAO DUPLO BRANCO -PINO VERMELHO E PINO PRETO                  NS: 0000000104";0;0;0;"85444200";"";90.00;90.00;"FISCAL_DIVERGENCE";"NCM divergente: MGV (85444200) vs Bling (Não preenchido)"
"CFOP5949";"CABO ELETROESTIMULACAO DUPLO BRANCO -PINO VERMELHO E PINO PRETO                  Ns: 0000000061";0;0;0;"85444200";"";29.40;29.40;"FISCAL_DIVERGENCE";"NCM divergente: MGV (85444200) vs Bling (Não preenchido)"
"03017105";"CABO FLAT 24 VIAS - METRO                                                        Ns: 0000000005";0;0;0;"85444200";"";30.40;30.40;"FISCAL_DIVERGENCE";"NCM divergente: MGV (85444200) vs Bling (Não preenchido)"
"2049096";"CABO HECCUS - ANTIGO";1;0;1;"90189099";"";480.00;480.00;"QTY_DIVERGENCE";"Estoque divergente: MGV (1) vs Bling (0) [Dif: +1] | NCM divergente: MGV (90189099) vs Bling (Não preenchido)"
"789309559336";"CABO HIGH DEFINITION MULTIMEDIA";3;0;3;"85444200";"";0.00;1.00;"QTY_DIVERGENCE";"Estoque divergente: MGV (3) vs Bling (0) [Dif: +3] | NCM divergente: MGV (85444200) vs Bling (Não preenchido) | Preço divergente: MGV (R$ 0.00) vs Bling (R$ 1.00)"
"7388";"CABO MANGA COM PLUG INJETADO HTM CANETA LASER";8;0;8;"85444200";"";289.00;289.00;"QTY_DIVERGENCE";"Estoque divergente: MGV (8) vs Bling (0) [Dif: +8] | NCM divergente: MGV (85444200) vs Bling (Não preenchido)"
"7543";"CABO MANGA COM PLUG INJETADO HTM CANETA LASER 904";5;0;5;"85444200";"";289.00;289.00;"QTY_DIVERGENCE";"Estoque divergente: MGV (5) vs Bling (0) [Dif: +5] | NCM divergente: MGV (85444200) vs Bling (Não preenchido)"
"6747";"CABO MANGA COM PLUG INJETADO HTM P/ CLUSTER LED";5;0;5;"90189099";"";470.00;470.00;"QTY_DIVERGENCE";"Estoque divergente: MGV (5) vs Bling (0) [Dif: +5] | NCM divergente: MGV (90189099) vs Bling (Não preenchido)"
"8366";"CABO MANGA COM PLUG INJETADO HTM P/ CLUSTER LED";13;0;13;"85444200";"";291.90;291.90;"QTY_DIVERGENCE";"Estoque divergente: MGV (13) vs Bling (0) [Dif: +13] | NCM divergente: MGV (85444200) vs Bling (Não preenchido)"
"6599";"CABO MANGA COM PLUG INJETADO HTM REV.01";12;0;12;"85444200";"";291.90;291.90;"QTY_DIVERGENCE";"Estoque divergente: MGV (12) vs Bling (0) [Dif: +12] | NCM divergente: MGV (85444200) vs Bling (Não preenchido)"
"270";"CABO MANGA COM PLUG INJETADO P/ CLUSTER LED COMB. VET";1;0;1;"90189099";"";470.00;470.00;"QTY_DIVERGENCE";"Estoque divergente: MGV (1) vs Bling (0) [Dif: +1] | NCM divergente: MGV (90189099) vs Bling (Não preenchido)"
"7567";"CABO MANGA COM PLUG INJETADO PARA APLICADOR INTIMO";1;0;1;"90189099";"";470.00;470.00;"QTY_DIVERGENCE";"Estoque divergente: MGV (1) vs Bling (0) [Dif: +1] | NCM divergente: MGV (90189099) vs Bling (Não preenchido)"
"12866";"CABO MANGA COM PLUG INJETADO/LED COMBINADO PREPARADO";4;0;4;"90189099";"";470.00;470.00;"QTY_DIVERGENCE";"Estoque divergente: MGV (4) vs Bling (0) [Dif: +4] | NCM divergente: MGV (90189099) vs Bling (Não preenchido)"
"268";"CABO MANGA COM PLUGUE INJETADO CANETA LASER 904 VET";4;0;4;"90189099";"";470.00;470.00;"QTY_DIVERGENCE";"Estoque divergente: MGV (4) vs Bling (0) [Dif: +4] | NCM divergente: MGV (90189099) vs Bling (Não preenchido)"
"269";"CABO MANGA COM PLUGUE INJETADO HTM CANETA LASER VET";2;0;2;"90189099";"";470.00;470.00;"QTY_DIVERGENCE";"Estoque divergente: MGV (2) vs Bling (0) [Dif: +2] | NCM divergente: MGV (90189099) vs Bling (Não preenchido)"
"2071793";"CABO MANGUEIRA APLICADOR THORK METAL";5;0;5;"90189099";"";651.50;651.50;"QTY_DIVERGENCE";"Estoque divergente: MGV (5) vs Bling (0) [Dif: +5] | NCM divergente: MGV (90189099) vs Bling (Não preenchido)"
"398";"CABO MANOPLA";0;0;0;"85444200";"";470.00;470.00;"FISCAL_DIVERGENCE";"NCM divergente: MGV (85444200) vs Bling (Não preenchido)"
"1437534";"CABO MANOPLA 6 VIAS COLD";4;0;4;"85444900";"";0.00;239.73;"QTY_DIVERGENCE";"Estoque divergente: MGV (4) vs Bling (0) [Dif: +4] | NCM divergente: MGV (85444900) vs Bling (Não preenchido) | Preço divergente: MGV (R$ 0.00) vs Bling (R$ 239.73)"
"2301";"CABO MANOPLA C PRENSACABO INJETADO NIOO R01";3;0;3;"85444200";"";0.00;83.40;"QTY_DIVERGENCE";"Estoque divergente: MGV (3) vs Bling (0) [Dif: +3] | NCM divergente: MGV (85444200) vs Bling (Não preenchido) | Preço divergente: MGV (R$ 0.00) vs Bling (R$ 83.40)"
"303";"CABO MANOPLA D6,5 X C2165MM DUPLO R03";11;0;11;"85444200";"";470.00;470.00;"QTY_DIVERGENCE";"Estoque divergente: MGV (11) vs Bling (0) [Dif: +11] | NCM divergente: MGV (85444200) vs Bling (Não preenchido)"
"11400";"CABO MANOPLA LUMMER/OXYLUMEN";1;0;1;"85444200";"";250.00;250.00;"QTY_DIVERGENCE";"Estoque divergente: MGV (1) vs Bling (0) [Dif: +1] | NCM divergente: MGV (85444200) vs Bling (Não preenchido)"
"03017004";"CABO MICROFONE 1 X 0,14MM                                                        Ns: 0000000123";0;0;0;"85444200";"";5.04;5.04;"FISCAL_DIVERGENCE";"NCM divergente: MGV (85444200) vs Bling (Não preenchido)"
"00002";"CABO MICROFONE 4 X 0,30MM CINZA ESP HTM";0;0;0;"85444200";"";14.87;14.87;"FISCAL_DIVERGENCE";"NCM divergente: MGV (85444200) vs Bling (Não preenchido)"
"8627";"CABO MICROFONE APLICADOR FACIAL RF";3;0;3;"85444200";"";630.00;630.00;"QTY_DIVERGENCE";"Estoque divergente: MGV (3) vs Bling (0) [Dif: +3] | NCM divergente: MGV (85444200) vs Bling (Não preenchido)"
"10082";"CABO MICROFONE APLICADOR FACIAL ULTRAFOCUS";7;0;7;"85444200";"";470.00;470.00;"QTY_DIVERGENCE";"Estoque divergente: MGV (7) vs Bling (0) [Dif: +7] | NCM divergente: MGV (85444200) vs Bling (Não preenchido)"
"7200";"CABO MICROFONE COM PLUG INJETADO HTM P/ SONIC COMPACT";6;0;6;"85444200";"";470.00;470.00;"QTY_DIVERGENCE";"Estoque divergente: MGV (6) vs Bling (0) [Dif: +6] | NCM divergente: MGV (85444200) vs Bling (Não preenchido)"
"25001899";"CABO MONTADO KAVYS TUS1901";4;0;4;"85444200";"";470.00;470.00;"QTY_DIVERGENCE";"Estoque divergente: MGV (4) vs Bling (0) [Dif: +4] | NCM divergente: MGV (85444200) vs Bling (Não preenchido)"
"10083";"CABO MULTIVIAS APLICADOR CORPORAL ULTRAFOCUS";3;0;3;"85444200";"";0.00;274.46;"QTY_DIVERGENCE";"Estoque divergente: MGV (3) vs Bling (0) [Dif: +3] | NCM divergente: MGV (85444200) vs Bling (Não preenchido) | Preço divergente: MGV (R$ 0.00) vs Bling (R$ 274.46)"
"8796";"CABO MULTIVIAS APLICADOR VIBRIA MAXX_HIBRIDI";7;0;7;"85444200";"";470.00;470.00;"QTY_DIVERGENCE";"Estoque divergente: MGV (7) vs Bling (0) [Dif: +7] | NCM divergente: MGV (85444200) vs Bling (Não preenchido)"
"9933";"CABO PARA APLICADOR VACUO + LED COM PLUG INJETADO";2;0;2;"90189099";"";0.00;348.09;"QTY_DIVERGENCE";"Estoque divergente: MGV (2) vs Bling (0) [Dif: +2] | NCM divergente: MGV (90189099) vs Bling (Não preenchido) | Preço divergente: MGV (R$ 0.00) vs Bling (R$ 348.09)"
"6717";"CABO PARA CORRENTE BIFASICA AZUL E LARANJA R02 EMB. 1UN.";1;0;1;"85444900";"";0.00;104.57;"QTY_DIVERGENCE";"Estoque divergente: MGV (1) vs Bling (0) [Dif: +1] | NCM divergente: MGV (85444900) vs Bling (Não preenchido) | Preço divergente: MGV (R$ 0.00) vs Bling (R$ 104.57)"
"3576";"CABO PARA CORRENTE BIFASICA AZUL VIBRIA EMB. 1UN.";5;0;5;"85444900";"";0.00;45.00;"QTY_DIVERGENCE";"Estoque divergente: MGV (5) vs Bling (0) [Dif: +5] | NCM divergente: MGV (85444900) vs Bling (Não preenchido) | Preço divergente: MGV (R$ 0.00) vs Bling (R$ 45.00)"
"3577";"CABO PARA CORRENTE BIFASICA CINZA VIBRIA EMB. 1UN.";5;0;5;"85444900";"";0.00;45.00;"QTY_DIVERGENCE";"Estoque divergente: MGV (5) vs Bling (0) [Dif: +5] | NCM divergente: MGV (85444900) vs Bling (Não preenchido) | Preço divergente: MGV (R$ 0.00) vs Bling (R$ 45.00)"
"6719";"CABO PARA CORRENTE BIFASICA LARANJA E CINZA R02 EMB. 1UN.";2;0;2;"85444900";"";135.90;135.90;"QTY_DIVERGENCE";"Estoque divergente: MGV (2) vs Bling (0) [Dif: +2] | NCM divergente: MGV (85444900) vs Bling (Não preenchido)"
"3578";"CABO PARA CORRENTE BIFASICA LARANJA VIBRIA EMB. 1UN.";4;0;4;"85444900";"";0.00;45.00;"QTY_DIVERGENCE";"Estoque divergente: MGV (4) vs Bling (0) [Dif: +4] | NCM divergente: MGV (85444900) vs Bling (Não preenchido) | Preço divergente: MGV (R$ 0.00) vs Bling (R$ 45.00)"
"6721";"CABO PARA CORRENTE BIFASICA VERDE E AZUL R02 EMB. 1UN.";3;0;3;"85444900";"";0.00;104.58;"QTY_DIVERGENCE";"Estoque divergente: MGV (3) vs Bling (0) [Dif: +3] | NCM divergente: MGV (85444900) vs Bling (Não preenchido) | Preço divergente: MGV (R$ 0.00) vs Bling (R$ 104.58)"
"6198";"CABO PARA CORRENTE BIFASICA VERDE E AZUL REV.02";2;0;2;"85444200";"";119.90;119.90;"QTY_DIVERGENCE";"Estoque divergente: MGV (2) vs Bling (0) [Dif: +2] | NCM divergente: MGV (85444200) vs Bling (Não preenchido)"
"3579";"CABO PARA CORRENTE BIFASICA VERDE VIBRIA EMB. 1UN.";5;0;5;"85444900";"";0.00;45.00;"QTY_DIVERGENCE";"Estoque divergente: MGV (5) vs Bling (0) [Dif: +5] | NCM divergente: MGV (85444900) vs Bling (Não preenchido) | Preço divergente: MGV (R$ 0.00) vs Bling (R$ 45.00)"
"3017011";"CABO PONTA DE PROVA EXTRA-FLEXIVEL 0,30MM2 - PRETO                               Ns: 0000000030";1;0;1;"85369040";"";0.00;4.08;"QTY_DIVERGENCE";"Estoque divergente: MGV (1) vs Bling (0) [Dif: +1] | NCM divergente: MGV (85369040) vs Bling (Não preenchido) | Preço divergente: MGV (R$ 0.00) vs Bling (R$ 4.08)"
"3017007";"CABO PP FEMEA I.E.C. 3 X 0.75 X 1500MM";2;0;2;"85444200";"";55.00;55.00;"QTY_DIVERGENCE";"Estoque divergente: MGV (2) vs Bling (0) [Dif: +2] | NCM divergente: MGV (85444200) vs Bling (Não preenchido)"
"3017006";"CABO PP FEMEA IEC - 2 X 0.75 X 1500MM";0;0;0;"85444200";"";45.00;45.00;"FISCAL_DIVERGENCE";"NCM divergente: MGV (85444200) vs Bling (Não preenchido)"
"25001419";"CABO RADIOFREQUENCIA HERTIX";1;0;1;"85444200";"";470.00;470.00;"QTY_DIVERGENCE";"Estoque divergente: MGV (1) vs Bling (0) [Dif: +1] | NCM divergente: MGV (85444200) vs Bling (Não preenchido)"
"3300";"CAIXA ELETRODO MONOFACE NAC";1;0;1;"90189099";"";0.00;439.23;"QTY_DIVERGENCE";"Estoque divergente: MGV (1) vs Bling (0) [Dif: +1] | NCM divergente: MGV (90189099) vs Bling (Não preenchido) | Preço divergente: MGV (R$ 0.00) vs Bling (R$ 439.23)"
"80018388";"CAIXA PLASTICA APLIC TRANSDUTOR ARTIX ATP120";1;0;1;"94029090";"";930.00;930.00;"QTY_DIVERGENCE";"Estoque divergente: MGV (1) vs Bling (0) [Dif: +1] | NCM divergente: MGV (94029090) vs Bling (Não preenchido)"
"80018389";"CAIXA PLASTICA APLIC TRANSDUTOR ARTIX ATP150";4;0;4;"94029090";"";980.00;980.00;"QTY_DIVERGENCE";"Estoque divergente: MGV (4) vs Bling (0) [Dif: +4] | NCM divergente: MGV (94029090) vs Bling (Não preenchido)"
"80018390";"CAIXA PLASTICA APLIC TRANSDUTOR ARTIX ATP200";4;0;4;"94029090";"";1030.00;1030.00;"QTY_DIVERGENCE";"Estoque divergente: MGV (4) vs Bling (0) [Dif: +4] | NCM divergente: MGV (94029090) vs Bling (Não preenchido)"
"80018387";"CAIXA PLASTICA APLIC TRANSDUTOR ARTIX ATP80";2;0;2;"94029090";"";530.00;530.00;"QTY_DIVERGENCE";"Estoque divergente: MGV (2) vs Bling (0) [Dif: +2] | NCM divergente: MGV (94029090) vs Bling (Não preenchido)"
"2039042";"CANETA APLICADORA DUPLA TIPO A P/MICRODERMOABRASAO                               NS: 1431191001";3;0;3;"70179000";"";0.00;51.45;"QTY_DIVERGENCE";"Estoque divergente: MGV (3) vs Bling (0) [Dif: +3] | NCM divergente: MGV (70179000) vs Bling (Não preenchido) | Preço divergente: MGV (R$ 0.00) vs Bling (R$ 51.45)"
"2039043";"CANETA APLICADORA REDONDA TIPO CAJU P/MICRODERMOABRASAO                          NS: 1493081001";3;0;3;"70179000";"";0.00;51.45;"QTY_DIVERGENCE";"Estoque divergente: MGV (3) vs Bling (0) [Dif: +3] | NCM divergente: MGV (70179000) vs Bling (Não preenchido) | Preço divergente: MGV (R$ 0.00) vs Bling (R$ 51.45)"
"2039041";"CANETA APLICADORA TIPO U P/MICRODERMOABRASAO                                     NS: 9663201001";3;0;3;"70179000";"";79.90;79.90;"QTY_DIVERGENCE";"Estoque divergente: MGV (3) vs Bling (0) [Dif: +3] | NCM divergente: MGV (70179000) vs Bling (Não preenchido)"
"38";"CANETA DISCO PARA MICROCORRENTES";3;0;3;"90189099";"";207.00;207.00;"QTY_DIVERGENCE";"Estoque divergente: MGV (3) vs Bling (0) [Dif: +3] | NCM divergente: MGV (90189099) vs Bling (Não preenchido)"
"30906004";"CANETA GANCHO BL";3;0;3;"90189099";"";90.00;90.00;"QTY_DIVERGENCE";"Estoque divergente: MGV (3) vs Bling (0) [Dif: +3] | NCM divergente: MGV (90189099) vs Bling (Não preenchido)"
"03014469";"CAP CER 4700PF 1.5KV X7R 1206                                                    Ns: 0000000005";0;0;0;"90189099";"";4.76;4.76;"FISCAL_DIVERGENCE";"NCM divergente: MGV (90189099) vs Bling (Não preenchido)"
"80090064";"CAPACITOR SMD 0603 1NF";2;0;2;"85471000";"";0.00;3.27;"QTY_DIVERGENCE";"Estoque divergente: MGV (2) vs Bling (0) [Dif: +2] | NCM divergente: MGV (85471000) vs Bling (Não preenchido) | Preço divergente: MGV (R$ 0.00) vs Bling (R$ 3.27)"
"5140";"CAPACITOR SMD CER. 470PF/1KV";10;0;10;"85322410";"";0.00;3.60;"QTY_DIVERGENCE";"Estoque divergente: MGV (10) vs Bling (0) [Dif: +10] | NCM divergente: MGV (85322410) vs Bling (Não preenchido) | Preço divergente: MGV (R$ 0.00) vs Bling (R$ 3.60)"
"601";"CARCAÇA DA MANOPLA - DIVERSOS";1;0;1;"87141900";"";0.00;1.00;"QTY_DIVERGENCE";"Estoque divergente: MGV (1) vs Bling (0) [Dif: +1] | NCM divergente: MGV (87141900) vs Bling (Não preenchido) | Preço divergente: MGV (R$ 0.00) vs Bling (R$ 1.00)"
"1676";"CARCAÇA PLASTICA INFERIOR - VIBROCELL";2;0;2;"39269090";"";980.00;980.00;"QTY_DIVERGENCE";"Estoque divergente: MGV (2) vs Bling (0) [Dif: +2] | NCM divergente: MGV (39269090) vs Bling (Não preenchido)"
"3026009";"CARTELA DE FUSIVEL DE PROTECAO";1;0;1;"85361000";"";0.00;1.50;"QTY_DIVERGENCE";"Estoque divergente: MGV (1) vs Bling (0) [Dif: +1] | NCM divergente: MGV (85361000) vs Bling (Não preenchido) | Preço divergente: MGV (R$ 0.00) vs Bling (R$ 1.50)"
"1724592";"CHAPA ALUMINIO MANOPLA CRIODER G - MEDICAL SAN";6;0;6;"76169900";"";395.00;395.00;"QTY_DIVERGENCE";"Estoque divergente: MGV (6) vs Bling (0) [Dif: +6] | NCM divergente: MGV (76169900) vs Bling (Não preenchido)"
"1584618";"CHAPA ALUMINIO MANOPLA CRIODER M - MEDICAL SAN";8;0;8;"76169900";"";370.00;370.00;"QTY_DIVERGENCE";"Estoque divergente: MGV (8) vs Bling (0) [Dif: +8] | NCM divergente: MGV (76169900) vs Bling (Não preenchido)"
"8149";"CHAPA CIRCULAR DO CABECOTE REV.03 (CONF. DESENHO 005218";3;0;3;"76169900";"";33.00;33.00;"QTY_DIVERGENCE";"Estoque divergente: MGV (3) vs Bling (0) [Dif: +3] | NCM divergente: MGV (76169900) vs Bling (Não preenchido)"
"1438131";"CHAPA DE CONTATO INOX 80MM";0;0;0;"73239300";"";0.00;151.37;"FISCAL_DIVERGENCE";"NCM divergente: MGV (73239300) vs Bling (Não preenchido) | Preço divergente: MGV (R$ 0.00) vs Bling (R$ 151.37)"
"02110022";"CHICOTE  CONECTOR PARA APLICADOR RF  Ns: 1457341001";0;0;0;"85444200";"";67.76;67.76;"FISCAL_DIVERGENCE";"NCM divergente: MGV (85444200) vs Bling (Não preenchido)"
"3073142";"CHICOTE APLICADOR DISPERSIVO TECARTERAPIA-MONTADO";5;0;5;"90189099";"";120.00;120.00;"QTY_DIVERGENCE";"Estoque divergente: MGV (5) vs Bling (0) [Dif: +5] | NCM divergente: MGV (90189099) vs Bling (Não preenchido)"
"3073027";"CHICOTE APLICADOR MODELLATA-MONTADO";3;0;3;"90189099";"";470.00;470.00;"QTY_DIVERGENCE";"Estoque divergente: MGV (3) vs Bling (0) [Dif: +3] | NCM divergente: MGV (90189099) vs Bling (Não preenchido)"
"3073167";"CHICOTE APLICADOR PROBE 5 - 904 - PORTATIL - MONTADO";2;0;2;"90189099";"";470.00;470.00;"QTY_DIVERGENCE";"Estoque divergente: MGV (2) vs Bling (0) [Dif: +2] | NCM divergente: MGV (90189099) vs Bling (Não preenchido)"
"3073166";"CHICOTE APLICADOR PROBE P4 - 808 - PORTALTIL - MONTADO";3;0;3;"90189099";"";470.00;470.00;"QTY_DIVERGENCE";"Estoque divergente: MGV (3) vs Bling (0) [Dif: +3] | NCM divergente: MGV (90189099) vs Bling (Não preenchido)"
"03073167";"CHICOTE APLICADOR PROBE P5 - 904 - PORTATIL - MONTADO                            Ns: 0000000061";0;0;0;"85444200";"";90.00;90.00;"FISCAL_DIVERGENCE";"NCM divergente: MGV (85444200) vs Bling (Não preenchido)"
"3073159";"CHICOTE APLICADORES NEARTEK - MONTADO";2;0;2;"90189099";"";470.00;470.00;"QTY_DIVERGENCE";"Estoque divergente: MGV (2) vs Bling (0) [Dif: +2] | NCM divergente: MGV (90189099) vs Bling (Não preenchido)"
"3073169";"CHICOTE CABO APLICADOR FACIAL";1;0;1;"90189099";"";0.00;1.00;"QTY_DIVERGENCE";"Estoque divergente: MGV (1) vs Bling (0) [Dif: +1] | NCM divergente: MGV (90189099) vs Bling (Não preenchido) | Preço divergente: MGV (R$ 0.00) vs Bling (R$ 1.00)"
"BLING-16672530994";"CHICOTE CABO APLICADOR FACIAL - MONTADO                                          Ns: 0000000013";0;0;0;"85444200";"";63.20;63.20;"FISCAL_DIVERGENCE";"NCM divergente: MGV (85444200) vs Bling (Não preenchido)"
"03073169";"CHICOTE CABO APLICADOR FACIAL - MONTADO                                          Ns: 0000000034";0;0;0;"85444200";"";44.24;44.24;"FISCAL_DIVERGENCE";"NCM divergente: MGV (85444200) vs Bling (Não preenchido)"
"3073009";"CHICOTE CLUSTER G1 MONTADO                                                       NS: AUTO034837";2;0;2;"85444900";"";0.00;92.94;"QTY_DIVERGENCE";"Estoque divergente: MGV (2) vs Bling (0) [Dif: +2] | NCM divergente: MGV (85444900) vs Bling (Não preenchido) | Preço divergente: MGV (R$ 0.00) vs Bling (R$ 92.94)"
"2071357";"CHICOTE CLUSTER G3";3;0;3;"90189099";"";0.00;1.00;"QTY_DIVERGENCE";"Estoque divergente: MGV (3) vs Bling (0) [Dif: +3] | NCM divergente: MGV (90189099) vs Bling (Não preenchido) | Preço divergente: MGV (R$ 0.00) vs Bling (R$ 1.00)"
"3073011";"CHICOTE CLUSTER G3 MONTADO                                                       NS: 0000000017";3;0;3;"85444900";"";0.00;92.94;"QTY_DIVERGENCE";"Estoque divergente: MGV (3) vs Bling (0) [Dif: +3] | NCM divergente: MGV (85444900) vs Bling (Não preenchido) | Preço divergente: MGV (R$ 0.00) vs Bling (R$ 92.94)"
"03073007";"CHICOTE CLUSTER P1 MONTADO";0;0;0;"85444200";"";57.60;57.60;"FISCAL_DIVERGENCE";"NCM divergente: MGV (85444200) vs Bling (Não preenchido)"
"3073007";"CHICOTE CLUSTER P1 MONTADO                                                       NS: 0000000004";3;0;3;"85444900";"";0.00;92.94;"QTY_DIVERGENCE";"Estoque divergente: MGV (3) vs Bling (0) [Dif: +3] | NCM divergente: MGV (85444900) vs Bling (Não preenchido) | Preço divergente: MGV (R$ 0.00) vs Bling (R$ 92.94)"
"2071219";"CHICOTE CONECTOR PEDAL";1;0;1;"85444200";"";27.00;27.00;"QTY_DIVERGENCE";"Estoque divergente: MGV (1) vs Bling (0) [Dif: +1] | NCM divergente: MGV (85444200) vs Bling (Não preenchido)"
"02071219";"CHICOTE CONECTOR PEDAL                                                           Ns: 1233130003";0;0;0;"85444200";"";20.80;20.80;"FISCAL_DIVERGENCE";"NCM divergente: MGV (85444200) vs Bling (Não preenchido)"
"3073239";"CHICOTE PLACA CONTROLE CONECTOR DE SAIDA - THORK SAFIRA - MONTADO";0;0;0;"85444200";"";221.50;221.50;"FISCAL_DIVERGENCE";"NCM divergente: MGV (85444200) vs Bling (Não preenchido)"
"1700";"CI PTH TO-39 PN MLX90614ESFDCH000TU";1;0;1;"85423120";"";0.00;1154.12;"QTY_DIVERGENCE";"Estoque divergente: MGV (1) vs Bling (0) [Dif: +1] | NCM divergente: MGV (85423120) vs Bling (Não preenchido) | Preço divergente: MGV (R$ 0.00) vs Bling (R$ 1154.12)"
"80060119";"CIRCUITO INTEGRADO RT9193-33GB SMD";3;0;3;"85423190";"";0.00;42.11;"QTY_DIVERGENCE";"Estoque divergente: MGV (3) vs Bling (0) [Dif: +3] | NCM divergente: MGV (85423190) vs Bling (Não preenchido) | Preço divergente: MGV (R$ 0.00) vs Bling (R$ 42.11)"
"5000";"COBERTURA COM PAINEL F PLUS ADPAI210.00";2;0;2;"90189099";"";890.50;890.50;"QTY_DIVERGENCE";"Estoque divergente: MGV (2) vs Bling (0) [Dif: +2] | NCM divergente: MGV (90189099) vs Bling (Não preenchido)"
"6300";"COBERTURA COM PAINEL MANOPLA VELOX ADPAI129.00";5;0;5;"90189099";"";0.00;209.60;"QTY_DIVERGENCE";"Estoque divergente: MGV (5) vs Bling (0) [Dif: +5] | NCM divergente: MGV (90189099) vs Bling (Não preenchido) | Preço divergente: MGV (R$ 0.00) vs Bling (R$ 209.60)"
"3600";"COBERTURA COM PAINEL OXY ADPAI089.05";2;0;2;"90189099";"";0.00;344.27;"QTY_DIVERGENCE";"Estoque divergente: MGV (2) vs Bling (0) [Dif: +2] | NCM divergente: MGV (90189099) vs Bling (Não preenchido) | Preço divergente: MGV (R$ 0.00) vs Bling (R$ 344.27)"
"3800";"COBERTURA COM PAINEL OXY ADPAI158.01";2;0;2;"90189099";"";0.00;277.92;"QTY_DIVERGENCE";"Estoque divergente: MGV (2) vs Bling (0) [Dif: +2] | NCM divergente: MGV (90189099) vs Bling (Não preenchido) | Preço divergente: MGV (R$ 0.00) vs Bling (R$ 277.92)"
"354";"COBERTURA COM PAINEL OXY ADPAI166.00";0;0;0;"90189099";"";389.00;389.00;"FISCAL_DIVERGENCE";"NCM divergente: MGV (90189099) vs Bling (Não preenchido)"
"376";"COBERTURA COM PAINEL OXY ADPAI166.00";3;0;3;"90189099";"";0.00;176.58;"QTY_DIVERGENCE";"Estoque divergente: MGV (3) vs Bling (0) [Dif: +3] | NCM divergente: MGV (90189099) vs Bling (Não preenchido) | Preço divergente: MGV (R$ 0.00) vs Bling (R$ 176.58)"
"4600";"COBERTURA COM PAINEL SPECTRA ADPAI029.03";2;0;2;"90189099";"";860.00;860.00;"QTY_DIVERGENCE";"Estoque divergente: MGV (2) vs Bling (0) [Dif: +2] | NCM divergente: MGV (90189099) vs Bling (Não preenchido)"
"4700";"COBERTURA COM PAINEL SPECTRA ADPAI031.03";2;0;2;"90189099";"";0.00;834.69;"QTY_DIVERGENCE";"Estoque divergente: MGV (2) vs Bling (0) [Dif: +2] | NCM divergente: MGV (90189099) vs Bling (Não preenchido) | Preço divergente: MGV (R$ 0.00) vs Bling (R$ 834.69)"
"4800";"COBERTURA COM PAINEL SPECTRA ADPAI209.00";0;0;0;"90189099";"";959.70;959.70;"FISCAL_DIVERGENCE";"NCM divergente: MGV (90189099) vs Bling (Não preenchido)"
"4900";"COBERTURA COM PAINEL ULTRA DERM ADPAI011.00";0;0;0;"90189099";"";890.50;890.50;"FISCAL_DIVERGENCE";"NCM divergente: MGV (90189099) vs Bling (Não preenchido)"
"3067019";"COIFA DE PROTECAO EXCENTRICA MODELLATA";7;0;7;"90189099";"";140.00;140.00;"QTY_DIVERGENCE";"Estoque divergente: MGV (7) vs Bling (0) [Dif: +7] | NCM divergente: MGV (90189099) vs Bling (Não preenchido)"
"03067019";"COIFA DE PROTECAO EXCENTRICA MODELLATA                                           Ns: 0000000058";0;0;0;"90189099";"";16.10;16.10;"FISCAL_DIVERGENCE";"NCM divergente: MGV (90189099) vs Bling (Não preenchido)"
"499";"COMPRESSOR";4;0;4;"84148019";"";900.00;900.00;"QTY_DIVERGENCE";"Estoque divergente: MGV (4) vs Bling (0) [Dif: +4] | NCM divergente: MGV (84148019) vs Bling (Não preenchido)"
"1425";"COMPRESSOR 220V FUJIA";1;0;1;"84148019";"";900.00;900.00;"QTY_DIVERGENCE";"Estoque divergente: MGV (1) vs Bling (0) [Dif: +1] | NCM divergente: MGV (84148019) vs Bling (Não preenchido)"
"4465";"COMPRESSOR ANTIGO NS";1;0;1;"84148019";"";620.00;620.00;"QTY_DIVERGENCE";"Estoque divergente: MGV (1) vs Bling (0) [Dif: +1] | NCM divergente: MGV (84148019) vs Bling (Não preenchido)"
"200";"CONECTOR CIRCULAR FEMEA 8 VIAS";1;0;1;"85369090";"";480.00;480.00;"QTY_DIVERGENCE";"Estoque divergente: MGV (1) vs Bling (0) [Dif: +1] | NCM divergente: MGV (85369090) vs Bling (Não preenchido)"
"546";"CONECTOR DB9 PC";47;0;47;"85369040";"";49.90;49.90;"QTY_DIVERGENCE";"Estoque divergente: MGV (47) vs Bling (0) [Dif: +47] | NCM divergente: MGV (85369040) vs Bling (Não preenchido)"
"65";"CONECTOR E CONJUNTO DE CABOS DA PONTEIRA S BODY L: AUTO068965";2;0;2;"90189099";"";2922.00;2922.00;"QTY_DIVERGENCE";"Estoque divergente: MGV (2) vs Bling (0) [Dif: +2] | NCM divergente: MGV (90189099) vs Bling (Não preenchido)"
"2823";"CONECTOR FEMEA AMP 16 VIAS";9;0;9;"85369090";"";63.50;63.50;"QTY_DIVERGENCE";"Estoque divergente: MGV (9) vs Bling (0) [Dif: +9] | NCM divergente: MGV (85369090) vs Bling (Não preenchido)"
"4347";"CONECTOR FEMEA CPC PLASTICO ROSCA MACHO";1;0;1;"39174090";"";0.00;72.93;"QTY_DIVERGENCE";"Estoque divergente: MGV (1) vs Bling (0) [Dif: +1] | NCM divergente: MGV (39174090) vs Bling (Não preenchido) | Preço divergente: MGV (R$ 0.00) vs Bling (R$ 72.93)"
"13845";"CONECTOR FEMEA DE SAIDA NEEDLE RF";2;0;2;"85369090";"";459.00;459.00;"QTY_DIVERGENCE";"Estoque divergente: MGV (2) vs Bling (0) [Dif: +2] | NCM divergente: MGV (85369090) vs Bling (Não preenchido)"
"7251";"CONECTOR FEMEA PLASTICO 18 PINOS RF MONTADO";-2;0;-2;"85369090";"";440.00;440.00;"QTY_DIVERGENCE";"Estoque divergente: MGV (-2) vs Bling (0) [Dif: -2] | NCM divergente: MGV (85369090) vs Bling (Não preenchido)"
"8956";"CONECTOR FEMEA PLASTICO 18 PINOS VIBRIA MAXX";2;0;2;"85369040";"";320.00;320.00;"QTY_DIVERGENCE";"Estoque divergente: MGV (2) vs Bling (0) [Dif: +2] | NCM divergente: MGV (85369040) vs Bling (Não preenchido)"
"11803";"CONECTOR MACHO PLASTICO COM TERMINAIS SD-1S-79 (IMP)";2;0;2;"85472090";"";720.00;720.00;"QTY_DIVERGENCE";"Estoque divergente: MGV (2) vs Bling (0) [Dif: +2] | NCM divergente: MGV (85472090) vs Bling (Não preenchido)"
"4153";"CONECTOR MEDICO FEMEA 3 VIAS";4;0;4;"85369040";"";60.00;60.00;"QTY_DIVERGENCE";"Estoque divergente: MGV (4) vs Bling (0) [Dif: +4] | NCM divergente: MGV (85369040) vs Bling (Não preenchido)"
"6145";"CONECTOR MEDICO FEMEA 4 VIAS 90º P/PCI";10;0;10;"85369090";"";250.00;250.00;"QTY_DIVERGENCE";"Estoque divergente: MGV (10) vs Bling (0) [Dif: +10] | NCM divergente: MGV (85369090) vs Bling (Não preenchido)"
"6146";"CONECTOR MEDICO FEMEA 8 VIAS 90Â° P/ PCI";9;0;9;"85369040";"";175.80;175.80;"QTY_DIVERGENCE";"Estoque divergente: MGV (9) vs Bling (0) [Dif: +9] | NCM divergente: MGV (85369040) vs Bling (Não preenchido)"
"23";"CONECTOR S-BODY (MAQUINA) L: AUTO068904";1;0;1;"90189099";"";1890.50;1890.50;"QTY_DIVERGENCE";"Estoque divergente: MGV (1) vs Bling (0) [Dif: +1] | NCM divergente: MGV (90189099) vs Bling (Não preenchido)"
"3015335";"CONECTOR SL 2P SERIE I 10 PINOS CINZA SOQUETE COM ARRUELA FRONTAL";1;0;1;"85369040";"";380.00;380.00;"QTY_DIVERGENCE";"Estoque divergente: MGV (1) vs Bling (0) [Dif: +1] | NCM divergente: MGV (85369040) vs Bling (Não preenchido)"
"3301";"CONEXAO UNIAO USINADO PAINEL OXITONE R01";11;0;11;"76169900";"";399.90;399.90;"QTY_DIVERGENCE";"Estoque divergente: MGV (11) vs Bling (0) [Dif: +11] | NCM divergente: MGV (76169900) vs Bling (Não preenchido)"
"1736221";"CONJUNTO ADESIVO APLICADOR OMER SMART";1;0;1;"39199090";"";0.00;7.92;"QTY_DIVERGENCE";"Estoque divergente: MGV (1) vs Bling (0) [Dif: +1] | NCM divergente: MGV (39199090) vs Bling (Não preenchido) | Preço divergente: MGV (R$ 0.00) vs Bling (R$ 7.92)"
"3027558";"CONJUNTO ADESIVO PROBE 1  - LED RGB - INMETRO                                    NS: 0000000013";4;0;4;"39199090";"";30.00;30.00;"QTY_DIVERGENCE";"Estoque divergente: MGV (4) vs Bling (0) [Dif: +4] | NCM divergente: MGV (39199090) vs Bling (Não preenchido)"
"3027559";"CONJUNTO ADESIVO PROBE 2 - LED 850NM - INMETRO                                   NS: 0000000016";3;0;3;"39199090";"";30.00;30.00;"QTY_DIVERGENCE";"Estoque divergente: MGV (3) vs Bling (0) [Dif: +3] | NCM divergente: MGV (39199090) vs Bling (Não preenchido)"
"3027639";"CONJUNTO ADESIVO PROBE 3 - LASER 660NM - 200MW - INMETRO                         NS: 0000000017";3;0;3;"39199090";"";19.48;19.48;"QTY_DIVERGENCE";"Estoque divergente: MGV (3) vs Bling (0) [Dif: +3] | NCM divergente: MGV (39199090) vs Bling (Não preenchido)"
"3027641";"CONJUNTO ADESIVO PROBE 4 - LASER 808NM - 260MW - INMETRO                         NS: 0000000018";7;0;7;"39199090";"";30.00;30.00;"QTY_DIVERGENCE";"Estoque divergente: MGV (7) vs Bling (0) [Dif: +7] | NCM divergente: MGV (39199090) vs Bling (Não preenchido)"
"3027565";"CONJUNTO ADESIVO PROBE 5  - LASER 904NM   - INMETRO                              NS: 0000000027";1;0;1;"39199090";"";35.00;35.00;"QTY_DIVERGENCE";"Estoque divergente: MGV (1) vs Bling (0) [Dif: +1] | NCM divergente: MGV (39199090) vs Bling (Não preenchido)"
"03027565";"CONJUNTO ADESIVO PROBE 5  - LASER 904NM   - INMETRO                              Ns: 0000000040";0;0;0;"39199090";"";14.40;14.40;"FISCAL_DIVERGENCE";"NCM divergente: MGV (39199090) vs Bling (Não preenchido)"
"3027962";"CONJUNTO ADESIVO VINIL APLICADOR FACIAL SONOFOCUS";1;0;1;"39199090";"";5.00;5.00;"QTY_DIVERGENCE";"Estoque divergente: MGV (1) vs Bling (0) [Dif: +1] | NCM divergente: MGV (39199090) vs Bling (Não preenchido)"
"BLING-16672530988";"CONJUNTO ADESIVO VINIL APLICADOR FACIAL SONOFOCUS                                Ns: 0000000002";0;0;0;"39199090";"";0.96;0.96;"FISCAL_DIVERGENCE";"NCM divergente: MGV (39199090) vs Bling (Não preenchido)"
"BLING-16672530982";"CONJUNTO ADESIVO VINIL APLICADOR FACIAL SONOFOCUS                                Ns: 0000000002";0;0;0;"39199090";"";0.96;0.96;"FISCAL_DIVERGENCE";"NCM divergente: MGV (39199090) vs Bling (Não preenchido)"
"1212";"CONJUNTO CALDEIRA";3;0;3;"90189099";"";455.00;455.00;"QTY_DIVERGENCE";"Estoque divergente: MGV (3) vs Bling (0) [Dif: +3] | NCM divergente: MGV (90189099) vs Bling (Não preenchido)"
"10749";"CONJUNTO CALDEIRA R03";8;0;8;"90189099";"";635.00;635.00;"QTY_DIVERGENCE";"Estoque divergente: MGV (8) vs Bling (0) [Dif: +8] | NCM divergente: MGV (90189099) vs Bling (Não preenchido)"
"3029141";"CONJUNTO GABINETE APLICADOR CRIO 360 PLACA";5;0;5;"90189099";"";380.00;380.00;"QTY_DIVERGENCE";"Estoque divergente: MGV (5) vs Bling (0) [Dif: +5] | NCM divergente: MGV (90189099) vs Bling (Não preenchido)"
"3025065";"CONJUNTO PONTEIRA APLICADOR RESFRIADOR - HOOKE                                   NS: 0000000060";2;0;2;"70200090";"";0.00;117.23;"QTY_DIVERGENCE";"Estoque divergente: MGV (2) vs Bling (0) [Dif: +2] | NCM divergente: MGV (70200090) vs Bling (Não preenchido) | Preço divergente: MGV (R$ 0.00) vs Bling (R$ 117.23)"
"25010220";"COPO ALUMINIO LONGITUDINAL ANODIZADO THF1402 (OCTOPOLAR)";24;0;24;"90330000";"";87.50;87.50;"QTY_DIVERGENCE";"Estoque divergente: MGV (24) vs Bling (0) [Dif: +24] | NCM divergente: MGV (90330000) vs Bling (Não preenchido)"
"02071572";"COPO APLICADOR FACIAL                                                            Ns: 1520770016";0;0;0;"70179000";"";184.80;184.80;"FISCAL_DIVERGENCE";"NCM divergente: MGV (70179000) vs Bling (Não preenchido)"
"BLING-16683621097";"COPO APLICADOR FACIAL                                                            Ns: 1565190009";0;0;0;"70179000";"";184.80;184.80;"FISCAL_DIVERGENCE";"NCM divergente: MGV (70179000) vs Bling (Não preenchido)"
"473";"COPO LF MINI TRANSPARENTE";8;0;8;"70179000";"";0.00;1.00;"QTY_DIVERGENCE";"Estoque divergente: MGV (8) vs Bling (0) [Dif: +8] | NCM divergente: MGV (70179000) vs Bling (Não preenchido) | Preço divergente: MGV (R$ 0.00) vs Bling (R$ 1.00)"
"2039657";"COPO P/ TAMPA DO APLICADOR ULTRASSOM HECCUS TURBO";12;0;12;"90189099";"";220.00;220.00;"QTY_DIVERGENCE";"Estoque divergente: MGV (12) vs Bling (0) [Dif: +12] | NCM divergente: MGV (90189099) vs Bling (Não preenchido)"
"80018142";"CORPO APLICADOR AZUL MANTHUS";3;0;3;"90189099";"";0.00;1.00;"QTY_DIVERGENCE";"Estoque divergente: MGV (3) vs Bling (0) [Dif: +3] | NCM divergente: MGV (90189099) vs Bling (Não preenchido) | Preço divergente: MGV (R$ 0.00) vs Bling (R$ 1.00)"
"80018261";"CORPO APLICADOR BRANCO MANTHUS";2;0;2;"90189099";"";90.00;90.00;"QTY_DIVERGENCE";"Estoque divergente: MGV (2) vs Bling (0) [Dif: +2] | NCM divergente: MGV (90189099) vs Bling (Não preenchido)"
"80018163";"CORPO APLICADOR LILÁS MANTHUS";6;0;6;"90189099";"";0.00;1.00;"QTY_DIVERGENCE";"Estoque divergente: MGV (6) vs Bling (0) [Dif: +6] | NCM divergente: MGV (90189099) vs Bling (Não preenchido) | Preço divergente: MGV (R$ 0.00) vs Bling (R$ 1.00)"
"3029101";"CORPO APLICADOR MODELLATA";2;0;2;"39269090";"";366.00;366.00;"QTY_DIVERGENCE";"Estoque divergente: MGV (2) vs Bling (0) [Dif: +2] | NCM divergente: MGV (39269090) vs Bling (Não preenchido)"
"3029003";"CORPO CABECOTE HECCUS                                                            NS: 0000000084";1;0;1;"39095029";"";0.00;183.38;"QTY_DIVERGENCE";"Estoque divergente: MGV (1) vs Bling (0) [Dif: +1] | NCM divergente: MGV (39095029) vs Bling (Não preenchido) | Preço divergente: MGV (R$ 0.00) vs Bling (R$ 183.38)"
"3029076";"CORPO DA PROBE                                                                   NS: 0000000044";12;0;12;"39269090";"";160.00;160.00;"QTY_DIVERGENCE";"Estoque divergente: MGV (12) vs Bling (0) [Dif: +12] | NCM divergente: MGV (39269090) vs Bling (Não preenchido)"
"10445";"CORPO DIREITO DO APLICADOR ACRUS TRIPLE WAVE";6;0;6;"39269090";"";210.00;210.00;"QTY_DIVERGENCE";"Estoque divergente: MGV (6) vs Bling (0) [Dif: +6] | NCM divergente: MGV (39269090) vs Bling (Não preenchido)"
"10435";"CORPO DIREITO DO CONECTOR APLICADOR ACRUS TRIPLE WAVE";5;0;5;"39269090";"";0.00;32.90;"QTY_DIVERGENCE";"Estoque divergente: MGV (5) vs Bling (0) [Dif: +5] | NCM divergente: MGV (39269090) vs Bling (Não preenchido) | Preço divergente: MGV (R$ 0.00) vs Bling (R$ 32.90)"
"3029090";"CORPO DO APLICADOR DISCO NEARTEK";10;0;10;"90189099";"";60.00;60.00;"QTY_DIVERGENCE";"Estoque divergente: MGV (10) vs Bling (0) [Dif: +10] | NCM divergente: MGV (90189099) vs Bling (Não preenchido)"
"3029091";"CORPO DO APLICADOR DIVERSOS NEARTEX";10;0;10;"90189099";"";60.00;60.00;"QTY_DIVERGENCE";"Estoque divergente: MGV (10) vs Bling (0) [Dif: +10] | NCM divergente: MGV (90189099) vs Bling (Não preenchido)"
"7950";"CORPO DO APLICADOR MEDICINA ESTETICA - PARTE INF. ROSCA R02";10;0;10;"90189099";"";60.00;60.00;"QTY_DIVERGENCE";"Estoque divergente: MGV (10) vs Bling (0) [Dif: +10] | NCM divergente: MGV (90189099) vs Bling (Não preenchido)"
"2864";"CORPO DO APLICADOR MEDICINA ESTETICA - PARTE SUPERIOR";6;0;6;"90189099";"";60.00;60.00;"QTY_DIVERGENCE";"Estoque divergente: MGV (6) vs Bling (0) [Dif: +6] | NCM divergente: MGV (90189099) vs Bling (Não preenchido)"
"12796";"CORPO DO APLICADOR US BAIXA FREQUENCIA";0;0;0;"90330000";"";219.00;219.00;"FISCAL_DIVERGENCE";"NCM divergente: MGV (90330000) vs Bling (Não preenchido)"
"3029052";"CORPO DO CABECOTE HECCUS - COR PEROLA";0;0;0;"39269090";"";365.00;365.00;"FISCAL_DIVERGENCE";"NCM divergente: MGV (39269090) vs Bling (Não preenchido)"
"7677";"CORPO DO CABECOTE SNC COM ROSCA INJETADO";6;0;6;"39269090";"";180.00;180.00;"QTY_DIVERGENCE";"Estoque divergente: MGV (6) vs Bling (0) [Dif: +6] | NCM divergente: MGV (39269090) vs Bling (Não preenchido)"
"3025050";"CORPO DO FILTRO";3;0;3;"84212990";"";0.00;1.00;"QTY_DIVERGENCE";"Estoque divergente: MGV (3) vs Bling (0) [Dif: +3] | NCM divergente: MGV (84212990) vs Bling (Não preenchido) | Preço divergente: MGV (R$ 0.00) vs Bling (R$ 1.00)"
"10433";"CORPO ESQUERDO DO APLICADOR ACRUS TRIPLE WAVE";6;0;6;"39269090";"";210.00;210.00;"QTY_DIVERGENCE";"Estoque divergente: MGV (6) vs Bling (0) [Dif: +6] | NCM divergente: MGV (39269090) vs Bling (Não preenchido)"
"10434";"CORPO ESQUERDO DO CONECTOR APLICADOR ACRUS TRIPLE WAVE";5;0;5;"39269090";"";0.00;32.90;"QTY_DIVERGENCE";"Estoque divergente: MGV (5) vs Bling (0) [Dif: +5] | NCM divergente: MGV (39269090) vs Bling (Não preenchido) | Preço divergente: MGV (R$ 0.00) vs Bling (R$ 32.90)"
"603";"CRISTAL 40 KHZ";4;0;4;"85416090";"";0.00;1.00;"QTY_DIVERGENCE";"Estoque divergente: MGV (4) vs Bling (0) [Dif: +4] | NCM divergente: MGV (85416090) vs Bling (Não preenchido) | Preço divergente: MGV (R$ 0.00) vs Bling (R$ 1.00)"
"4908";"CRISTAL DE QUARTZO MONTADO APLICADOR INTERCAMBIAVEL (IMP)";0;0;0;"85439090";"";0.00;2681.13;"FISCAL_DIVERGENCE";"NCM divergente: MGV (85439090) vs Bling (Não preenchido) | Preço divergente: MGV (R$ 0.00) vs Bling (R$ 2681.13)"
"5638";"CUBA DO APLICADOR GRANDE BEAUTY SHAPE (IMP)";0;0;0;"39269090";"";0.00;368.87;"FISCAL_DIVERGENCE";"NCM divergente: MGV (39269090) vs Bling (Não preenchido) | Preço divergente: MGV (R$ 0.00) vs Bling (R$ 368.87)"
"5666";"CUBA DO APLICADOR MEDIO BEAUTY SHAPE (IMP)";1;0;1;"39269090";"";0.00;411.33;"QTY_DIVERGENCE";"Estoque divergente: MGV (1) vs Bling (0) [Dif: +1] | NCM divergente: MGV (39269090) vs Bling (Não preenchido) | Preço divergente: MGV (R$ 0.00) vs Bling (R$ 411.33)"
"23198";"Cx inspeção esgoto 100mm com tampa reforçada tigre";0;0;0;"39269090";"";329.90;329.90;"FISCAL_DIVERGENCE";"NCM divergente: MGV (39269090) vs Bling (Não preenchido)"
"3019008";"DE275 - 102N06A                                                                  NS: 0000000037";0;0;0;"85423939";"";157.00;157.00;"FISCAL_DIVERGENCE";"NCM divergente: MGV (85423939) vs Bling (Não preenchido)"
"2000000000006";"DERMOTONUS ESTETIC IBRAMED";0;0;0;"90189099";"";250.00;250.00;"FISCAL_DIVERGENCE";"NCM divergente: MGV (90189099) vs Bling (Não preenchido)"
"2638";"DIODO LASER 658NM - 180MW";2;0;2;"85414112";"";0.00;237.06;"QTY_DIVERGENCE";"Estoque divergente: MGV (2) vs Bling (0) [Dif: +2] | NCM divergente: MGV (85414112) vs Bling (Não preenchido) | Preço divergente: MGV (R$ 0.00) vs Bling (R$ 237.06)"
"004501";"DIODO LASER 904NM - 75W";1;0;1;"85414124";"";570.00;570.00;"QTY_DIVERGENCE";"Estoque divergente: MGV (1) vs Bling (0) [Dif: +1] | NCM divergente: MGV (85414124) vs Bling (Não preenchido)"
"3011015";"DIODO ULTRAFAST MUR / URP860 /  UGT8JT-E3/45                                     NS: 0000000113";4;0;4;"85411099";"";10.00;10.00;"QTY_DIVERGENCE";"Estoque divergente: MGV (4) vs Bling (0) [Dif: +4] | NCM divergente: MGV (85411099) vs Bling (Não preenchido)"
"03025236";"DISCO BASE DE ACOPLAMENTO PARA MOTOR MODELLATA                                   Ns: 0000000065";0;0;0;"84145990";"";51.52;51.52;"FISCAL_DIVERGENCE";"NCM divergente: MGV (84145990) vs Bling (Não preenchido)"
"03012009";"DISPLAY GRAFICO 128 X 64                                                         Ns: 0000000168";0;0;0;"90189099";"";70.56;70.56;"FISCAL_DIVERGENCE";"NCM divergente: MGV (90189099) vs Bling (Não preenchido)"
"5972";"DISPLAY LCD 128X64";2;0;2;"85312000";"";0.00;197.55;"QTY_DIVERGENCE";"Estoque divergente: MGV (2) vs Bling (0) [Dif: +2] | NCM divergente: MGV (85312000) vs Bling (Não preenchido) | Preço divergente: MGV (R$ 0.00) vs Bling (R$ 197.55)"
"3012010";"DISPLAY TFT 7                                                                    NS: 0000000174";1;0;1;"85241100";"";0.00;1757.25;"QTY_DIVERGENCE";"Estoque divergente: MGV (1) vs Bling (0) [Dif: +1] | NCM divergente: MGV (85241100) vs Bling (Não preenchido) | Preço divergente: MGV (R$ 0.00) vs Bling (R$ 1757.25)"
"3038037";"DISSIPADOR ANODIZADO KM602 - 30MM                                                NS: 0000000372";4;0;4;"84195090";"";10.00;10.00;"QTY_DIVERGENCE";"Estoque divergente: MGV (4) vs Bling (0) [Dif: +4] | NCM divergente: MGV (84195090) vs Bling (Não preenchido)"
"551";"ELETRODO ADESIVO 4X4CM";38;0;38;"90189099";"";0.00;1.00;"QTY_DIVERGENCE";"Estoque divergente: MGV (38) vs Bling (0) [Dif: +38] | NCM divergente: MGV (90189099) vs Bling (Não preenchido) | Preço divergente: MGV (R$ 0.00) vs Bling (R$ 1.00)"
"5";"ELETRODO CAUTERIZADOR";5;0;5;"70179000";"";0.00;25.50;"QTY_DIVERGENCE";"Estoque divergente: MGV (5) vs Bling (0) [Dif: +5] | NCM divergente: MGV (70179000) vs Bling (Não preenchido) | Preço divergente: MGV (R$ 0.00) vs Bling (R$ 25.50)"
"2";"ELETRODO CEBOLAO";4;0;4;"70179000";"";0.00;25.50;"QTY_DIVERGENCE";"Estoque divergente: MGV (4) vs Bling (0) [Dif: +4] | NCM divergente: MGV (70179000) vs Bling (Não preenchido) | Preço divergente: MGV (R$ 0.00) vs Bling (R$ 25.50)"
"3";"ELETRODO CEBOLINHA";5;0;5;"70179000";"";0.00;25.50;"QTY_DIVERGENCE";"Estoque divergente: MGV (5) vs Bling (0) [Dif: +5] | NCM divergente: MGV (70179000) vs Bling (Não preenchido) | Preço divergente: MGV (R$ 0.00) vs Bling (R$ 25.50)"
"001087";"ELETRODO COM ESPONJA 13 X 10 CM";4;0;4;"90189099";"";65.00;65.00;"QTY_DIVERGENCE";"Estoque divergente: MGV (4) vs Bling (0) [Dif: +4] | NCM divergente: MGV (90189099) vs Bling (Não preenchido)"
"3026180";"ELETRODO CONDUTIVO 8CMX 7,5CM PRETO                                              NS: 0000000050";8;0;8;"39269090";"";0.00;13.55;"QTY_DIVERGENCE";"Estoque divergente: MGV (8) vs Bling (0) [Dif: +8] | NCM divergente: MGV (39269090) vs Bling (Não preenchido) | Preço divergente: MGV (R$ 0.00) vs Bling (R$ 13.55)"
"3026024";"ELETRODO CONDUTIVO DE BORRACHA 5CM X 3CM                                         NS: AUTO036242";20;0;20;"39269090";"";0.00;3.47;"QTY_DIVERGENCE";"Estoque divergente: MGV (20) vs Bling (0) [Dif: +20] | NCM divergente: MGV (39269090) vs Bling (Não preenchido) | Preço divergente: MGV (R$ 0.00) vs Bling (R$ 3.47)"
"3026025";"ELETRODO CONDUTIVO DE BORRACHA 5CM X 5CM                                         NS: 0000000032";15;0;15;"39269090";"";0.00;8.24;"QTY_DIVERGENCE";"Estoque divergente: MGV (15) vs Bling (0) [Dif: +15] | NCM divergente: MGV (39269090) vs Bling (Não preenchido) | Preço divergente: MGV (R$ 0.00) vs Bling (R$ 8.24)"
"3026026";"ELETRODO CONDUTIVO DE BORRACHA 5CM X 7CM";12;0;12;"40169300";"";0.00;1.00;"QTY_DIVERGENCE";"Estoque divergente: MGV (12) vs Bling (0) [Dif: +12] | NCM divergente: MGV (40169300) vs Bling (Não preenchido) | Preço divergente: MGV (R$ 0.00) vs Bling (R$ 1.00)"
"3026115";"ELETRODO CONDUTIVO DE BORRACHA 5CM X 8CM                                         NS: AUTO044081";21;0;21;"39269090";"";9.80;9.80;"QTY_DIVERGENCE";"Estoque divergente: MGV (21) vs Bling (0) [Dif: +21] | NCM divergente: MGV (39269090) vs Bling (Não preenchido)"
"3700";"ELETRODO CORPORAL 43MM MD1 NAC";1;0;1;"90189099";"";0.00;386.90;"QTY_DIVERGENCE";"Estoque divergente: MGV (1) vs Bling (0) [Dif: +1] | NCM divergente: MGV (90189099) vs Bling (Não preenchido) | Preço divergente: MGV (R$ 0.00) vs Bling (R$ 386.90)"
"10800";"ELETRODO FACIAL 8MM BD2 NAC.";0;0;0;"90189099";"";421.00;421.00;"FISCAL_DIVERGENCE";"NCM divergente: MGV (90189099) vs Bling (Não preenchido)"
"6";"ELETRODO FORQUILHA";5;0;5;"70179000";"";0.00;25.50;"QTY_DIVERGENCE";"Estoque divergente: MGV (5) vs Bling (0) [Dif: +5] | NCM divergente: MGV (70179000) vs Bling (Não preenchido) | Preço divergente: MGV (R$ 0.00) vs Bling (R$ 25.50)"
"530";"ELETRODO HD 10MM AC";1;0;1;"90189099";"";0.00;1.00;"QTY_DIVERGENCE";"Estoque divergente: MGV (1) vs Bling (0) [Dif: +1] | NCM divergente: MGV (90189099) vs Bling (Não preenchido) | Preço divergente: MGV (R$ 0.00) vs Bling (R$ 1.00)"
"531";"ELETRODO HD 10MM NAC";1;0;1;"90189099";"";0.00;1.00;"QTY_DIVERGENCE";"Estoque divergente: MGV (1) vs Bling (0) [Dif: +1] | NCM divergente: MGV (90189099) vs Bling (Não preenchido) | Preço divergente: MGV (R$ 0.00) vs Bling (R$ 1.00)"
"30906056";"ELETRODO MD 35MM";1;0;1;"90189099";"";441.00;441.00;"QTY_DIVERGENCE";"Estoque divergente: MGV (1) vs Bling (0) [Dif: +1] | NCM divergente: MGV (90189099) vs Bling (Não preenchido)"
"1";"ELETRODO PENTE";4;0;4;"70179000";"";39.90;39.90;"QTY_DIVERGENCE";"Estoque divergente: MGV (4) vs Bling (0) [Dif: +4] | NCM divergente: MGV (70179000) vs Bling (Não preenchido)"
"4";"ELETRODO SATURADOR";5;0;5;"70179000";"";0.00;25.50;"QTY_DIVERGENCE";"Estoque divergente: MGV (5) vs Bling (0) [Dif: +5] | NCM divergente: MGV (70179000) vs Bling (Não preenchido) | Preço divergente: MGV (R$ 0.00) vs Bling (R$ 25.50)"
"3129";"ELETRODO SILICONE 5X5 - 4 UN";2;0;2;"90189099";"";62.00;62.00;"QTY_DIVERGENCE";"Estoque divergente: MGV (2) vs Bling (0) [Dif: +2] | NCM divergente: MGV (90189099) vs Bling (Não preenchido)"
"3130";"ELETRODO SILICONE 7X5 - 4UN";10;0;10;"90189099";"";76.00;76.00;"QTY_DIVERGENCE";"Estoque divergente: MGV (10) vs Bling (0) [Dif: +10] | NCM divergente: MGV (90189099) vs Bling (Não preenchido)"
"1901";"ELETRODO USINADO ESFERICO 8,3MM PRATA R01";8;0;8;"76169900";"";239.90;239.90;"QTY_DIVERGENCE";"Estoque divergente: MGV (8) vs Bling (0) [Dif: +8] | NCM divergente: MGV (76169900) vs Bling (Não preenchido)"
"510";"ELETRODO USINADO ESFERICO 8,3MM PRATA R01";2;0;2;"76169900";"";0.00;203.96;"QTY_DIVERGENCE";"Estoque divergente: MGV (2) vs Bling (0) [Dif: +2] | NCM divergente: MGV (76169900) vs Bling (Não preenchido) | Preço divergente: MGV (R$ 0.00) vs Bling (R$ 203.96)"
"2039322";"ELETRODO VULCANIZADO P/ THERMOPULSE SOLID STATE                                  NS: 1438391001";2;0;2;"90330000";"";0.00;235.74;"QTY_DIVERGENCE";"Estoque divergente: MGV (2) vs Bling (0) [Dif: +2] | NCM divergente: MGV (90330000) vs Bling (Não preenchido) | Preço divergente: MGV (R$ 0.00) vs Bling (R$ 235.74)"
"ME21355A";"ENDOPHOTON LITE 660NM / 808NM - KLD BIOSISTEMAS";0;0;0;"90189099";"";3000.00;3000.00;"FISCAL_DIVERGENCE";"NCM divergente: MGV (90189099) vs Bling (Não preenchido)"
"3027800";"ETIQUETA APLICADOR FACIAL SONOFOCUS SAFIRA";2;0;2;"39199090";"";7.00;7.00;"QTY_DIVERGENCE";"Estoque divergente: MGV (2) vs Bling (0) [Dif: +2] | NCM divergente: MGV (39199090) vs Bling (Não preenchido)"
"BLING-16672530987";"ETIQUETA APLICADOR FACIAL SONOFOCUS SAFIRA                                       Ns: 0000000010";0;0;0;"90189099";"";3.72;3.72;"FISCAL_DIVERGENCE";"NCM divergente: MGV (90189099) vs Bling (Não preenchido)"
"BLING-16672530992";"ETIQUETA APLICADOR FACIAL SONOFOCUS SAFIRA                                       Ns: 0000000010";0;0;0;"90189099";"";3.72;3.72;"FISCAL_DIVERGENCE";"NCM divergente: MGV (90189099) vs Bling (Não preenchido)"
"10041";"ETIQUETA BEAUTY STEAM";1;0;1;"90189099";"";0.00;1.00;"QTY_DIVERGENCE";"Estoque divergente: MGV (1) vs Bling (0) [Dif: +1] | NCM divergente: MGV (90189099) vs Bling (Não preenchido) | Preço divergente: MGV (R$ 0.00) vs Bling (R$ 1.00)"
"10042";"ETIQUETA BEAUTY STEAM MAXX";1;0;1;"39219019";"";0.00;1.00;"QTY_DIVERGENCE";"Estoque divergente: MGV (1) vs Bling (0) [Dif: +1] | NCM divergente: MGV (39219019) vs Bling (Não preenchido) | Preço divergente: MGV (R$ 0.00) vs Bling (R$ 1.00)"
"3027263";"ETIQUETA CABECOTE HECCUS - VS 04/13                                              Ns: 0000000051";5;0;5;"39199090";"";0.00;25.02;"QTY_DIVERGENCE";"Estoque divergente: MGV (5) vs Bling (0) [Dif: +5] | NCM divergente: MGV (39199090) vs Bling (Não preenchido) | Preço divergente: MGV (R$ 0.00) vs Bling (R$ 25.02)"
"3027562";"ETIQUETA CARACTERISTICA PROBE 3-4 - LASER 660-808NM - INMETRO";11;0;11;"39199090";"";20.00;20.00;"QTY_DIVERGENCE";"Estoque divergente: MGV (11) vs Bling (0) [Dif: +11] | NCM divergente: MGV (39199090) vs Bling (Não preenchido)"
"03027564";"ETIQUETA CARACTERISTICA PROBE 5  - LASER 904NM - INMETRO                         Ns: 0000000033";0;0;0;"90189099";"";4.00;4.00;"FISCAL_DIVERGENCE";"NCM divergente: MGV (90189099) vs Bling (Não preenchido)"
"3027564";"ETIQUETA CARACTERISTICA PROBE 5 - LASER 904NM";1;0;1;"48211000";"";27.00;27.00;"QTY_DIVERGENCE";"Estoque divergente: MGV (1) vs Bling (0) [Dif: +1] | NCM divergente: MGV (48211000) vs Bling (Não preenchido)"
"3027566";"ETIQUETA CLUSTER GRANDE  1 / 2 / 3 - INMETRO                                     NS: 0000000008";4;0;4;"39199090";"";0.00;6.68;"QTY_DIVERGENCE";"Estoque divergente: MGV (4) vs Bling (0) [Dif: +4] | NCM divergente: MGV (39199090) vs Bling (Não preenchido) | Preço divergente: MGV (R$ 0.00) vs Bling (R$ 6.68)"
"3027567";"ETIQUETA CLUSTER PEQUENO 1- LED RGB E LASER 808NM - INMETRO                      NS: 0000000006";4;0;4;"39199090";"";0.00;6.09;"QTY_DIVERGENCE";"Estoque divergente: MGV (4) vs Bling (0) [Dif: +4] | NCM divergente: MGV (39199090) vs Bling (Não preenchido) | Preço divergente: MGV (R$ 0.00) vs Bling (R$ 6.09)"
"3027438";"ETIQUETA FRONTAL DERMOSTEAM LED THERAPY                                          NS: 0000000019";5;0;5;"39199090";"";0.00;31.61;"QTY_DIVERGENCE";"Estoque divergente: MGV (5) vs Bling (0) [Dif: +5] | NCM divergente: MGV (39199090) vs Bling (Não preenchido) | Preço divergente: MGV (R$ 0.00) vs Bling (R$ 31.61)"
"3027652";"ETIQUETA IDENTIFICACAO DE ACESSORIOS INMETRO - MODELO APLICADORES                NS: 0000000026";4;0;4;"39199090";"";0.00;1.07;"QTY_DIVERGENCE";"Estoque divergente: MGV (4) vs Bling (0) [Dif: +4] | NCM divergente: MGV (39199090) vs Bling (Não preenchido) | Preço divergente: MGV (R$ 0.00) vs Bling (R$ 1.07)"
"3027862";"ETIQUETA IDENTIFICAÇÃO PROBE";1;0;1;"39219019";"";0.00;1.00;"QTY_DIVERGENCE";"Estoque divergente: MGV (1) vs Bling (0) [Dif: +1] | NCM divergente: MGV (39219019) vs Bling (Não preenchido) | Preço divergente: MGV (R$ 0.00) vs Bling (R$ 1.00)"
"9098";"ETIQUETA SEGURANÇA INMETRO";1;0;1;"48211000";"";0.00;1.00;"QTY_DIVERGENCE";"Estoque divergente: MGV (1) vs Bling (0) [Dif: +1] | NCM divergente: MGV (48211000) vs Bling (Não preenchido) | Preço divergente: MGV (R$ 0.00) vs Bling (R$ 1.00)"
"3027627";"ETIQUETA TRASEIRA DERMOSTEAM 127 V - LED THERAPY                                 NS: 0000000013";3;0;3;"39199090";"";0.00;2.64;"QTY_DIVERGENCE";"Estoque divergente: MGV (3) vs Bling (0) [Dif: +3] | NCM divergente: MGV (39199090) vs Bling (Não preenchido) | Preço divergente: MGV (R$ 0.00) vs Bling (R$ 2.64)"
"3027628";"ETIQUETA TRASEIRA DERMOSTEAM 220 V - LED THERAPY                                 NS: 0000000015";2;0;2;"39199090";"";0.00;6.75;"QTY_DIVERGENCE";"Estoque divergente: MGV (2) vs Bling (0) [Dif: +2] | NCM divergente: MGV (39199090) vs Bling (Não preenchido) | Preço divergente: MGV (R$ 0.00) vs Bling (R$ 6.75)"
"3027265";"ETIQUETA TRASEIRA THERMOPULSE SOLID STATE - VS 01/14                             NS: 0000000012";1;0;1;"39199090";"";0.00;15.81;"QTY_DIVERGENCE";"Estoque divergente: MGV (1) vs Bling (0) [Dif: +1] | NCM divergente: MGV (39199090) vs Bling (Não preenchido) | Preço divergente: MGV (R$ 0.00) vs Bling (R$ 15.81)"
"3027747";"ETIQUETA TUV / INMETRO - PORTARIA 54 - 20 X 15 MM";5;0;5;"39199090";"";4.00;4.00;"QTY_DIVERGENCE";"Estoque divergente: MGV (5) vs Bling (0) [Dif: +5] | NCM divergente: MGV (39199090) vs Bling (Não preenchido)"
"3027552";"ETIQUETAS CARACTERISTICA CLUSTER PEQUENO 1 - LED RGB E LASER - INMETRO";3;0;3;"39199090";"";0.00;20.91;"QTY_DIVERGENCE";"Estoque divergente: MGV (3) vs Bling (0) [Dif: +3] | NCM divergente: MGV (39199090) vs Bling (Não preenchido) | Preço divergente: MGV (R$ 0.00) vs Bling (R$ 20.91)"
"10793";"FILTRO DE AGUA 4L/MIN 120PSI (IMP0";2;0;2;"84212100";"";1220.00;1220.00;"QTY_DIVERGENCE";"Estoque divergente: MGV (2) vs Bling (0) [Dif: +2] | NCM divergente: MGV (84212100) vs Bling (Não preenchido)"
"9929";"FILTRO DE PLASTICO MICRO-POROSO";28;0;28;"90328100";"";16.90;16.90;"QTY_DIVERGENCE";"Estoque divergente: MGV (28) vs Bling (0) [Dif: +28] | NCM divergente: MGV (90328100) vs Bling (Não preenchido)"
"319";"FILTRO HAKON";3;0;3;"84212100";"";870.00;870.00;"QTY_DIVERGENCE";"Estoque divergente: MGV (3) vs Bling (0) [Dif: +3] | NCM divergente: MGV (84212100) vs Bling (Não preenchido)"
"604";"FILTRO HOLONYAK";4;0;4;"84219999";"";0.00;1.00;"QTY_DIVERGENCE";"Estoque divergente: MGV (4) vs Bling (0) [Dif: +4] | NCM divergente: MGV (84219999) vs Bling (Não preenchido) | Preço divergente: MGV (R$ 0.00) vs Bling (R$ 1.00)"
"20374";"FILTRO PARA CANETA DIAMANTADA";30;0;30;"76041010";"";0.00;6.30;"QTY_DIVERGENCE";"Estoque divergente: MGV (30) vs Bling (0) [Dif: +30] | NCM divergente: MGV (76041010) vs Bling (Não preenchido) | Preço divergente: MGV (R$ 0.00) vs Bling (R$ 6.30)"
"127327";"FIXADOR BORRACHA EXCENTRICA";55;0;55;"90189099";"";115.00;115.00;"QTY_DIVERGENCE";"Estoque divergente: MGV (55) vs Bling (0) [Dif: +55] | NCM divergente: MGV (90189099) vs Bling (Não preenchido)"
"5153";"FONTE 12V 5A";0;0;0;"85044021";"";130.00;130.00;"FISCAL_DIVERGENCE";"NCM divergente: MGV (85044021) vs Bling (Não preenchido)"
"585";"FONTE 15 W";2;0;2;"85044021";"";120.00;120.00;"QTY_DIVERGENCE";"Estoque divergente: MGV (2) vs Bling (0) [Dif: +2] | NCM divergente: MGV (85044021) vs Bling (Não preenchido)"
"35012";"FONTE CHAVEADA 350W 90-264VCA/240-370VCC SAIDA 12VCC/29A - MEAN WELL";-1;0;-1;"85044029";"";2835.00;2835.00;"QTY_DIVERGENCE";"Estoque divergente: MGV (-1) vs Bling (0) [Dif: -1] | NCM divergente: MGV (85044029) vs Bling (Não preenchido)"
"790822721032";"FONTE DE ALIMENTAÇÃO";3;0;3;"85044021";"";0.00;1.00;"QTY_DIVERGENCE";"Estoque divergente: MGV (3) vs Bling (0) [Dif: +3] | NCM divergente: MGV (85044021) vs Bling (Não preenchido) | Preço divergente: MGV (R$ 0.00) vs Bling (R$ 1.00)"
"7908227210789";"FONTE DE ALIMENTAÇÃO 9V - 2A";7;0;7;"85044090";"";0.00;1.00;"QTY_DIVERGENCE";"Estoque divergente: MGV (7) vs Bling (0) [Dif: +7] | NCM divergente: MGV (85044090) vs Bling (Não preenchido) | Preço divergente: MGV (R$ 0.00) vs Bling (R$ 1.00)"
"7908227210321";"FONTE DE ALIMENTAÇÃO P4";7;0;7;"85044021";"";0.00;1.00;"QTY_DIVERGENCE";"Estoque divergente: MGV (7) vs Bling (0) [Dif: +7] | NCM divergente: MGV (85044021) vs Bling (Não preenchido) | Preço divergente: MGV (R$ 0.00) vs Bling (R$ 1.00)"
"5154";"FONTE TOMADA 12V 2A";-2;0;-2;"85044021";"";85.00;85.00;"QTY_DIVERGENCE";"Estoque divergente: MGV (-2) vs Bling (0) [Dif: -2] | NCM divergente: MGV (85044021) vs Bling (Não preenchido)"
"205025";"Filtro de Seringa PTFE 25mm  0,22µm";1;0;1;"84212990";"";20.00;20.00;"QTY_DIVERGENCE";"Estoque divergente: MGV (1) vs Bling (0) [Dif: +1] | NCM divergente: MGV (84212990) vs Bling (Não preenchido)"
"03029058";"GABINETE APLICADOR CLUSTER ANTARES";0;0;0;"39269090";"";44.00;44.00;"FISCAL_DIVERGENCE";"NCM divergente: MGV (39269090) vs Bling (Não preenchido)"
"3029059";"GABINETE APLICADOR CLUSTER GRANDE";-1;0;-1;"90189099";"";295.00;295.00;"QTY_DIVERGENCE";"Estoque divergente: MGV (-1) vs Bling (0) [Dif: -1] | NCM divergente: MGV (90189099) vs Bling (Não preenchido)"
"264";"GABINETE APLICADOR CLUSTER GRANDE ANTARES                                        NS: 0000000024";3;0;3;"39269090";"";295.00;295.00;"QTY_DIVERGENCE";"Estoque divergente: MGV (3) vs Bling (0) [Dif: +3] | NCM divergente: MGV (39269090) vs Bling (Não preenchido)"
"3029058";"GABINETE APLICADOR CLUSTER MEDIO ANTARES                                         NS: 0000000012";3;0;3;"84149039";"";0.00;66.00;"QTY_DIVERGENCE";"Estoque divergente: MGV (3) vs Bling (0) [Dif: +3] | NCM divergente: MGV (84149039) vs Bling (Não preenchido) | Preço divergente: MGV (R$ 0.00) vs Bling (R$ 66.00)"
"1508660";"GABINETE BASE G INJETADO MANOPLA CRIODERMIS";5;0;5;"39269090";"";395.00;395.00;"QTY_DIVERGENCE";"Estoque divergente: MGV (5) vs Bling (0) [Dif: +5] | NCM divergente: MGV (39269090) vs Bling (Não preenchido)"
"1508695";"GABINETE BASE M INJETADO MANOPLA CRIODERMIS";4;0;4;"39269090";"";375.00;375.00;"QTY_DIVERGENCE";"Estoque divergente: MGV (4) vs Bling (0) [Dif: +4] | NCM divergente: MGV (39269090) vs Bling (Não preenchido)"
"9294";"GABINETE BEAUTY STEAM INJETADO";2;0;2;"39269090";"";320.00;320.00;"QTY_DIVERGENCE";"Estoque divergente: MGV (2) vs Bling (0) [Dif: +2] | NCM divergente: MGV (39269090) vs Bling (Não preenchido)"
"3029074";"GABINETE FUNDO PARA VAPORIZADOR - (BRANCO) - LED THERAPY                         NS: 0000000099";4;0;4;"39269090";"";350.00;350.00;"QTY_DIVERGENCE";"Estoque divergente: MGV (4) vs Bling (0) [Dif: +4] | NCM divergente: MGV (39269090) vs Bling (Não preenchido)"
"7954";"GABINETE GRANDE PORTE-BORDA SUP. INJETADA CINZA ESPECIAL2018";3;0;3;"90189099";"";0.00;32.78;"QTY_DIVERGENCE";"Estoque divergente: MGV (3) vs Bling (0) [Dif: +3] | NCM divergente: MGV (90189099) vs Bling (Não preenchido) | Preço divergente: MGV (R$ 0.00) vs Bling (R$ 32.78)"
"2844";"GABINETE GRANDE PORTE-PARTE SUP. INJETADA BORDA CINZA";3;0;3;"90189099";"";0.00;60.44;"QTY_DIVERGENCE";"Estoque divergente: MGV (3) vs Bling (0) [Dif: +3] | NCM divergente: MGV (90189099) vs Bling (Não preenchido) | Preço divergente: MGV (R$ 0.00) vs Bling (R$ 60.44)"
"3030008";"GABINETE METALICO THERMOPULSE - SOLID STATE                                      NS: 0000000103";1;0;1;"85372090";"";0.00;2097.00;"QTY_DIVERGENCE";"Estoque divergente: MGV (1) vs Bling (0) [Dif: +1] | NCM divergente: MGV (85372090) vs Bling (Não preenchido) | Preço divergente: MGV (R$ 0.00) vs Bling (R$ 2097.00)"
"3029073";"GABINETE PAINEL PARA VAPORIZADOR - (BRANCO - LED THERAPY                         NS: 0000000102";3;0;3;"39269090";"";330.00;330.00;"QTY_DIVERGENCE";"Estoque divergente: MGV (3) vs Bling (0) [Dif: +3] | NCM divergente: MGV (39269090) vs Bling (Não preenchido)"
"3029022";"GABINETE PAINEL PARA VAPORIZADOR - (BRANCO)";5;0;5;"39199090";"";138.00;138.00;"QTY_DIVERGENCE";"Estoque divergente: MGV (5) vs Bling (0) [Dif: +5] | NCM divergente: MGV (39199090) vs Bling (Não preenchido)"
"1508687";"GABINETE TAMPA G INJETADO MANOPLA CRIODERMIS";11;0;11;"39269090";"";400.00;400.00;"QTY_DIVERGENCE";"Estoque divergente: MGV (11) vs Bling (0) [Dif: +11] | NCM divergente: MGV (39269090) vs Bling (Não preenchido)"
"322";"GABINETE TAMPA G INJETADO MANOPLA CRIODERMIS";11;0;11;"85013110";"";400.00;400.00;"QTY_DIVERGENCE";"Estoque divergente: MGV (11) vs Bling (0) [Dif: +11] | NCM divergente: MGV (85013110) vs Bling (Não preenchido)"
"1731300";"GABINETE TAMPA HAKON";4;0;4;"76042920";"";785.00;785.00;"QTY_DIVERGENCE";"Estoque divergente: MGV (4) vs Bling (0) [Dif: +4] | NCM divergente: MGV (76042920) vs Bling (Não preenchido)"
"1508709";"GABINETE TAMPA M INJETADO MANOPLA CRIODERMIS";0;0;0;"39269090";"";380.00;380.00;"FISCAL_DIVERGENCE";"NCM divergente: MGV (39269090) vs Bling (Não preenchido)"
"323";"GABINETE TAMPA M INJETADO MANOPLA CRIODERMIS";0;0;0;"85017290";"";380.00;380.00;"FISCAL_DIVERGENCE";"NCM divergente: MGV (85017290) vs Bling (Não preenchido)"
"3018396";"GANFET N-CH 650V 29A TO220 - TP65H070G4PS                                        NS: 0000000004";8;0;8;"85412920";"";0.00;112.94;"QTY_DIVERGENCE";"Estoque divergente: MGV (8) vs Bling (0) [Dif: +8] | NCM divergente: MGV (85412920) vs Bling (Não preenchido) | Preço divergente: MGV (R$ 0.00) vs Bling (R$ 112.94)"
"474";"GARRAFA PLÁSTICA 450 ML";8;0;8;"90189099";"";0.00;15.00;"QTY_DIVERGENCE";"Estoque divergente: MGV (8) vs Bling (0) [Dif: +8] | NCM divergente: MGV (90189099) vs Bling (Não preenchido) | Preço divergente: MGV (R$ 0.00) vs Bling (R$ 15.00)"
"2000000000002";"HECCUS IBRAMED";0;0;0;"90189099";"";500.00;500.00;"FISCAL_DIVERGENCE";"NCM divergente: MGV (90189099) vs Bling (Não preenchido)"
"012509RM04";"HTM AURIUS PLASMA NS:444611";0;0;0;"90189099";"";4090.00;4090.00;"FISCAL_DIVERGENCE";"NCM divergente: MGV (90189099) vs Bling (Não preenchido)"
"MP1677";"Haste Plastica P/ Console(Vibrocell) -";10;0;10;"39269090";"";110.00;110.00;"QTY_DIVERGENCE";"Estoque divergente: MGV (10) vs Bling (0) [Dif: +10] | NCM divergente: MGV (39269090) vs Bling (Não preenchido)"
"4430";"INDUTOR 330UH 3A";10;0;10;"85045090";"";0.00;9.93;"QTY_DIVERGENCE";"Estoque divergente: MGV (10) vs Bling (0) [Dif: +10] | NCM divergente: MGV (85045090) vs Bling (Não preenchido) | Preço divergente: MGV (R$ 0.00) vs Bling (R$ 9.93)"
"03019002";"INTERRUPTOR BIPOLAR 6A - 15223                                                   Ns: 0000000108";0;0;0;"85365090";"";5.10;5.10;"FISCAL_DIVERGENCE";"NCM divergente: MGV (85365090) vs Bling (Não preenchido)"
"3018039";"IXRFD630                                                                         NS: AUTO028456";2;0;2;"85412199";"";320.00;320.00;"QTY_DIVERGENCE";"Estoque divergente: MGV (2) vs Bling (0) [Dif: +2] | NCM divergente: MGV (85412199) vs Bling (Não preenchido)"
"3015096";"JACK J1 (PLUG ISOLADO) - 90O. SOLDA PLACA NS: 0000000109";92;0;92;"85366990";"";80.00;80.00;"QTY_DIVERGENCE";"Estoque divergente: MGV (92) vs Bling (0) [Dif: +92] | NCM divergente: MGV (85366990) vs Bling (Não preenchido)"
"00007";"JACK J1 (PLUG ISOLADO) - 90o. SOLDA PLACA                                        Ns: 0000000077";0;0;0;"85444200";"";3.36;3.36;"FISCAL_DIVERGENCE";"NCM divergente: MGV (85444200) vs Bling (Não preenchido)"
"03015096";"JACK J1 (PLUG ISOLADO) - 90o. SOLDA PLACA                                        Ns: 0000000093";0;0;0;"85444200";"";3.36;3.36;"FISCAL_DIVERGENCE";"NCM divergente: MGV (85444200) vs Bling (Não preenchido)"
"3067";"JUNTA ESFERICA - APLICADOR VIBRIA_HIBRIDI";65;0;65;"90189099";"";5.50;5.50;"QTY_DIVERGENCE";"Estoque divergente: MGV (65) vs Bling (0) [Dif: +65] | NCM divergente: MGV (90189099) vs Bling (Não preenchido)"
"504";"KIT ADAPTADOR VENTOSA DERMOTONUS PUCHIM";4;0;4;"39021010";"";59.90;59.90;"QTY_DIVERGENCE";"Estoque divergente: MGV (4) vs Bling (0) [Dif: +4] | NCM divergente: MGV (39021010) vs Bling (Não preenchido)"
"320";"KIT ASSISTENCIA FILTRO GRANDE HAKON";0;0;0;"84219999";"";990.00;990.00;"FISCAL_DIVERGENCE";"NCM divergente: MGV (84219999) vs Bling (Não preenchido)"
"746";"KIT CANETA DIAMANTADA ACRIL 5 PONTEIRAS";4;0;4;"76041010";"";249.90;249.90;"QTY_DIVERGENCE";"Estoque divergente: MGV (4) vs Bling (0) [Dif: +4] | NCM divergente: MGV (76041010) vs Bling (Não preenchido)"
"4889";"KIT FUNIL";2;0;2;"90189099";"";192.00;192.00;"QTY_DIVERGENCE";"Estoque divergente: MGV (2) vs Bling (0) [Dif: +2] | NCM divergente: MGV (90189099) vs Bling (Não preenchido)"
"25002191";"KIT RESERVATORIO HYGIADERMO VACUO EVT2211";1;0;1;"90330000";"";0.00;285.00;"QTY_DIVERGENCE";"Estoque divergente: MGV (1) vs Bling (0) [Dif: +1] | NCM divergente: MGV (90330000) vs Bling (Não preenchido) | Preço divergente: MGV (R$ 0.00) vs Bling (R$ 285.00)"
"20341";"KIT VENTOSA GLUTEO ACRIL 160 ENGATE 8MM";1;0;1;"39069021";"";169.90;169.90;"QTY_DIVERGENCE";"Estoque divergente: MGV (1) vs Bling (0) [Dif: +1] | NCM divergente: MGV (39069021) vs Bling (Não preenchido)"
"20340";"KIT VENTOSA GLUTEO ACRIL 160MM ENGATE 6MM";0;0;0;"39069021";"";169.90;169.90;"FISCAL_DIVERGENCE";"NCM divergente: MGV (39069021) vs Bling (Não preenchido)"
"550";"LAMPADA LUZ PULSADA";1;0;1;"85394900";"";0.00;1.00;"QTY_DIVERGENCE";"Estoque divergente: MGV (1) vs Bling (0) [Dif: +1] | NCM divergente: MGV (85394900) vs Bling (Não preenchido) | Preço divergente: MGV (R$ 0.00) vs Bling (R$ 1.00)"
"549";"LAMPADA LUZ PULSADA 500M";6;0;6;"85393900";"";0.00;1.00;"QTY_DIVERGENCE";"Estoque divergente: MGV (6) vs Bling (0) [Dif: +6] | NCM divergente: MGV (85393900) vs Bling (Não preenchido) | Preço divergente: MGV (R$ 0.00) vs Bling (R$ 1.00)"
"173";"LAMPADA NEON NE-2 COM RABICHO";5;0;5;"85393120";"";0.00;1.32;"QTY_DIVERGENCE";"Estoque divergente: MGV (5) vs Bling (0) [Dif: +5] | NCM divergente: MGV (85393120) vs Bling (Não preenchido) | Preço divergente: MGV (R$ 0.00) vs Bling (R$ 1.32)"
"11007";"LAMPADA TUBULAR 4W T5 UV";10;0;10;"85408990";"";0.00;43.52;"QTY_DIVERGENCE";"Estoque divergente: MGV (10) vs Bling (0) [Dif: +10] | NCM divergente: MGV (85408990) vs Bling (Não preenchido) | Preço divergente: MGV (R$ 0.00) vs Bling (R$ 43.52)"
"2000000000005";"LASER PULSE COM CANETA";0;0;0;"90189099";"";500.00;500.00;"FISCAL_DIVERGENCE";"NCM divergente: MGV (90189099) vs Bling (Não preenchido)"
"444";"MANGUEIRA DE PROTECAO 12MM EM SILICONE CINZA                                     Ns: 0000000067";2;0;2;"39173240";"";0.00;41.82;"QTY_DIVERGENCE";"Estoque divergente: MGV (2) vs Bling (0) [Dif: +2] | NCM divergente: MGV (39173240) vs Bling (Não preenchido) | Preço divergente: MGV (R$ 0.00) vs Bling (R$ 41.82)"
"3017068";"MANGUEIRA DE PROTEÇÃO";2;0;2;"39173900";"";0.00;1.00;"QTY_DIVERGENCE";"Estoque divergente: MGV (2) vs Bling (0) [Dif: +2] | NCM divergente: MGV (39173900) vs Bling (Não preenchido) | Preço divergente: MGV (R$ 0.00) vs Bling (R$ 1.00)"
"6904";"MANGUEIRA DE PROTEÇÃO DENTÁRIA CINZA DIAM INTERNO 20MM";5;0;5;"39173900";"";0.00;166.50;"QTY_DIVERGENCE";"Estoque divergente: MGV (5) vs Bling (0) [Dif: +5] | NCM divergente: MGV (39173900) vs Bling (Não preenchido) | Preço divergente: MGV (R$ 0.00) vs Bling (R$ 166.50)"
"4122";"MANGUEIRA DE SILICONE 5,0 X 9,0 004455";3;0;3;"39100021";"";0.00;45.65;"QTY_DIVERGENCE";"Estoque divergente: MGV (3) vs Bling (0) [Dif: +3] | NCM divergente: MGV (39100021) vs Bling (Não preenchido) | Preço divergente: MGV (R$ 0.00) vs Bling (R$ 45.65)"
"10750";"MANGUEIRA DE SILICONE 9,0X14,0 208";0;0;0;"39100021";"";0.00;56.16;"FISCAL_DIVERGENCE";"NCM divergente: MGV (39100021) vs Bling (Não preenchido) | Preço divergente: MGV (R$ 0.00) vs Bling (R$ 56.16)"
"3038272";"MANGUEIRA EM SILICONE";2;0;2;"39173900";"";0.00;1.00;"QTY_DIVERGENCE";"Estoque divergente: MGV (2) vs Bling (0) [Dif: +2] | NCM divergente: MGV (39173900) vs Bling (Não preenchido) | Preço divergente: MGV (R$ 0.00) vs Bling (R$ 1.00)"
"3038087";"MANGUEIRA EM SILICONE CINZA - 12 MM X 6 MM                                       Ns: 0000000101";2;0;2;"39269090";"";0.00;32.93;"QTY_DIVERGENCE";"Estoque divergente: MGV (2) vs Bling (0) [Dif: +2] | NCM divergente: MGV (39269090) vs Bling (Não preenchido) | Preço divergente: MGV (R$ 0.00) vs Bling (R$ 32.93)"
"446";"MANGUEIRA EM SILICONE CINZA - 17MM X 8 MM                                        Ns: 0000000008";2;0;2;"39173240";"";0.00;47.09;"QTY_DIVERGENCE";"Estoque divergente: MGV (2) vs Bling (0) [Dif: +2] | NCM divergente: MGV (39173240) vs Bling (Não preenchido) | Preço divergente: MGV (R$ 0.00) vs Bling (R$ 47.09)"
"2039040";"MANGUEIRA P/ CANETA APLICADORA DERMO ESTHETIC                                    NS: 1316681001";2;0;2;"39173229";"";210.00;210.00;"QTY_DIVERGENCE";"Estoque divergente: MGV (2) vs Bling (0) [Dif: +2] | NCM divergente: MGV (39173229) vs Bling (Não preenchido)"
"65938";"MANGUEIRA PU AZUL ESPIRAL EXT. 6,00 X 4,00 MM INT.  6 METROS /I";5;0;5;"39173900";"";0.00;25.50;"QTY_DIVERGENCE";"Estoque divergente: MGV (5) vs Bling (0) [Dif: +5] | NCM divergente: MGV (39173900) vs Bling (Não preenchido) | Preço divergente: MGV (R$ 0.00) vs Bling (R$ 25.50)"
"65940";"MANGUEIRA PU AZUL ESPIRAL EXT. 8,00 X 5,00 MM INT.  6 METROS /I";7;0;7;"39173900";"";99.99;99.99;"QTY_DIVERGENCE";"Estoque divergente: MGV (7) vs Bling (0) [Dif: +7] | NCM divergente: MGV (39173900) vs Bling (Não preenchido)"
"1229";"MB22016A - MEMBRANA TRIATHERM RGB PORTUGUES - PAINEL SUPERIOR";0;0;0;"39206100";"";230.00;230.00;"FISCAL_DIVERGENCE";"NCM divergente: MGV (39206100) vs Bling (Não preenchido)"
"2169";"MB22020A - MEMBRANA CAVICELL 40 RGB PORTUGUES - PAINEL SUPERIOR";1;0;1;"39206100";"";240.00;240.00;"QTY_DIVERGENCE";"Estoque divergente: MGV (1) vs Bling (0) [Dif: +1] | NCM divergente: MGV (39206100) vs Bling (Não preenchido)"
"3025275";"MECANISMO MONTADO APLICADOR MODELATTA                                            NS: 0000000082";4;0;4;"90330000";"";0.00;352.31;"QTY_DIVERGENCE";"Estoque divergente: MGV (4) vs Bling (0) [Dif: +4] | NCM divergente: MGV (90330000) vs Bling (Não preenchido) | Preço divergente: MGV (R$ 0.00) vs Bling (R$ 352.31)"
"5014080";"MEDICAL SAN CRIODERMIS FULL";0;0;0;"90189099";"";40000.00;40000.00;"FISCAL_DIVERGENCE";"NCM divergente: MGV (90189099) vs Bling (Não preenchido)"
"1732129";"MEMBRANA HAKON";3;0;3;"84239021";"";0.00;230.12;"QTY_DIVERGENCE";"Estoque divergente: MGV (3) vs Bling (0) [Dif: +3] | NCM divergente: MGV (84239021) vs Bling (Não preenchido) | Preço divergente: MGV (R$ 0.00) vs Bling (R$ 230.12)"
"02110118";"MINIVENTILADOR 60 X 60 X 20 - CONECTOR PEF1-03 - 13CM";0;0;0;"85444200";"";100.00;100.00;"FISCAL_DIVERGENCE";"NCM divergente: MGV (85444200) vs Bling (Não preenchido)"
"3015139";"MODULO DE ENTRADA AC - 3545 -T1B02AE";1;0;1;"85366990";"";180.00;180.00;"QTY_DIVERGENCE";"Estoque divergente: MGV (1) vs Bling (0) [Dif: +1] | NCM divergente: MGV (85366990) vs Bling (Não preenchido)"
"03015139";"MODULO DE ENTRADA AC - 3545-T1B02AE                                              Ns: 0000000048";0;0;0;"90189099";"";30.24;30.24;"FISCAL_DIVERGENCE";"NCM divergente: MGV (90189099) vs Bling (Não preenchido)"
"1772732";"MODULO DIODO A LASER COM APLICADOR SCANNER A SER UTILIZADO EM EQUIP. ESTETICO A LASER";0;0;0;"90189099";"";12628.04;12628.04;"FISCAL_DIVERGENCE";"NCM divergente: MGV (90189099) vs Bling (Não preenchido)"
"6752";"MODULO FORCA 2 PINOS C/ PORT.FUSIV/CHAVE EMBUTIR";3;0;3;"85366990";"";90.00;90.00;"QTY_DIVERGENCE";"Estoque divergente: MGV (3) vs Bling (0) [Dif: +3] | NCM divergente: MGV (85366990) vs Bling (Não preenchido)"
"1832020";"MODULO TERMOELETRICO PELTIER TES1-11709T125";2;0;2;"84186999";"";990.00;990.00;"QTY_DIVERGENCE";"Estoque divergente: MGV (2) vs Bling (0) [Dif: +2] | NCM divergente: MGV (84186999) vs Bling (Não preenchido)"
"3892";"MOLA INOX LO 12,00 X 4,60 MM INT X 0,45 MM FIO (DC1219- ALVA";3;0;3;"73202010";"";0.00;1.91;"QTY_DIVERGENCE";"Estoque divergente: MGV (3) vs Bling (0) [Dif: +3] | NCM divergente: MGV (73202010) vs Bling (Não preenchido) | Preço divergente: MGV (R$ 0.00) vs Bling (R$ 1.91)"
"3018083";"MOSFET FQA36P15                                                                  NS: 0000000023";2;0;2;"85412199";"";34.00;34.00;"QTY_DIVERGENCE";"Estoque divergente: MGV (2) vs Bling (0) [Dif: +2] | NCM divergente: MGV (85412199) vs Bling (Não preenchido)"
"03011313";"MOSFET N-CH 100V 36A TO220AB - IRL540NPBF                                        Ns: AUTO043783";0;0;0;"90189099";"";5.88;5.88;"FISCAL_DIVERGENCE";"NCM divergente: MGV (90189099) vs Bling (Não preenchido)"
"3065010";"MOTOR CL3570PKA-40C                                                              NS: 0000051511";2;0;2;"85013110";"";653.20;653.20;"QTY_DIVERGENCE";"Estoque divergente: MGV (2) vs Bling (0) [Dif: +2] | NCM divergente: MGV (85013110) vs Bling (Não preenchido)"
"2855";"MOTOR PRESSAO NEGATIVA JQB5177015 - 220V";0;0;0;"84141000";"";0.00;303.75;"FISCAL_DIVERGENCE";"NCM divergente: MGV (84141000) vs Bling (Não preenchido) | Preço divergente: MGV (R$ 0.00) vs Bling (R$ 303.75)"
"MP1947";"Motor Eletrico De Corrente Continua - Vibrocell";3;0;3;"85017290";"";1350.00;1350.00;"QTY_DIVERGENCE";"Estoque divergente: MGV (3) vs Bling (0) [Dif: +3] | NCM divergente: MGV (85017290) vs Bling (Não preenchido)"
"2000000000001";"NEURODYN ESTETIC IBRAMED";0;0;0;"90189099";"";250.00;250.00;"FISCAL_DIVERGENCE";"NCM divergente: MGV (90189099) vs Bling (Não preenchido)"
"2000000000007";"NEURODYN IBRAMED";0;0;0;"90189099";"";250.00;250.00;"FISCAL_DIVERGENCE";"NCM divergente: MGV (90189099) vs Bling (Não preenchido)"
"1733346";"NOVO KIT CABO HAKON FONTE 120";5;0;5;"85444900";"";0.00;138.86;"QTY_DIVERGENCE";"Estoque divergente: MGV (5) vs Bling (0) [Dif: +5] | NCM divergente: MGV (85444900) vs Bling (Não preenchido) | Preço divergente: MGV (R$ 0.00) vs Bling (R$ 138.86)"
"477";"NTC 50KOHMS 3MM";0;0;0;"85334011";"";27.70;27.70;"FISCAL_DIVERGENCE";"NCM divergente: MGV (85334011) vs Bling (Não preenchido)"
"BLING-16652219432";"Neurodyn II 4 Canais NS: 1406970006";0;0;0;"90189099";"";1000.00;1000.00;"FISCAL_DIVERGENCE";"NCM divergente: MGV (90189099) vs Bling (Não preenchido)"
"0013441";"OXITONE";0;0;0;"90189099";"";3800.00;3800.00;"FISCAL_DIVERGENCE";"NCM divergente: MGV (90189099) vs Bling (Não preenchido)"
"0186";"OZONIOTERAPIA E FOTOTERAPIA OXY COM VACUO";0;0;0;"90189099";"";9022.33;9022.33;"FISCAL_DIVERGENCE";"NCM divergente: MGV (90189099) vs Bling (Não preenchido)"
"186";"OZONIOTERAPIA E FOTOTERAPIA OXY COM VACUO";0;0;0;"90189099";"";9022.33;9022.33;"FISCAL_DIVERGENCE";"NCM divergente: MGV (90189099) vs Bling (Não preenchido)"
"441";"PAD DA AXCEL";3;0;3;"90189099";"";159.90;159.90;"QTY_DIVERGENCE";"Estoque divergente: MGV (3) vs Bling (0) [Dif: +3] | NCM divergente: MGV (90189099) vs Bling (Não preenchido)"
"6179";"PAINEL DE VIDRO DO GABINETE MEDIO PORTE";4;0;4;"84733011";"";0.00;1.00;"QTY_DIVERGENCE";"Estoque divergente: MGV (4) vs Bling (0) [Dif: +4] | NCM divergente: MGV (84733011) vs Bling (Não preenchido) | Preço divergente: MGV (R$ 0.00) vs Bling (R$ 1.00)"
"850046";"PAINEL LED APLICADOR CORPORAL (VACUO+RF+LED)";0;0;0;"90189099";"";595.00;595.00;"FISCAL_DIVERGENCE";"NCM divergente: MGV (90189099) vs Bling (Não preenchido)"
"4287";"PARTE DIREITA APLICADOR FILTRO INTERCAMBIAVEL (IMP)";2;0;2;"39269090";"";0.00;157.74;"QTY_DIVERGENCE";"Estoque divergente: MGV (2) vs Bling (0) [Dif: +2] | NCM divergente: MGV (39269090) vs Bling (Não preenchido) | Preço divergente: MGV (R$ 0.00) vs Bling (R$ 157.74)"
"4379";"PARTE ESQUERDA APLICADOR FILTRO INTERCAMBIAVEL (IMP)";2;0;2;"39269090";"";0.00;157.73;"QTY_DIVERGENCE";"Estoque divergente: MGV (2) vs Bling (0) [Dif: +2] | NCM divergente: MGV (39269090) vs Bling (Não preenchido) | Preço divergente: MGV (R$ 0.00) vs Bling (R$ 157.73)"
"52008";"PARTES E PECAS VALVULAS POWER SHAPE";3;0;3;"84819090";"";1700.00;1700.00;"QTY_DIVERGENCE";"Estoque divergente: MGV (3) vs Bling (0) [Dif: +3] | NCM divergente: MGV (84819090) vs Bling (Não preenchido)"
"324";"PASTILHA PELTIER TEC1-12704 41X41 12V 4A";3;0;3;"84186999";"";595.00;595.00;"QTY_DIVERGENCE";"Estoque divergente: MGV (3) vs Bling (0) [Dif: +3] | NCM divergente: MGV (84186999) vs Bling (Não preenchido)"
"36904";"PASTILHA PELTIER TEC1-12706 12V";10;0;10;"84195010";"";495.00;495.00;"QTY_DIVERGENCE";"Estoque divergente: MGV (10) vs Bling (0) [Dif: +10] | NCM divergente: MGV (84195010) vs Bling (Não preenchido)"
"25002509";"PCI MONTADA PCIF3R01 R05 - GERADORA NEW HERTIX";0;0;0;"85389010";"";1197.00;1197.00;"FISCAL_DIVERGENCE";"NCM divergente: MGV (85389010) vs Bling (Não preenchido)"
"25002415";"PCI MONTADA PCIK7W01R00 - PCI PAINEL NOVO US";-2;0;-2;"85389010";"";1500.00;1500.00;"QTY_DIVERGENCE";"Estoque divergente: MGV (-2) vs Bling (0) [Dif: -2] | NCM divergente: MGV (85389010) vs Bling (Não preenchido)"
"25002034";"PCI MONTADA PCIS1T02 R00 (CONTROLE US - MESUS)";1;0;1;"90329010";"";0.00;360.00;"QTY_DIVERGENCE";"Estoque divergente: MGV (1) vs Bling (0) [Dif: +1] | NCM divergente: MGV (90329010) vs Bling (Não preenchido) | Preço divergente: MGV (R$ 0.00) vs Bling (R$ 360.00)"
"25002036";"PCI MONTADA PCIS1T04 R00 (SAIDA US - MESUS)";1;0;1;"90329010";"";0.00;576.00;"QTY_DIVERGENCE";"Estoque divergente: MGV (1) vs Bling (0) [Dif: +1] | NCM divergente: MGV (90329010) vs Bling (Não preenchido) | Preço divergente: MGV (R$ 0.00) vs Bling (R$ 576.00)"
"80012294";"PCI PCIC4V02R01 - PCI TRANSFORMADOR IMPORTADO PLASMAX";2;0;2;"90329010";"";0.00;21.14;"QTY_DIVERGENCE";"Estoque divergente: MGV (2) vs Bling (0) [Dif: +2] | NCM divergente: MGV (90329010) vs Bling (Não preenchido) | Preço divergente: MGV (R$ 0.00) vs Bling (R$ 21.14)"
"16154";"PEDALEIRA CORPO PLASTICO SEM PROTECAO 1NA+1NF 10A 250VAC - TFS-01-L1 TELUZ TFS-01-L1";2;0;2;"85365090";"";170.00;170.00;"QTY_DIVERGENCE";"Estoque divergente: MGV (2) vs Bling (0) [Dif: +2] | NCM divergente: MGV (85365090) vs Bling (Não preenchido)"
"16153";"PEDALEIRA CORPO PLASTICO SEM PROTECAO 1NA+1NF 10A 250VAC - TFS-201-L1 TELUZ TFS-201-L1";2;0;2;"85365090";"";170.00;170.00;"QTY_DIVERGENCE";"Estoque divergente: MGV (2) vs Bling (0) [Dif: +2] | NCM divergente: MGV (85365090) vs Bling (Não preenchido)"
"478";"PEGADOR INJETADO CONCENTRICA - INTIMA BRANCO";3;0;3;"90189099";"";0.00;1.00;"QTY_DIVERGENCE";"Estoque divergente: MGV (3) vs Bling (0) [Dif: +3] | NCM divergente: MGV (90189099) vs Bling (Não preenchido) | Preço divergente: MGV (R$ 0.00) vs Bling (R$ 1.00)"
"03038513";"PELTIER TEC1-127-06-12-4040-405-66-1                                             Ns: 0000000012";0;0;0;"90189099";"";251.44;251.44;"FISCAL_DIVERGENCE";"NCM divergente: MGV (90189099) vs Bling (Não preenchido)"
"3034012";"PEN DRIVE";1;0;1;"85235110";"";420.00;420.00;"QTY_DIVERGENCE";"Estoque divergente: MGV (1) vs Bling (0) [Dif: +1] | NCM divergente: MGV (85235110) vs Bling (Não preenchido)"
"3015075";"PINO BANANA PV 1061 - PRETO                                                      Ns: 0000000066";75;0;75;"85366990";"";25.00;25.00;"QTY_DIVERGENCE";"Estoque divergente: MGV (75) vs Bling (0) [Dif: +75] | NCM divergente: MGV (85366990) vs Bling (Não preenchido)"
"3015073";"PINO BANANA PV 1061 - VERMELHO   (VENDAS)                                        NS: 0000000046";75;0;75;"85366990";"";25.00;25.00;"QTY_DIVERGENCE";"Estoque divergente: MGV (75) vs Bling (0) [Dif: +75] | NCM divergente: MGV (85366990) vs Bling (Não preenchido)"
"11215";"PINO REVESTIDO DO SUP. APLICADOR ACRUS";3;0;3;"90330000";"";0.00;14.25;"QTY_DIVERGENCE";"Estoque divergente: MGV (3) vs Bling (0) [Dif: +3] | NCM divergente: MGV (90330000) vs Bling (Não preenchido) | Preço divergente: MGV (R$ 0.00) vs Bling (R$ 14.25)"
"009733";"PLACA BEAUTY DERMO MAXX R3";0;0;0;"90189099";"";452.97;452.97;"FISCAL_DIVERGENCE";"NCM divergente: MGV (90189099) vs Bling (Não preenchido)"
"009874 ";"PLACA BEAUTY FACE R6";5;0;5;"90189099";"";0.00;1.00;"QTY_DIVERGENCE";"Estoque divergente: MGV (5) vs Bling (0) [Dif: +5] | NCM divergente: MGV (90189099) vs Bling (Não preenchido) | Preço divergente: MGV (R$ 0.00) vs Bling (R$ 1.00)"
"2039702";"PLACA BIVOLT LYRA                                                                NS: 1469420007";1;0;1;"85389010";"";0.00;116.40;"QTY_DIVERGENCE";"Estoque divergente: MGV (1) vs Bling (0) [Dif: +1] | NCM divergente: MGV (85389010) vs Bling (Não preenchido) | Preço divergente: MGV (R$ 0.00) vs Bling (R$ 116.40)"
"2110030";"PLACA CENTELHADORA";8;0;8;"85363010";"";220.00;220.00;"QTY_DIVERGENCE";"Estoque divergente: MGV (8) vs Bling (0) [Dif: +8] | NCM divergente: MGV (85363010) vs Bling (Não preenchido)"
"298";"PLACA CENTELHADORA                                                               NS: 1428440053";0;0;0;"85389010";"";0.00;176.79;"FISCAL_DIVERGENCE";"NCM divergente: MGV (85389010) vs Bling (Não preenchido) | Preço divergente: MGV (R$ 0.00) vs Bling (R$ 176.79)"
"0211003.0";"PLACA CENTELHADORA                                                               Ns: 1428440060";0;0;0;"90189099";"";67.20;67.20;"FISCAL_DIVERGENCE";"NCM divergente: MGV (90189099) vs Bling (Não preenchido)"
"2110247";"PLACA CENTELHADORA PARA DERMOSTEAM 220V";1;0;1;"85363010";"";235.00;235.00;"QTY_DIVERGENCE";"Estoque divergente: MGV (1) vs Bling (0) [Dif: +1] | NCM divergente: MGV (85363010) vs Bling (Não preenchido)"
"7405";"PLACA CLUSTER MAXX LED AMBAR+LASER INFRAVERMELHO R1";2;0;2;"90189099";"";450.00;450.00;"QTY_DIVERGENCE";"Estoque divergente: MGV (2) vs Bling (0) [Dif: +2] | NCM divergente: MGV (90189099) vs Bling (Não preenchido)"
"7403";"PLACA CLUSTER MAXX LED AZUL + LASER VERMELHO R1";2;0;2;"90189099";"";380.00;380.00;"QTY_DIVERGENCE";"Estoque divergente: MGV (2) vs Bling (0) [Dif: +2] | NCM divergente: MGV (90189099) vs Bling (Não preenchido)"
"694";"PLACA CLUSTER MAXX LED VERMELHO+LASER IR R1";0;0;0;"90189099";"";490.00;490.00;"FISCAL_DIVERGENCE";"NCM divergente: MGV (90189099) vs Bling (Não preenchido)"
"02039897";"PLACA CLUSTER P1 - RGB ANTARES";0;0;0;"90189099";"";1104.00;1104.00;"FISCAL_DIVERGENCE";"NCM divergente: MGV (90189099) vs Bling (Não preenchido)"
"172533";"PLACA CONTROLADORA DISPLAY TOUCH 4,3 (REV02- NOVO C.I.)";0;0;0;"90189099";"";261.00;261.00;"FISCAL_DIVERGENCE";"NCM divergente: MGV (90189099) vs Bling (Não preenchido)"
"10067";"PLACA CONTROLE ACRUS R2";1;0;1;"90189099";"";0.00;2027.72;"QTY_DIVERGENCE";"Estoque divergente: MGV (1) vs Bling (0) [Dif: +1] | NCM divergente: MGV (90189099) vs Bling (Não preenchido) | Preço divergente: MGV (R$ 0.00) vs Bling (R$ 2027.72)"
"010737";"PLACA CONTROLE BEAUTY STEAM  (2020) R02";1;0;1;"90189099";"";0.00;1.00;"QTY_DIVERGENCE";"Estoque divergente: MGV (1) vs Bling (0) [Dif: +1] | NCM divergente: MGV (90189099) vs Bling (Não preenchido) | Preço divergente: MGV (R$ 0.00) vs Bling (R$ 1.00)"
"10737";"PLACA CONTROLE BEAUTY STEAM (2020) R2";0;0;0;"85371090";"";475.00;475.00;"FISCAL_DIVERGENCE";"NCM divergente: MGV (85371090) vs Bling (Não preenchido)"
"2110037";"PLACA CONTROLE CRYOTECAR PCI";1;0;1;"90189099";"";257.00;257.00;"QTY_DIVERGENCE";"Estoque divergente: MGV (1) vs Bling (0) [Dif: +1] | NCM divergente: MGV (90189099) vs Bling (Não preenchido)"
"02110037";"PLACA CONTROLE CRYOTECAR PCI RFC010101                                           Ns: 1529360177";0;0;0;"90189099";"";128.80;128.80;"FISCAL_DIVERGENCE";"NCM divergente: MGV (90189099) vs Bling (Não preenchido)"
"2039597";"PLACA CONTROLE HECCUS TURBO                                                      NS: 1477190005";1;0;1;"85389010";"";3600.00;3600.00;"QTY_DIVERGENCE";"Estoque divergente: MGV (1) vs Bling (0) [Dif: +1] | NCM divergente: MGV (85389010) vs Bling (Não preenchido)"
"2071759";"PLACA CONTROLE NEURODRYN PORTABLE TENS FES";2;0;2;"85371090";"";27.00;27.00;"QTY_DIVERGENCE";"Estoque divergente: MGV (2) vs Bling (0) [Dif: +2] | NCM divergente: MGV (85371090) vs Bling (Não preenchido)"
"02071729";"PLACA CONTROLE NEURODYN PORTABLE SYSTEM                                          Ns: 1358660052";0;0;0;"90189099";"";423.00;423.00;"FISCAL_DIVERGENCE";"NCM divergente: MGV (90189099) vs Bling (Não preenchido)"
"BLING-16493071812";"PLACA CONTROLE NEURODYN PORTABLE SYSTEM                                          Ns: 1441470404";0;0;0;"90189099";"";423.00;423.00;"FISCAL_DIVERGENCE";"NCM divergente: MGV (90189099) vs Bling (Não preenchido)"
"BLING-16493071811";"PLACA CONTROLE NEURODYN PORTABLE SYSTEM                                          Ns: 1441470405";0;0;0;"90189099";"";423.00;423.00;"FISCAL_DIVERGENCE";"NCM divergente: MGV (90189099) vs Bling (Não preenchido)"
"02110259";"PLACA CONTROLE NEURODYN PORTABLE TENS";0;0;0;"90189099";"";231.20;231.20;"FISCAL_DIVERGENCE";"NCM divergente: MGV (90189099) vs Bling (Não preenchido)"
"BLING-16388979754";"PLACA CONTROLE NEURODYN PORTABLE TENS                                            Ns: 1356760025";0;0;0;"90189099";"";319.20;319.20;"FISCAL_DIVERGENCE";"NCM divergente: MGV (90189099) vs Bling (Não preenchido)"
"02039139";"PLACA CONTROLE NEURODYN PORTABLE TENS / FES                                      Ns: 0993030014";0;0;0;"90189099";"";231.20;231.20;"FISCAL_DIVERGENCE";"NCM divergente: MGV (90189099) vs Bling (Não preenchido)"
"BLING-16392629844";"PLACA CONTROLE NEURODYN PORTABLE TENS FES                                        Ns: 1393940676";0;0;0;"90189099";"";319.20;319.20;"FISCAL_DIVERGENCE";"NCM divergente: MGV (90189099) vs Bling (Não preenchido)"
"3032152";"PLACA CONTROLE SMD PCI  CAU010101 - MONTADA                                      Ns: 0225055788";1;0;1;"85389010";"";0.00;495.00;"QTY_DIVERGENCE";"Estoque divergente: MGV (1) vs Bling (0) [Dif: +1] | NCM divergente: MGV (85389010) vs Bling (Não preenchido) | Preço divergente: MGV (R$ 0.00) vs Bling (R$ 495.00)"
"2039437";"PLACA CONTROLE SONOPULSE COMPACT 1MHZ                                            NS: 1295690103";2;0;2;"85389010";"";0.00;735.11;"QTY_DIVERGENCE";"Estoque divergente: MGV (2) vs Bling (0) [Dif: +2] | NCM divergente: MGV (85389010) vs Bling (Não preenchido) | Preço divergente: MGV (R$ 0.00) vs Bling (R$ 735.11)"
"02071290";"PLACA CONTROLE SONOPULSE COMPACT 3 MHZ VS 2";0;0;0;"90189099";"";798.40;798.40;"FISCAL_DIVERGENCE";"NCM divergente: MGV (90189099) vs Bling (Não preenchido)"
"2039438";"PLACA CONTROLE SONOPULSE COMPACT 3MHZ";1;0;1;"90189099";"";0.00;598.80;"QTY_DIVERGENCE";"Estoque divergente: MGV (1) vs Bling (0) [Dif: +1] | NCM divergente: MGV (90189099) vs Bling (Não preenchido) | Preço divergente: MGV (R$ 0.00) vs Bling (R$ 598.80)"
"2039238";"PLACA CONTROLE SONOPULSE II";1;0;1;"90189099";"";0.00;1.00;"QTY_DIVERGENCE";"Estoque divergente: MGV (1) vs Bling (0) [Dif: +1] | NCM divergente: MGV (90189099) vs Bling (Não preenchido) | Preço divergente: MGV (R$ 0.00) vs Bling (R$ 1.00)"
"BLING-16233272551";"PLACA CRIODERMIS M0015";0;0;0;"90189099";"";557.64;557.64;"FISCAL_DIVERGENCE";"NCM divergente: MGV (90189099) vs Bling (Não preenchido)"
"2110184";"PLACA DISPLAY SMD PCI LCD010101A                                                 NS: AUTO043838";1;0;1;"85389010";"";260.00;260.00;"QTY_DIVERGENCE";"Estoque divergente: MGV (1) vs Bling (0) [Dif: +1] | NCM divergente: MGV (85389010) vs Bling (Não preenchido)"
"7390";"PLACA DRIVER LASER CLUSTER FLUENCE R1";4;0;4;"90189099";"";0.00;18.00;"QTY_DIVERGENCE";"Estoque divergente: MGV (4) vs Bling (0) [Dif: +4] | NCM divergente: MGV (90189099) vs Bling (Não preenchido) | Preço divergente: MGV (R$ 0.00) vs Bling (R$ 18.00)"
"005508";"PLACA DRIVER SONIC COMPACT REV 01";1;0;1;"85371090";"";0.00;256.50;"QTY_DIVERGENCE";"Estoque divergente: MGV (1) vs Bling (0) [Dif: +1] | NCM divergente: MGV (85371090) vs Bling (Não preenchido) | Preço divergente: MGV (R$ 0.00) vs Bling (R$ 256.50)"
"5508";"PLACA DRIVER SONIC COMPACT REV.01";6;0;6;"85371090";"";700.00;700.00;"QTY_DIVERGENCE";"Estoque divergente: MGV (6) vs Bling (0) [Dif: +6] | NCM divergente: MGV (85371090) vs Bling (Não preenchido)"
"1688";"PLACA ELETRONICA - VIBROCELL";4;0;4;"90329010";"";0.00;663.00;"QTY_DIVERGENCE";"Estoque divergente: MGV (4) vs Bling (0) [Dif: +4] | NCM divergente: MGV (90329010) vs Bling (Não preenchido) | Preço divergente: MGV (R$ 0.00) vs Bling (R$ 663.00)"
"2039261";"PLACA FONTE 10,5V / 5A";1;0;1;"85044021";"";0.00;97.20;"QTY_DIVERGENCE";"Estoque divergente: MGV (1) vs Bling (0) [Dif: +1] | NCM divergente: MGV (85044021) vs Bling (Não preenchido) | Preço divergente: MGV (R$ 0.00) vs Bling (R$ 97.20)"
"2110078";"PLACA FONTE 32V 120W MODELLATA";2;0;2;"85044021";"";0.00;332.40;"QTY_DIVERGENCE";"Estoque divergente: MGV (2) vs Bling (0) [Dif: +2] | NCM divergente: MGV (85044021) vs Bling (Não preenchido) | Preço divergente: MGV (R$ 0.00) vs Bling (R$ 332.40)"
"2039335";"PLACA FONTE 65 / 12 - 250W                                                       NS: 1235520007";1;0;1;"90330000";"";697.00;697.00;"QTY_DIVERGENCE";"Estoque divergente: MGV (1) vs Bling (0) [Dif: +1] | NCM divergente: MGV (90330000) vs Bling (Não preenchido)"
"2039575";"PLACA FONTE 90V/300W";1;0;1;"85044021";"";0.00;697.53;"QTY_DIVERGENCE";"Estoque divergente: MGV (1) vs Bling (0) [Dif: +1] | NCM divergente: MGV (85044021) vs Bling (Não preenchido) | Preço divergente: MGV (R$ 0.00) vs Bling (R$ 697.53)"
"2071704";"PLACA FONTE CHAVEADA 12V - 90W";0;0;0;"85389010";"";650.00;650.00;"FISCAL_DIVERGENCE";"NCM divergente: MGV (85389010) vs Bling (Não preenchido)"
"BLING-16686895177";"PLACA FONTE CHAVEADA 12V - 90W                                                   Ns: 1592690021";0;0;0;"85044021";"";206.08;206.08;"FISCAL_DIVERGENCE";"NCM divergente: MGV (85044021) vs Bling (Não preenchido)"
"2071671";"PLACA FONTE CHAVEADA 12V / 12W                                                   NS: 1523270180";4;0;4;"85389010";"";270.00;270.00;"QTY_DIVERGENCE";"Estoque divergente: MGV (4) vs Bling (0) [Dif: +4] | NCM divergente: MGV (85389010) vs Bling (Não preenchido)"
"02110344";"PLACA FONTE CHAVEADA 17V / 45W - PSU190101                                       Ns: 1559870773";0;0;0;"85044021";"";92.40;92.40;"FISCAL_DIVERGENCE";"NCM divergente: MGV (85044021) vs Bling (Não preenchido)"
"2039452";"PLACA FONTE CHAVEADA 17V/45W                                                     NS: AUTO044496";3;0;3;"85389010";"";0.00;122.30;"QTY_DIVERGENCE";"Estoque divergente: MGV (3) vs Bling (0) [Dif: +3] | NCM divergente: MGV (85389010) vs Bling (Não preenchido) | Preço divergente: MGV (R$ 0.00) vs Bling (R$ 122.30)"
"2039614";"PLACA FONTE CHAVEADA 45V / 300W";1;0;1;"85044021";"";0.00;418.80;"QTY_DIVERGENCE";"Estoque divergente: MGV (1) vs Bling (0) [Dif: +1] | NCM divergente: MGV (85044021) vs Bling (Não preenchido) | Preço divergente: MGV (R$ 0.00) vs Bling (R$ 418.80)"
"2039492";"PLACA FONTE CHAVEADA 78V - 400W";1;0;1;"85044021";"";0.00;252.00;"QTY_DIVERGENCE";"Estoque divergente: MGV (1) vs Bling (0) [Dif: +1] | NCM divergente: MGV (85044021) vs Bling (Não preenchido) | Preço divergente: MGV (R$ 0.00) vs Bling (R$ 252.00)"
"BLING-16295877000";"PLACA FONTE CHAVEADA POTENCIA 80V / CONTROLE 80V                                 Ns: 1216440001";0;0;0;"85044021";"";463.20;463.20;"FISCAL_DIVERGENCE";"NCM divergente: MGV (85044021) vs Bling (Não preenchido)"
"02110024";"PLACA FONTE CHAVEADA POTENCIA 80V / CONTROLE 80V                                 Ns: 1453030274";0;0;0;"85044021";"";324.24;324.24;"FISCAL_DIVERGENCE";"NCM divergente: MGV (85044021) vs Bling (Não preenchido)"
"479";"PLACA HANDLE CRIUSCULPT RESINADA R2 
NCM 90189099.";1;0;1;"90189099";"";0.00;1.00;"QTY_DIVERGENCE";"Estoque divergente: MGV (1) vs Bling (0) [Dif: +1] | NCM divergente: MGV (90189099) vs Bling (Não preenchido) | Preço divergente: MGV (R$ 0.00) vs Bling (R$ 1.00)"
"2039537";"PLACA HF IBRAMED";13;0;13;"85371090";"";150.00;150.00;"QTY_DIVERGENCE";"Estoque divergente: MGV (13) vs Bling (0) [Dif: +13] | NCM divergente: MGV (85371090) vs Bling (Não preenchido)"
"8674";"PLACA HIBRIDI (2021) R5";1;0;1;"90189099";"";3200.00;3200.00;"QTY_DIVERGENCE";"Estoque divergente: MGV (1) vs Bling (0) [Dif: +1] | NCM divergente: MGV (90189099) vs Bling (Não preenchido)"
"10070";"PLACA INTERFACE APLICADOR ACRUS R1";5;0;5;"90189099";"";0.00;124.50;"QTY_DIVERGENCE";"Estoque divergente: MGV (5) vs Bling (0) [Dif: +5] | NCM divergente: MGV (90189099) vs Bling (Não preenchido) | Preço divergente: MGV (R$ 0.00) vs Bling (R$ 124.50)"
"1719335";"PLACA M0140 MODULO BLUETOOTH 180";2;0;2;"85340033";"";0.00;352.80;"QTY_DIVERGENCE";"Estoque divergente: MGV (2) vs Bling (0) [Dif: +2] | NCM divergente: MGV (85340033) vs Bling (Não preenchido) | Preço divergente: MGV (R$ 0.00) vs Bling (R$ 352.80)"
"1722808";"PLACA M446 NOVO DERMOVACUO PULSADO";1;0;1;"85340033";"";0.00;375.65;"QTY_DIVERGENCE";"Estoque divergente: MGV (1) vs Bling (0) [Dif: +1] | NCM divergente: MGV (85340033) vs Bling (Não preenchido) | Preço divergente: MGV (R$ 0.00) vs Bling (R$ 375.65)"
"PMCPU026.04";"PLACA MONTADA CPU LUMMER R04 LOTE(S): 1185256";0;0;0;"90189099";"";150.00;150.00;"FISCAL_DIVERGENCE";"NCM divergente: MGV (90189099) vs Bling (Não preenchido)"
"5102";"PLACA MONTADA CPU SPECTRA R2";3;0;3;"90330000";"";970.00;970.00;"QTY_DIVERGENCE";"Estoque divergente: MGV (3) vs Bling (0) [Dif: +3] | NCM divergente: MGV (90330000) vs Bling (Não preenchido)"
"CFOP6949";"PLACA MONTADA INTERFACE DISPLAY 128 X 64 AZ R01";0;0;0;"90189099";"";100.83;100.83;"FISCAL_DIVERGENCE";"NCM divergente: MGV (90189099) vs Bling (Não preenchido)"
"1400";"PLACA MONTADA INTERFACE DISPLAY 128 X 64 VELOX E LIPOSOON";2;0;2;"90330000";"";0.00;365.90;"QTY_DIVERGENCE";"Estoque divergente: MGV (2) vs Bling (0) [Dif: +2] | NCM divergente: MGV (90330000) vs Bling (Não preenchido) | Preço divergente: MGV (R$ 0.00) vs Bling (R$ 365.90)"
"9901";"PLACA MONTADA MANOPLA 3 FUNÇOES (ILUMIN + ELETRODO) NIOO R01";2;0;2;"90330000";"";0.00;197.36;"QTY_DIVERGENCE";"Estoque divergente: MGV (2) vs Bling (0) [Dif: +2] | NCM divergente: MGV (90330000) vs Bling (Não preenchido) | Preço divergente: MGV (R$ 0.00) vs Bling (R$ 197.36)"
"9600";"PLACA MONTADA MANOPLA 3 FUNÇOES RADIOMETRO NIOO";2;0;2;"90330000";"";0.00;580.80;"QTY_DIVERGENCE";"Estoque divergente: MGV (2) vs Bling (0) [Dif: +2] | NCM divergente: MGV (90330000) vs Bling (Não preenchido) | Preço divergente: MGV (R$ 0.00) vs Bling (R$ 580.80)"
"3702";"PLACA MONTADA MANOPLA BICORPORAL R02";8;0;8;"85389010";"";87.00;87.00;"QTY_DIVERGENCE";"Estoque divergente: MGV (8) vs Bling (0) [Dif: +8] | NCM divergente: MGV (85389010) vs Bling (Não preenchido)"
"8201";"PLACA MONTADA MANOPLA BIPOLAR C NOVO TERMOMETRO G3 A R01";1;0;1;"90330000";"";0.00;363.30;"QTY_DIVERGENCE";"Estoque divergente: MGV (1) vs Bling (0) [Dif: +1] | NCM divergente: MGV (90330000) vs Bling (Não preenchido) | Preço divergente: MGV (R$ 0.00) vs Bling (R$ 363.30)"
"903";"PLACA MONTADA MANOPLA BIPOLAR CTERMOMETRO R03";0;0;0;"90330000";"";0.00;359.97;"FISCAL_DIVERGENCE";"NCM divergente: MGV (90330000) vs Bling (Não preenchido) | Preço divergente: MGV (R$ 0.00) vs Bling (R$ 359.97)"
"5800";"PLACA MONTADA MANOPLA MONOPOLAR C TERMOMETRO G3 A";0;0;0;"90330000";"";0.00;594.51;"FISCAL_DIVERGENCE";"NCM divergente: MGV (90330000) vs Bling (Não preenchido) | Preço divergente: MGV (R$ 0.00) vs Bling (R$ 594.51)"
"10500";"PLACA MONTADA MANOPLA TRINITY FACIAL RADIOMETRO NIOO";1;0;1;"90330000";"";730.00;730.00;"QTY_DIVERGENCE";"Estoque divergente: MGV (1) vs Bling (0) [Dif: +1] | NCM divergente: MGV (90330000) vs Bling (Não preenchido)"
"4102";"PLACA MONTADA MODULO OXITONE PRO R02";2;0;2;"90330000";"";0.00;653.54;"QTY_DIVERGENCE";"Estoque divergente: MGV (2) vs Bling (0) [Dif: +2] | NCM divergente: MGV (90330000) vs Bling (Não preenchido) | Preço divergente: MGV (R$ 0.00) vs Bling (R$ 653.54)"
"3503";"PLACA MONTADA MODULO OXY SEM VACUO R03";1;0;1;"90330000";"";0.00;248.70;"QTY_DIVERGENCE";"Estoque divergente: MGV (1) vs Bling (0) [Dif: +1] | NCM divergente: MGV (90330000) vs Bling (Não preenchido) | Preço divergente: MGV (R$ 0.00) vs Bling (R$ 248.70)"
"2402";"PLACA MONTADA MODULO RECONHECIMENTO SPECTRA MEDIC R02";1;0;1;"90330000";"";2360.00;2360.00;"QTY_DIVERGENCE";"Estoque divergente: MGV (1) vs Bling (0) [Dif: +1] | NCM divergente: MGV (90330000) vs Bling (Não preenchido)"
"3900";"PLACA MONTADA MODULO RECONHECIMENTO SPECTRA RECERT.";1;0;1;"90330000";"";0.00;460.89;"QTY_DIVERGENCE";"Estoque divergente: MGV (1) vs Bling (0) [Dif: +1] | NCM divergente: MGV (90330000) vs Bling (Não preenchido) | Preço divergente: MGV (R$ 0.00) vs Bling (R$ 460.89)"
"BLING-16686851997";"PLACA MS1007 ULTRAMAX 4.0";0;0;0;"90189099";"";461.87;461.87;"FISCAL_DIVERGENCE";"NCM divergente: MGV (90189099) vs Bling (Não preenchido)"
"10743";"PLACA SAIDA BEAUTY STEAM (2020) R2";0;0;0;"85371090";"";621.00;621.00;"FISCAL_DIVERGENCE";"NCM divergente: MGV (85371090) vs Bling (Não preenchido)"
"10746";"PLACA SAIDA BEAUTY STEAM MAXX R2";1;0;1;"85371090";"";715.00;715.00;"QTY_DIVERGENCE";"Estoque divergente: MGV (1) vs Bling (0) [Dif: +1] | NCM divergente: MGV (85371090) vs Bling (Não preenchido)"
"3032094";"PLACA SMD APLICADOR MODELLATA PCI4013 MONTADA                                    Ns: 0225055748";4;0;4;"85389010";"";0.00;287.28;"QTY_DIVERGENCE";"Estoque divergente: MGV (4) vs Bling (0) [Dif: +4] | NCM divergente: MGV (85389010) vs Bling (Não preenchido) | Preço divergente: MGV (R$ 0.00) vs Bling (R$ 287.28)"
"3032199";"PLACA SMD APLICADOR PCI LAS060103A  - MONTADA                                    Ns: 0225049558";2;0;2;"85389010";"";0.00;632.91;"QTY_DIVERGENCE";"Estoque divergente: MGV (2) vs Bling (0) [Dif: +2] | NCM divergente: MGV (85389010) vs Bling (Não preenchido) | Preço divergente: MGV (R$ 0.00) vs Bling (R$ 632.91)"
"BLING-16392628427";"PLACA SMD APLICADOR PLANO - PCI CLT010104 - MONTADA                              Ns: 0224041874";0;0;0;"90189099";"";170.43;170.43;"FISCAL_DIVERGENCE";"NCM divergente: MGV (90189099) vs Bling (Não preenchido)"
"3032058";"PLACA SMD APLICADOR POLARYS - PCI 13012 - MONTADA                                NS: 0225051613";2;0;2;"85389010";"";0.00;350.67;"QTY_DIVERGENCE";"Estoque divergente: MGV (2) vs Bling (0) [Dif: +2] | NCM divergente: MGV (85389010) vs Bling (Não preenchido) | Preço divergente: MGV (R$ 0.00) vs Bling (R$ 350.67)"
"3032036";"PLACA SMD APLICADOR SONOFOCUS PCI 3031 MONTADA                                   NS: 0000000010";3;0;3;"84733090";"";100.00;100.00;"QTY_DIVERGENCE";"Estoque divergente: MGV (3) vs Bling (0) [Dif: +3] | NCM divergente: MGV (84733090) vs Bling (Não preenchido)"
"2110236";"PLACA SMD HF IBRAMED PCI - MONTADA";14;0;14;"85371090";"";27.00;27.00;"QTY_DIVERGENCE";"Estoque divergente: MGV (14) vs Bling (0) [Dif: +14] | NCM divergente: MGV (85371090) vs Bling (Não preenchido)"
"02110507";"PLACA SMD POTENCIA PCI RFC010102                                                 Ns: 1538920001";0;0;0;"90189099";"";332.64;332.64;"FISCAL_DIVERGENCE";"NCM divergente: MGV (90189099) vs Bling (Não preenchido)"
"03032197";"PLACA SMD RESERVATORIO PCI LAS060104B- MONTADA";0;0;0;"90189099";"";44.00;44.00;"FISCAL_DIVERGENCE";"NCM divergente: MGV (90189099) vs Bling (Não preenchido)"
"663";"PLACA STIM CARE R4 (TK)";0;0;0;"85371090";"";600.00;600.00;"FISCAL_DIVERGENCE";"NCM divergente: MGV (85371090) vs Bling (Não preenchido)"
"000663 ";"PLACA STIM CARE R4 (TK)";1;0;1;"85371090";"";0.00;735.57;"QTY_DIVERGENCE";"Estoque divergente: MGV (1) vs Bling (0) [Dif: +1] | NCM divergente: MGV (85371090) vs Bling (Não preenchido) | Preço divergente: MGV (R$ 0.00) vs Bling (R$ 735.57)"
"BLING-16397273807";"PLACA ULTRAFOCUS REV.01";0;0;0;"85044021";"";416.65;416.65;"FISCAL_DIVERGENCE";"NCM divergente: MGV (85044021) vs Bling (Não preenchido)"
"3015385";"PLUG CIRCULAR 12VIAS SP2110/P12 - WEIPU                                          Ns: 0000000025";1;0;1;"85369090";"";0.00;113.61;"QTY_DIVERGENCE";"Estoque divergente: MGV (1) vs Bling (0) [Dif: +1] | NCM divergente: MGV (85369090) vs Bling (Não preenchido) | Preço divergente: MGV (R$ 0.00) vs Bling (R$ 113.61)"
"03067023";"PONTEIRA CONCAVA MODELLATA V2.0                                                  Ns: 0000000065";0;0;0;"90189099";"";49.28;49.28;"FISCAL_DIVERGENCE";"NCM divergente: MGV (90189099) vs Bling (Não preenchido)"
"108";"PONTEIRA CONICO US 54 MM";2;0;2;"39269090";"";0.00;74.09;"QTY_DIVERGENCE";"Estoque divergente: MGV (2) vs Bling (0) [Dif: +2] | NCM divergente: MGV (39269090) vs Bling (Não preenchido) | Preço divergente: MGV (R$ 0.00) vs Bling (R$ 74.09)"
"03067022";"PONTEIRA MULTIPONTAS MODELLATA V2.0                                              Ns: 0000000071";0;0;0;"90189099";"";49.28;49.28;"FISCAL_DIVERGENCE";"NCM divergente: MGV (90189099) vs Bling (Não preenchido)"
"03067046";"PONTEIRA PLANA APLICADOR ORBITAL MODELLATA                                       Ns: 0000000014";0;0;0;"90189099";"";49.28;49.28;"FISCAL_DIVERGENCE";"NCM divergente: MGV (90189099) vs Bling (Não preenchido)"
"03067021";"PONTEIRA PONTO CENTRAL MODELLATA V2.0                                            Ns: 0000000070";0;0;0;"90189099";"";55.30;55.30;"FISCAL_DIVERGENCE";"NCM divergente: MGV (90189099) vs Bling (Não preenchido)"
"03067020";"PONTEIRA QUATRO PONTOS MODELLATA V2.0                                            Ns: 0000000073";0;0;0;"90189099";"";55.30;55.30;"FISCAL_DIVERGENCE";"NCM divergente: MGV (90189099) vs Bling (Não preenchido)"
"13717";"PONTEIRA TECATHERM 40 MM";0;0;0;"90189099";"";209.90;209.90;"FISCAL_DIVERGENCE";"NCM divergente: MGV (90189099) vs Bling (Não preenchido)"
"2101";"PONTEIRA USINADA BIPOLAR FACIAL NOVO RADIOM R01";1;0;1;"76169900";"";0.00;97.64;"QTY_DIVERGENCE";"Estoque divergente: MGV (1) vs Bling (0) [Dif: +1] | NCM divergente: MGV (76169900) vs Bling (Não preenchido) | Preço divergente: MGV (R$ 0.00) vs Bling (R$ 97.64)"
"12639";"PORCA DE TRAVA DO CABO CORRUGADO APLICADOR";2;0;2;"90330000";"";32.00;32.00;"QTY_DIVERGENCE";"Estoque divergente: MGV (2) vs Bling (0) [Dif: +2] | NCM divergente: MGV (90330000) vs Bling (Não preenchido)"
"3038104";"POTE CRISTAL 500ML";1;0;1;"39233090";"";39.90;39.90;"QTY_DIVERGENCE";"Estoque divergente: MGV (1) vs Bling (0) [Dif: +1] | NCM divergente: MGV (39233090) vs Bling (Não preenchido)"
"10783";"PRENSA CABO APLICADOR LIGHT PULSE";2;0;2;"85444900";"";0.00;40.97;"QTY_DIVERGENCE";"Estoque divergente: MGV (2) vs Bling (0) [Dif: +2] | NCM divergente: MGV (85444900) vs Bling (Não preenchido) | Preço divergente: MGV (R$ 0.00) vs Bling (R$ 40.97)"
"100";"PRENSA CABO INJETADO ELETRODO METALICO";20;0;20;"85444200";"";32.00;32.00;"QTY_DIVERGENCE";"Estoque divergente: MGV (20) vs Bling (0) [Dif: +20] | NCM divergente: MGV (85444200) vs Bling (Não preenchido)"
"548";"PRISMA";5;0;5;"90189099";"";0.00;1.00;"QTY_DIVERGENCE";"Estoque divergente: MGV (5) vs Bling (0) [Dif: +5] | NCM divergente: MGV (90189099) vs Bling (Não preenchido) | Preço divergente: MGV (R$ 0.00) vs Bling (R$ 1.00)"
"543";"PRISMA HAKON";1;0;1;"90189099";"";0.00;1.00;"QTY_DIVERGENCE";"Estoque divergente: MGV (1) vs Bling (0) [Dif: +1] | NCM divergente: MGV (90189099) vs Bling (Não preenchido) | Preço divergente: MGV (R$ 0.00) vs Bling (R$ 1.00)"
"25002044";"PROBE 2750";12;0;12;"90189099";"";0.00;1.00;"QTY_DIVERGENCE";"Estoque divergente: MGV (12) vs Bling (0) [Dif: +12] | NCM divergente: MGV (90189099) vs Bling (Não preenchido) | Preço divergente: MGV (R$ 0.00) vs Bling (R$ 1.00)"
"25002042";"PROBE 950";6;0;6;"90189099";"";0.00;1.00;"QTY_DIVERGENCE";"Estoque divergente: MGV (6) vs Bling (0) [Dif: +6] | NCM divergente: MGV (90189099) vs Bling (Não preenchido) | Preço divergente: MGV (R$ 0.00) vs Bling (R$ 1.00)"
"3025183";"PROJETIL APLICADOR THORK                                                         NS: 0000000048";3;0;3;"90330000";"";0.00;158.54;"QTY_DIVERGENCE";"Estoque divergente: MGV (3) vs Bling (0) [Dif: +3] | NCM divergente: MGV (90330000) vs Bling (Não preenchido) | Preço divergente: MGV (R$ 0.00) vs Bling (R$ 158.54)"
"PART-TEST-RENT-1783965113429";"Placa Mãe Dell Latitude Teste";4;0;4;"90189099";"";800.00;800.00;"QTY_DIVERGENCE";"Estoque divergente: MGV (4) vs Bling (0) [Dif: +4] | NCM divergente: MGV (90189099) vs Bling (Não preenchido)"
"PART-TEST-RENT-1783965085039";"Placa Mãe Dell Latitude Teste";4;0;4;"90189099";"";800.00;800.00;"QTY_DIVERGENCE";"Estoque divergente: MGV (4) vs Bling (0) [Dif: +4] | NCM divergente: MGV (90189099) vs Bling (Não preenchido)"
"005510";"Placa SMPS LP HíbridI";1;0;1;"85371020";"";0.00;1.00;"QTY_DIVERGENCE";"Estoque divergente: MGV (1) vs Bling (0) [Dif: +1] | NCM divergente: MGV (85371020) vs Bling (Não preenchido) | Preço divergente: MGV (R$ 0.00) vs Bling (R$ 1.00)"
"37444";"Prolongador concreto 40x30 diversos";0;0;0;"90189099";"";41.10;41.10;"FISCAL_DIVERGENCE";"NCM divergente: MGV (90189099) vs Bling (Não preenchido)"
"10262";"RELE DE ESTADO SÓLIDO CDG1-1AA/40A";1;0;1;"85364900";"";0.00;292.43;"QTY_DIVERGENCE";"Estoque divergente: MGV (1) vs Bling (0) [Dif: +1] | NCM divergente: MGV (85364900) vs Bling (Não preenchido) | Preço divergente: MGV (R$ 0.00) vs Bling (R$ 292.43)"
"02039171";"RESERVATORIO P/ DERMOSTEAM 110V";11;0;11;"90192020";"";375.00;375.00;"QTY_DIVERGENCE";"Estoque divergente: MGV (11) vs Bling (0) [Dif: +11] | NCM divergente: MGV (90192020) vs Bling (Não preenchido)"
"1257";"RESISTENCIA ELETRICA 120V 750W";3;0;3;"85161000";"";0.00;110.21;"QTY_DIVERGENCE";"Estoque divergente: MGV (3) vs Bling (0) [Dif: +3] | NCM divergente: MGV (85161000) vs Bling (Não preenchido) | Preço divergente: MGV (R$ 0.00) vs Bling (R$ 110.21)"
"556";"RESISTENCIA VAPOR 127W HTM ANTIGO";10;0;10;"85168090";"";0.00;1.00;"QTY_DIVERGENCE";"Estoque divergente: MGV (10) vs Bling (0) [Dif: +10] | NCM divergente: MGV (85168090) vs Bling (Não preenchido) | Preço divergente: MGV (R$ 0.00) vs Bling (R$ 1.00)"
"4116";"RESISTOR SMD 10R - 1206";10;0;10;"85331000";"";0.00;0.03;"QTY_DIVERGENCE";"Estoque divergente: MGV (10) vs Bling (0) [Dif: +10] | NCM divergente: MGV (85331000) vs Bling (Não preenchido) | Preço divergente: MGV (R$ 0.00) vs Bling (R$ 0.03)"
"194";"ROLAMENTO";3;0;3;"90189099";"";150.00;150.00;"QTY_DIVERGENCE";"Estoque divergente: MGV (3) vs Bling (0) [Dif: +3] | NCM divergente: MGV (90189099) vs Bling (Não preenchido)"
"542";"SENSOR DE FLUXO";15;0;15;"90189099";"";0.00;1.00;"QTY_DIVERGENCE";"Estoque divergente: MGV (15) vs Bling (0) [Dif: +15] | NCM divergente: MGV (90189099) vs Bling (Não preenchido) | Preço divergente: MGV (R$ 0.00) vs Bling (R$ 1.00)"
"03038559";"SENSOR DE FLUXO ICFS-02";0;0;0;"90189099";"";114.00;114.00;"FISCAL_DIVERGENCE";"NCM divergente: MGV (90189099) vs Bling (Não preenchido)"
"BLING-16480046063";"SENSOR DE FLUXO ICFS-0260                                                        Ns: 0000000034";0;0;0;"90189099";"";114.00;114.00;"FISCAL_DIVERGENCE";"NCM divergente: MGV (90189099) vs Bling (Não preenchido)"
"03038527";"SENSOR DE NIVEL LF322E-40";0;0;0;"90189099";"";142.40;142.40;"FISCAL_DIVERGENCE";"NCM divergente: MGV (90189099) vs Bling (Não preenchido)"
"BLING-16257468447";"SENSOR DE NIVEL LF322E-40                                                        Ns: 0000000008";0;0;0;"90189099";"";142.40;142.40;"FISCAL_DIVERGENCE";"NCM divergente: MGV (90189099) vs Bling (Não preenchido)"
"5557";"SENSOR DE TEMPERATURA DS18B20 - MAXIM";1;0;1;"85423190";"";400.00;400.00;"QTY_DIVERGENCE";"Estoque divergente: MGV (1) vs Bling (0) [Dif: +1] | NCM divergente: MGV (85423190) vs Bling (Não preenchido)"
"10424";"SENSOR DE TEMPERATURA METALICO";9;0;9;"85334011";"";650.00;650.00;"QTY_DIVERGENCE";"Estoque divergente: MGV (9) vs Bling (0) [Dif: +9] | NCM divergente: MGV (85334011) vs Bling (Não preenchido)"
"12839";"SOLUCAO ANTICORROSIVA INCOLOR";1;0;1;"34039900";"";80.00;80.00;"QTY_DIVERGENCE";"Estoque divergente: MGV (1) vs Bling (0) [Dif: +1] | NCM divergente: MGV (34039900) vs Bling (Não preenchido)"
"1219850011";"SONOPULSE II - V3.0";0;0;0;"90189099";"";3500.00;3500.00;"FISCAL_DIVERGENCE";"NCM divergente: MGV (90189099) vs Bling (Não preenchido)"
"3015117";"SOQUETE CIRCULAR 9 VIAS                                                          NS: 0000000051";15;0;15;"85366990";"";80.00;80.00;"QTY_DIVERGENCE";"Estoque divergente: MGV (15) vs Bling (0) [Dif: +15] | NCM divergente: MGV (85366990) vs Bling (Não preenchido)"
"1782363";"SUP. APLICADOR LIPOCAVITY 40";2;0;2;"39205100";"";0.00;103.28;"QTY_DIVERGENCE";"Estoque divergente: MGV (2) vs Bling (0) [Dif: +2] | NCM divergente: MGV (39205100) vs Bling (Não preenchido) | Preço divergente: MGV (R$ 0.00) vs Bling (R$ 103.28)"
"1727540";"SUP. APLICADOR ULTRAMED EM ACRILICO";3;0;3;"39205100";"";0.00;102.35;"QTY_DIVERGENCE";"Estoque divergente: MGV (3) vs Bling (0) [Dif: +3] | NCM divergente: MGV (39205100) vs Bling (Não preenchido) | Preço divergente: MGV (R$ 0.00) vs Bling (R$ 102.35)"
"1732331";"SUP. TRANSDUTOR LIPOCAVITY 40";2;0;2;"39072100";"";0.00;205.32;"QTY_DIVERGENCE";"Estoque divergente: MGV (2) vs Bling (0) [Dif: +2] | NCM divergente: MGV (39072100) vs Bling (Não preenchido) | Preço divergente: MGV (R$ 0.00) vs Bling (R$ 205.32)"
"BLING-16528936406";"SUPORTE APLICADOR - PREPARADO                                                    Ns: 1476201001";0;0;0;"39269090";"";38.00;38.00;"FISCAL_DIVERGENCE";"NCM divergente: MGV (39269090) vs Bling (Não preenchido)"
"3038135";"SUPORTE CABECOTE HECCUS                                                          NS: 0000000038";2;0;2;"39259090";"";0.00;61.80;"QTY_DIVERGENCE";"Estoque divergente: MGV (2) vs Bling (0) [Dif: +2] | NCM divergente: MGV (39259090) vs Bling (Não preenchido) | Preço divergente: MGV (R$ 0.00) vs Bling (R$ 61.80)"
"4606";"SUPORTE DA CANETA FLUENCE REV.02";13;0;13;"90189099";"";24.00;24.00;"QTY_DIVERGENCE";"Estoque divergente: MGV (13) vs Bling (0) [Dif: +13] | NCM divergente: MGV (90189099) vs Bling (Não preenchido)"
"10227";"SUPORTE DO APLICADOR DO CARRINHO LIGHT PULSE";1;0;1;"90189099";"";0.00;1.00;"QTY_DIVERGENCE";"Estoque divergente: MGV (1) vs Bling (0) [Dif: +1] | NCM divergente: MGV (90189099) vs Bling (Não preenchido) | Preço divergente: MGV (R$ 0.00) vs Bling (R$ 1.00)"
"4607";"SUPORTE DO APLICADOR SONIC/FLUENCE REV.02";11;0;11;"90189099";"";109.00;109.00;"QTY_DIVERGENCE";"Estoque divergente: MGV (11) vs Bling (0) [Dif: +11] | NCM divergente: MGV (90189099) vs Bling (Não preenchido)"
"13942";"SUPORTE DO APLICADOR SONIC/FLUENCE REV.03";13;0;13;"90189099";"";130.00;130.00;"QTY_DIVERGENCE";"Estoque divergente: MGV (13) vs Bling (0) [Dif: +13] | NCM divergente: MGV (90189099) vs Bling (Não preenchido)"
"3070";"SUPORTE DO COPO DE ALUMINIO - APLICADOR VIBRIA_HIBRIDI";30;0;30;"90229091";"";45.00;45.00;"QTY_DIVERGENCE";"Estoque divergente: MGV (30) vs Bling (0) [Dif: +30] | NCM divergente: MGV (90229091) vs Bling (Não preenchido)"
"2954";"SUPORTE DO MOTOR - VIBROCELL";8;0;8;"40069000";"";180.00;180.00;"QTY_DIVERGENCE";"Estoque divergente: MGV (8) vs Bling (0) [Dif: +8] | NCM divergente: MGV (40069000) vs Bling (Não preenchido)"
"80018371";"SUPORTE ESQUERDO APLICADOR KAVYS";0;0;0;"90189099";"";0.00;1.00;"FISCAL_DIVERGENCE";"NCM divergente: MGV (90189099) vs Bling (Não preenchido) | Preço divergente: MGV (R$ 0.00) vs Bling (R$ 1.00)"
"10242";"SUPORTE METALICO DOS APLICADORES BS DUO DIREITO REV.03";1;0;1;"39269090";"";0.00;1.00;"QTY_DIVERGENCE";"Estoque divergente: MGV (1) vs Bling (0) [Dif: +1] | NCM divergente: MGV (39269090) vs Bling (Não preenchido) | Preço divergente: MGV (R$ 0.00) vs Bling (R$ 1.00)"
"8200";"SUPORTE METALICO HASTE LAMPADA MANOPLA PLASMA";5;0;5;"84819090";"";0.00;0.63;"QTY_DIVERGENCE";"Estoque divergente: MGV (5) vs Bling (0) [Dif: +5] | NCM divergente: MGV (84819090) vs Bling (Não preenchido) | Preço divergente: MGV (R$ 0.00) vs Bling (R$ 0.63)"
"3029040";"SUPORTE PLASTICO PARA TRANSDUTOR";7;0;7;"90189099";"";75.00;75.00;"QTY_DIVERGENCE";"Estoque divergente: MGV (7) vs Bling (0) [Dif: +7] | NCM divergente: MGV (90189099) vs Bling (Não preenchido)"
"379";"SUPORTE PLASTICO PARA TRANSDUTOR                                                 NS: 0000000241";16;0;16;"39269090";"";0.00;23.70;"QTY_DIVERGENCE";"Estoque divergente: MGV (16) vs Bling (0) [Dif: +16] | NCM divergente: MGV (39269090) vs Bling (Não preenchido) | Preço divergente: MGV (R$ 0.00) vs Bling (R$ 23.70)"
"BLING-16360060674";"SUPORTE PLASTICO PARA TRANSDUTOR                                                 Ns: 0000000233";0;0;0;"39269090";"";14.40;14.40;"FISCAL_DIVERGENCE";"NCM divergente: MGV (39269090) vs Bling (Não preenchido)"
"80018509";"TAMPA APLICADOR AVATAR KLD";1;0;1;"90189099";"";0.00;1.00;"QTY_DIVERGENCE";"Estoque divergente: MGV (1) vs Bling (0) [Dif: +1] | NCM divergente: MGV (90189099) vs Bling (Não preenchido) | Preço divergente: MGV (R$ 0.00) vs Bling (R$ 1.00)"
"80018125";"TAMPA APLICADOR AZUL  MANTHUS/AVATAR";3;0;3;"90189099";"";0.00;1.00;"QTY_DIVERGENCE";"Estoque divergente: MGV (3) vs Bling (0) [Dif: +3] | NCM divergente: MGV (90189099) vs Bling (Não preenchido) | Preço divergente: MGV (R$ 0.00) vs Bling (R$ 1.00)"
"80018260";"TAMPA APLICADOR BRANCO MANTHUS/AVATAR";0;0;0;"90189099";"";80.00;80.00;"FISCAL_DIVERGENCE";"NCM divergente: MGV (90189099) vs Bling (Não preenchido)"
"2071185";"TAMPA COM COPO PARA CABECOTE HECCUS COM NTC                                      NS: 1493071001";3;0;3;"90330000";"";0.00;539.97;"QTY_DIVERGENCE";"Estoque divergente: MGV (3) vs Bling (0) [Dif: +3] | NCM divergente: MGV (90330000) vs Bling (Não preenchido) | Preço divergente: MGV (R$ 0.00) vs Bling (R$ 539.97)"
"2039165";"TAMPA DIAMOND LINE - ROXA                                                        NS: 1453131001";2;0;2;"39269090";"";265.00;265.00;"QTY_DIVERGENCE";"Estoque divergente: MGV (2) vs Bling (0) [Dif: +2] | NCM divergente: MGV (39269090) vs Bling (Não preenchido)"
"51";"TAMPA GABINETE MEGA - TRIATHERM";1;0;1;"39269090";"";490.00;490.00;"QTY_DIVERGENCE";"Estoque divergente: MGV (1) vs Bling (0) [Dif: +1] | NCM divergente: MGV (39269090) vs Bling (Não preenchido)"
"3029085";"TAMPA GABINETE SAFIRA V2.0";8;0;8;"39269090";"";230.00;230.00;"QTY_DIVERGENCE";"Estoque divergente: MGV (8) vs Bling (0) [Dif: +8] | NCM divergente: MGV (39269090) vs Bling (Não preenchido)"
"BLING-16360060672";"TAMPA GABINETE SAFIRA V2.0                                                       Ns: 0000000047";0;0;0;"39269090";"";47.20;47.20;"FISCAL_DIVERGENCE";"NCM divergente: MGV (39269090) vs Bling (Não preenchido)"
"602";"TAMPA INJETADA LATERAL DIREITA CABECOTE VELOX";11;0;11;"90189099";"";95.00;95.00;"QTY_DIVERGENCE";"Estoque divergente: MGV (11) vs Bling (0) [Dif: +11] | NCM divergente: MGV (90189099) vs Bling (Não preenchido)"
"502";"TAMPA INJETADA LATERAL ESQUERDA CABECOTE VELOX";11;0;11;"90189099";"";95.00;95.00;"QTY_DIVERGENCE";"Estoque divergente: MGV (11) vs Bling (0) [Dif: +11] | NCM divergente: MGV (90189099) vs Bling (Não preenchido)"
"315";"TAMPA RUBI LINE";1;0;1;"39269090";"";229.90;229.90;"QTY_DIVERGENCE";"Estoque divergente: MGV (1) vs Bling (0) [Dif: +1] | NCM divergente: MGV (39269090) vs Bling (Não preenchido)"
"302942";"TAMPA SUPERIOR UNIFICADA GABINETE SAFIRA V2";1;0;1;"90189099";"";5.00;5.00;"QTY_DIVERGENCE";"Estoque divergente: MGV (1) vs Bling (0) [Dif: +1] | NCM divergente: MGV (90189099) vs Bling (Não preenchido)"
"5013868";"TD ACESSORIO BLISTER PONTEIRA PROFESSIONAL TIP PLASMA";0;0;0;"84212990";"";700.00;700.00;"FISCAL_DIVERGENCE";"NCM divergente: MGV (84212990) vs Bling (Não preenchido)"
"4100";"TD MANOPLA ULTRADERM KIT 4 VENTOSAS";3;0;3;"90189099";"";0.00;1.00;"QTY_DIVERGENCE";"Estoque divergente: MGV (3) vs Bling (0) [Dif: +3] | NCM divergente: MGV (90189099) vs Bling (Não preenchido) | Preço divergente: MGV (R$ 0.00) vs Bling (R$ 1.00)"
"EQRAD019RM";"TD SPECTRA PLUS + PLASMA NS: F100388";0;0;0;"90189099";"";8990.00;8990.00;"FISCAL_DIVERGENCE";"NCM divergente: MGV (90189099) vs Bling (Não preenchido)"
"1433628";"TEC. LIPOCAVITY C/ CHICOTE 35CM";1;0;1;"90189099";"";0.00;180.26;"QTY_DIVERGENCE";"Estoque divergente: MGV (1) vs Bling (0) [Dif: +1] | NCM divergente: MGV (90189099) vs Bling (Não preenchido) | Preço divergente: MGV (R$ 0.00) vs Bling (R$ 180.26)"
"1470850";"TEC. LIPOCAVITY NEW SEM BOTAO- TECGRAF -";1;0;1;"90189099";"";0.00;48.35;"QTY_DIVERGENCE";"Estoque divergente: MGV (1) vs Bling (0) [Dif: +1] | NCM divergente: MGV (90189099) vs Bling (Não preenchido) | Preço divergente: MGV (R$ 0.00) vs Bling (R$ 48.35)"
"1579940";"TEC. LIPOCAVITY NEW SMART";2;0;2;"90189099";"";0.00;161.61;"QTY_DIVERGENCE";"Estoque divergente: MGV (2) vs Bling (0) [Dif: +2] | NCM divergente: MGV (90189099) vs Bling (Não preenchido) | Preço divergente: MGV (R$ 0.00) vs Bling (R$ 161.61)"
"1437186";"TECLADO ETHERNIA COLD C/ CHICOTE";2;0;2;"90189099";"";0.00;1.00;"QTY_DIVERGENCE";"Estoque divergente: MGV (2) vs Bling (0) [Dif: +2] | NCM divergente: MGV (90189099) vs Bling (Não preenchido) | Preço divergente: MGV (R$ 0.00) vs Bling (R$ 1.00)"
"3027176";"TECLADO MEMBRANA HECCUS - VS. 02";7;0;7;"39199090";"";185.00;185.00;"QTY_DIVERGENCE";"Estoque divergente: MGV (7) vs Bling (0) [Dif: +7] | NCM divergente: MGV (39199090) vs Bling (Não preenchido)"
"BLING-16468001313";"TENS - FES 4 CANAIS - SÉRIE Nº 103367";0;0;0;"90189099";"";0.00;1.00;"FISCAL_DIVERGENCE";"NCM divergente: MGV (90189099) vs Bling (Não preenchido) | Preço divergente: MGV (R$ 0.00) vs Bling (R$ 1.00)"
"2826";"TERMINAL FEMEA P/CONECTOR FEMEA AMP";60;0;60;"85369090";"";8.30;8.30;"QTY_DIVERGENCE";"Estoque divergente: MGV (60) vs Bling (0) [Dif: +60] | NCM divergente: MGV (85369090) vs Bling (Não preenchido)"
"BLING-16392628428";"TERMISTOR NTC 10K - B57861S0103A039                                              Ns: 0000000011";0;0;0;"90189099";"";55.20;55.20;"FISCAL_DIVERGENCE";"NCM divergente: MGV (90189099) vs Bling (Não preenchido)"
"03020153";"TERMISTOR NTC 10K - B57861S0103A039                                              Ns: 0000000028";0;0;0;"90189099";"";38.64;38.64;"FISCAL_DIVERGENCE";"NCM divergente: MGV (90189099) vs Bling (Não preenchido)"
"2110074";"TFC - PLACA FONTE CHAVEADA 12V / 96W (VENDAS)                                    Ns: 1615340004";2;0;2;"85389010";"";320.00;320.00;"QTY_DIVERGENCE";"Estoque divergente: MGV (2) vs Bling (0) [Dif: +2] | NCM divergente: MGV (85389010) vs Bling (Não preenchido)"
"2110065";"TFC - PLACA FONTE CHAVEADA 78V - 400W (VENDAS)                                   NS: 1235550008";3;0;3;"85389010";"";0.00;350.64;"QTY_DIVERGENCE";"Estoque divergente: MGV (3) vs Bling (0) [Dif: +3] | NCM divergente: MGV (85389010) vs Bling (Não preenchido) | Preço divergente: MGV (R$ 0.00) vs Bling (R$ 350.64)"
"BLING-16591107708";"TFC - PLACA FONTE CHAVEADA 78V - 400W (VENDAS)                                   Ns: 1235550009";0;0;0;"85044021";"";190.40;190.40;"FISCAL_DIVERGENCE";"NCM divergente: MGV (85044021) vs Bling (Não preenchido)"
"BLING-16295877773";"TFC - PLACA SMD HF IBRAMED PCI HFT010101 - MONTADA (VENDAS)                      Ns: 1224800001";0;0;0;"90189099";"";60.80;60.80;"FISCAL_DIVERGENCE";"NCM divergente: MGV (90189099) vs Bling (Não preenchido)"
"BLING-16392819590";"TFC - PLACA SMD HF IBRAMED PCI HFT010101 - MONTADA (VENDAS)                      Ns: 1374780011";0;0;0;"90189099";"";60.80;60.80;"FISCAL_DIVERGENCE";"NCM divergente: MGV (90189099) vs Bling (Não preenchido)"
"02110236";"TFC - PLACA SMD HF IBRAMED PCI HFT010101 - MONTADA (VENDAS)                      Ns: 1564420016";0;0;0;"90189099";"";42.56;42.56;"FISCAL_DIVERGENCE";"NCM divergente: MGV (90189099) vs Bling (Não preenchido)"
"2110070";"TFC- PLACA DERMOSTEAM";3;0;3;"90189099";"";300.00;300.00;"QTY_DIVERGENCE";"Estoque divergente: MGV (3) vs Bling (0) [Dif: +3] | NCM divergente: MGV (90189099) vs Bling (Não preenchido)"
"BLING-16683468229";"THERMOPULSE NS: 0967700005";0;0;0;"90189099";"";9000.00;9000.00;"FISCAL_DIVERGENCE";"NCM divergente: MGV (90189099) vs Bling (Não preenchido)"
"BLING-16493071732";"TOMADA DE ENTRADA 2 TERMINAIS - 12CM                                             Ns: AUTO041121";0;0;0;"90189099";"";11.90;11.90;"FISCAL_DIVERGENCE";"NCM divergente: MGV (90189099) vs Bling (Não preenchido)"
"3015084";"TOMADA DE ENTRADA 3 TERMINAIS";1;0;1;"85366910";"";80.00;80.00;"QTY_DIVERGENCE";"Estoque divergente: MGV (1) vs Bling (0) [Dif: +1] | NCM divergente: MGV (85366910) vs Bling (Não preenchido)"
"584";"TOMADA TRIPOLAR MACHO AC        NCM: 8536.69.10";43;0;43;"85366910";"";80.00;80.00;"QTY_DIVERGENCE";"Estoque divergente: MGV (43) vs Bling (0) [Dif: +43] | NCM divergente: MGV (85366910) vs Bling (Não preenchido)"
"1101";"TRAFO BOBINA MANOPLA PLASMA - ARTIS E MEDIC AZUL - DOMCOIL R01";2;0;2;"85045090";"";0.00;124.47;"QTY_DIVERGENCE";"Estoque divergente: MGV (2) vs Bling (0) [Dif: +2] | NCM divergente: MGV (85045090) vs Bling (Não preenchido) | Preço divergente: MGV (R$ 0.00) vs Bling (R$ 124.47)"
"80030143";"TRAFO HV EPC19 15W";2;0;2;"85043119";"";0.00;73.26;"QTY_DIVERGENCE";"Estoque divergente: MGV (2) vs Bling (0) [Dif: +2] | NCM divergente: MGV (85043119) vs Bling (Não preenchido) | Preço divergente: MGV (R$ 0.00) vs Bling (R$ 73.26)"
"7596";"TRANSDUTOR 1/3MHZ-38MM / VIBRIA MAXX - HIBRIDI";2;0;2;"85416010";"";230.00;230.00;"QTY_DIVERGENCE";"Estoque divergente: MGV (2) vs Bling (0) [Dif: +2] | NCM divergente: MGV (85416010) vs Bling (Não preenchido)"
"007597";"TRANSDUTOR 1/3MHZ-42MM / SNC MAXX E SNC 3 MHZ";3;0;3;"90189099";"";340.00;340.00;"QTY_DIVERGENCE";"Estoque divergente: MGV (3) vs Bling (0) [Dif: +3] | NCM divergente: MGV (90189099) vs Bling (Não preenchido)"
"12797";"TRANSDUTOR APLICADOR US BAIXA FREQUENCIA R02";0;0;0;"85416090";"";799.00;799.00;"FISCAL_DIVERGENCE";"NCM divergente: MGV (85416090) vs Bling (Não preenchido)"
"9671";"TRANSDUTOR CORPORAL 40X1.9MHZ ULTRAFOCUS";2;0;2;"90189099";"";0.00;267.00;"QTY_DIVERGENCE";"Estoque divergente: MGV (2) vs Bling (0) [Dif: +2] | NCM divergente: MGV (90189099) vs Bling (Não preenchido) | Preço divergente: MGV (R$ 0.00) vs Bling (R$ 267.00)"
"9672";"TRANSDUTOR FACIAL 12X3MHZ ULTRAFOCUS";2;0;2;"90189099";"";0.00;265.50;"QTY_DIVERGENCE";"Estoque divergente: MGV (2) vs Bling (0) [Dif: +2] | NCM divergente: MGV (90189099) vs Bling (Não preenchido) | Preço divergente: MGV (R$ 0.00) vs Bling (R$ 265.50)"
"2233";"TRANSDUTOR FISIO HEAD MONO FREQUENCIA";2;0;2;"90189099";"";0.00;1.00;"QTY_DIVERGENCE";"Estoque divergente: MGV (2) vs Bling (0) [Dif: +2] | NCM divergente: MGV (90189099) vs Bling (Não preenchido) | Preço divergente: MGV (R$ 0.00) vs Bling (R$ 1.00)"
"3434";"TRANSDUTOR FISIO HEAD MONOFREQUENCY 3 MHZ";1;0;1;"90189099";"";270.00;270.00;"QTY_DIVERGENCE";"Estoque divergente: MGV (1) vs Bling (0) [Dif: +1] | NCM divergente: MGV (90189099) vs Bling (Não preenchido)"
"1463950";"TRANSDUTOR NARNIAH CORPORAL USINADO - ID DE MP 144056-0";0;0;0;"85416090";"";305.00;305.00;"FISCAL_DIVERGENCE";"NCM divergente: MGV (85416090) vs Bling (Não preenchido)"
"1463969";"TRANSDUTOR NARNIAH FACIAL USINADO - ID DE MP 144057-8";0;0;0;"85416090";"";509.00;509.00;"FISCAL_DIVERGENCE";"NCM divergente: MGV (85416090) vs Bling (Não preenchido)"
"3026157";"TRANSDUTOR PEELING ULTRASONICO COM CONECTOR DB9                                  NS: 0000000034";2;0;2;"39100090";"";530.00;530.00;"QTY_DIVERGENCE";"Estoque divergente: MGV (2) vs Bling (0) [Dif: +2] | NCM divergente: MGV (39100090) vs Bling (Não preenchido)"
"400";"TRANSDUTOR ULTRASSOM 3MHZ 50MM";2;0;2;"90189099";"";810.00;810.00;"QTY_DIVERGENCE";"Estoque divergente: MGV (2) vs Bling (0) [Dif: +2] | NCM divergente: MGV (90189099) vs Bling (Não preenchido)"
"BLING-16686852000";"TRANSDUTOR ULTRASSONICO 40 KHZ LIPOCAVITY 40";0;0;0;"90189099";"";256.98;256.98;"FISCAL_DIVERGENCE";"NCM divergente: MGV (90189099) vs Bling (Não preenchido)"
"547";"TRANSFORMADOR DE SAIDA RF R3";1;0;1;"85043192";"";0.00;1.00;"QTY_DIVERGENCE";"Estoque divergente: MGV (1) vs Bling (0) [Dif: +1] | NCM divergente: MGV (85043192) vs Bling (Não preenchido) | Preço divergente: MGV (R$ 0.00) vs Bling (R$ 1.00)"
"03024219";"TRANSFORMADOR FONTE 12V - 90W                                                    Ns: 0000000036";0;0;0;"85044021";"";44.00;44.00;"FISCAL_DIVERGENCE";"NCM divergente: MGV (85044021) vs Bling (Não preenchido)"
"3682";"TRANSFORMADOR FONTE BEAUTY STEAM REV.01";10;0;10;"85043199";"";0.00;86.07;"QTY_DIVERGENCE";"Estoque divergente: MGV (10) vs Bling (0) [Dif: +10] | NCM divergente: MGV (85043199) vs Bling (Não preenchido) | Preço divergente: MGV (R$ 0.00) vs Bling (R$ 86.07)"
"3024211";"TRANSFORMADOR GNO5/8 P/DERM. 110V";5;0;5;"85043119";"";180.00;180.00;"QTY_DIVERGENCE";"Estoque divergente: MGV (5) vs Bling (0) [Dif: +5] | NCM divergente: MGV (85043119) vs Bling (Não preenchido)"
"03018069";"TRANSISTOR IRF 9530  / IRF 9540                                                  Ns: 0000000186";0;0;0;"90189099";"";3.36;3.36;"FISCAL_DIVERGENCE";"NCM divergente: MGV (90189099) vs Bling (Não preenchido)"
"BLING-16528936745";"TRANSISTOR MOSFET FDD850N10L                                                     Ns: 0000000127";0;0;0;"90189099";"";4.80;4.80;"FISCAL_DIVERGENCE";"NCM divergente: MGV (90189099) vs Bling (Não preenchido)"
"03018090.";"TRANSISTOR MOSFET FDD850N10L                                                     Ns: 0000000130";0;0;0;"90189099";"";6.72;6.72;"FISCAL_DIVERGENCE";"NCM divergente: MGV (90189099) vs Bling (Não preenchido)"
"4852";"TRANSISTOR SMD BCP56T3G - SOT-223";20;0;20;"85412199";"";0.00;1.88;"QTY_DIVERGENCE";"Estoque divergente: MGV (20) vs Bling (0) [Dif: +20] | NCM divergente: MGV (85412199) vs Bling (Não preenchido) | Preço divergente: MGV (R$ 0.00) vs Bling (R$ 1.88)"
"12122";"TRANSISTOR SMD MOSFET CANAL N AOD2544";20;0;20;"85412199";"";0.00;13.82;"QTY_DIVERGENCE";"Estoque divergente: MGV (20) vs Bling (0) [Dif: +20] | NCM divergente: MGV (85412199) vs Bling (Não preenchido) | Preço divergente: MGV (R$ 0.00) vs Bling (R$ 13.82)"
"6762";"TRASEIRA DO APLICADOR SONIC_CLUSTER REV.03 INJETADO";3;0;3;"90189099";"";0.00;4.07;"QTY_DIVERGENCE";"Estoque divergente: MGV (3) vs Bling (0) [Dif: +3] | NCM divergente: MGV (90189099) vs Bling (Não preenchido) | Preço divergente: MGV (R$ 0.00) vs Bling (R$ 4.07)"
"5369";"TRAVA DO SUPORTE APLICADOR FACIAL REV.02";2;0;2;"90189099";"";17.90;17.90;"QTY_DIVERGENCE";"Estoque divergente: MGV (2) vs Bling (0) [Dif: +2] | NCM divergente: MGV (90189099) vs Bling (Não preenchido)"
"3065";"TRAVA INTERNA- APLICADOR VIBRIA- HIBRIDI";10;0;10;"90189099";"";45.00;45.00;"QTY_DIVERGENCE";"Estoque divergente: MGV (10) vs Bling (0) [Dif: +10] | NCM divergente: MGV (90189099) vs Bling (Não preenchido)"
"03038576";"TUBO ESPECIAL PU 10 X 6,5 AZUL                                                   Ns: 0000000049";0;0;0;"90189099";"";16.19;16.19;"FISCAL_DIVERGENCE";"NCM divergente: MGV (90189099) vs Bling (Não preenchido)"
"BLING-16683621099";"TUBO ESPECIAL PU 10 X 6,5 AZUL                                                   Ns: 0000000052";0;0;0;"90189099";"";16.18;16.18;"FISCAL_DIVERGENCE";"NCM divergente: MGV (90189099) vs Bling (Não preenchido)"
"03038577";"TUBO ESPECIAL PU 12 X 8 AZUL                                                     Ns: 0000000028";0;0;0;"90189099";"";27.93;27.93;"FISCAL_DIVERGENCE";"NCM divergente: MGV (90189099) vs Bling (Não preenchido)"
"BLING-16683621102";"TUBO ESPECIAL PU 12 X 8 AZUL                                                     Ns: 0000000029";0;0;0;"90189099";"";27.93;27.93;"FISCAL_DIVERGENCE";"NCM divergente: MGV (90189099) vs Bling (Não preenchido)"
"03038144";"TUBO ESPECIAL PU 8 X 5 AZUL                                                      Ns: 0000000101";0;0;0;"90189099";"";13.72;13.72;"FISCAL_DIVERGENCE";"NCM divergente: MGV (90189099) vs Bling (Não preenchido)"
"BLING-16683621101";"TUBO ESPECIAL PU 8 X 5 AZUL                                                      Ns: 0000000105";0;0;0;"90189099";"";13.71;13.71;"FISCAL_DIVERGENCE";"NCM divergente: MGV (90189099) vs Bling (Não preenchido)"
"1739";"TUBO PVC ATOXICO CINZA - MANGUEIRA VIBROCELL";7;0;7;"39173900";"";380.00;380.00;"QTY_DIVERGENCE";"Estoque divergente: MGV (7) vs Bling (0) [Dif: +7] | NCM divergente: MGV (39173900) vs Bling (Não preenchido)"
"3963";"TUBO TERMO RETRATIL PRETO DIAMETRO 1,5MM - SIBRATEC 8422";200;0;200;"39174090";"";0.00;2.01;"QTY_DIVERGENCE";"Estoque divergente: MGV (200) vs Bling (0) [Dif: +200] | NCM divergente: MGV (39174090) vs Bling (Não preenchido) | Preço divergente: MGV (R$ 0.00) vs Bling (R$ 2.01)"
"2000000000003";"ULTRASSOM";0;0;0;"90189099";"";250.00;250.00;"FISCAL_DIVERGENCE";"NCM divergente: MGV (90189099) vs Bling (Não preenchido)"
"484";"VALVULA 1 VIA LAVBRAST CONVENCIONAL";4;0;4;"84818099";"";0.00;1.00;"QTY_DIVERGENCE";"Estoque divergente: MGV (4) vs Bling (0) [Dif: +4] | NCM divergente: MGV (84818099) vs Bling (Não preenchido) | Preço divergente: MGV (R$ 0.00) vs Bling (R$ 1.00)"
"3022001";"VALVULA 811A                                                                     NS: 0000030775";3;0;3;"85408910";"";0.00;669.68;"QTY_DIVERGENCE";"Estoque divergente: MGV (3) vs Bling (0) [Dif: +3] | NCM divergente: MGV (85408910) vs Bling (Não preenchido) | Preço divergente: MGV (R$ 0.00) vs Bling (R$ 669.68)"
"3645";"VENTILADOR 40X40X10 12V HB";0;0;0;"84145990";"";110.00;110.00;"FISCAL_DIVERGENCE";"NCM divergente: MGV (84145990) vs Bling (Não preenchido)"
"630";"VENTILADOR 40X40X20";18;0;18;"84145990";"";0.00;1.00;"QTY_DIVERGENCE";"Estoque divergente: MGV (18) vs Bling (0) [Dif: +18] | NCM divergente: MGV (84145990) vs Bling (Não preenchido) | Preço divergente: MGV (R$ 0.00) vs Bling (R$ 1.00)"
"218";"VENTILADOR 60X60X10 12V HS";18;0;18;"84145990";"";100.00;100.00;"QTY_DIVERGENCE";"Estoque divergente: MGV (18) vs Bling (0) [Dif: +18] | NCM divergente: MGV (84145990) vs Bling (Não preenchido)"
"595";"VENTILADOR 60X60X15";5;0;5;"84145910";"";0.00;1.00;"QTY_DIVERGENCE";"Estoque divergente: MGV (5) vs Bling (0) [Dif: +5] | NCM divergente: MGV (84145910) vs Bling (Não preenchido) | Preço divergente: MGV (R$ 0.00) vs Bling (R$ 1.00)"
"596";"VENTILADOR 60X60X25";3;0;3;"84145910";"";0.00;1.00;"QTY_DIVERGENCE";"Estoque divergente: MGV (3) vs Bling (0) [Dif: +3] | NCM divergente: MGV (84145910) vs Bling (Não preenchido) | Preço divergente: MGV (R$ 0.00) vs Bling (R$ 1.00)"
"597";"VENTILADOR 80X80X25";2;0;2;"84145910";"";0.00;1.00;"QTY_DIVERGENCE";"Estoque divergente: MGV (2) vs Bling (0) [Dif: +2] | NCM divergente: MGV (84145910) vs Bling (Não preenchido) | Preço divergente: MGV (R$ 0.00) vs Bling (R$ 1.00)"
"3025003";"VENTOSA ROLETE 60MM                                                              NS: 0000000194";1;0;1;"90330000";"";159.90;159.90;"QTY_DIVERGENCE";"Estoque divergente: MGV (1) vs Bling (0) [Dif: +1] | NCM divergente: MGV (90330000) vs Bling (Não preenchido)"
"BLING-16468001314";"VIBRIA - SÉRIE Nº 080444";0;0;0;"90189099";"";0.00;1.00;"FISCAL_DIVERGENCE";"NCM divergente: MGV (90189099) vs Bling (Não preenchido) | Preço divergente: MGV (R$ 0.00) vs Bling (R$ 1.00)"
"2000000000004";"VIBROCELL ESTETIC 220V";0;0;0;"90189099";"";250.00;250.00;"FISCAL_DIVERGENCE";"NCM divergente: MGV (90189099) vs Bling (Não preenchido)"
"BLING-16597266183";"Wattímetro Analógico Bird";0;0;0;"90189099";"";800.00;800.00;"FISCAL_DIVERGENCE";"NCM divergente: MGV (90189099) vs Bling (Não preenchido)"
"03049095";"CABO ELETROESTIMULACAO DUPLO BRANCO -PINO VERMELHO E PINO PRETO";0;0;0;"";"";0.00;29.40;"ONLY_BLING";"Produto cadastrado no Bling, mas não localizado no MGV."
"02110236";"TFC - PLACA SMD HF IBRAMED PCI HFT010101 - MONTADA (VENDAS) Ns: 1564420016";0;0;0;"";"";0.00;42.56;"ONLY_BLING";"Produto cadastrado no Bling, mas não localizado no MGV."
"03025236";"DISCO BASE DE ACOPLAMENTO PARA MOTOR MODELLATA Ns: 0000000065";0;0;0;"";"";0.00;51.52;"ONLY_BLING";"Produto cadastrado no Bling, mas não localizado no MGV."
"03019002";"INTERRUPTOR BIPOLAR 6A - 15223 Ns: 0000000108";0;0;0;"";"";0.00;5.10;"ONLY_BLING";"Produto cadastrado no Bling, mas não localizado no MGV."
"006762";"TRASEIRA DO APLICADOR SONIC_CLUSTER REV.03 INJETADO";0;0;0;"";"";0.00;2.33;"ONLY_BLING";"Produto cadastrado no Bling, mas não localizado no MGV."
"006899";"ADESIVO TRASEIRA CLUSTER R03 (VN)";0;0;0;"";"";0.00;0.23;"ONLY_BLING";"Produto cadastrado no Bling, mas não localizado no MGV."
"006209";"ADESIVO START CLUSTER R01 (VN)";0;0;0;"";"";0.00;0.23;"ONLY_BLING";"Produto cadastrado no Bling, mas não localizado no MGV."
"004604";"CORPO DO APLICADOR CLUSTER REV.02";0;0;0;"";"";0.00;34.46;"ONLY_BLING";"Produto cadastrado no Bling, mas não localizado no MGV."
"008568";"BOTAO DO APLICADOR CLUSTER REV.02";0;0;0;"";"";0.00;3.42;"ONLY_BLING";"Produto cadastrado no Bling, mas não localizado no MGV."
"BLING-16696268329";"CI PTH TO-39 PN MLX90614ESFDCH000TU";0;0;0;"";"";0.00;754.32;"ONLY_BLING";"Produto cadastrado no Bling, mas não localizado no MGV."
"03038251";"TUBO ESPONJOSO 1/2"" BLINDADO ( BARRA COM 2/METROS)                               Ns: AUTO042705";0;0;0;"";"";0.00;14.00;"ONLY_BLING";"Produto cadastrado no Bling, mas não localizado no MGV."
"001033";"CIRCUITO INTEGRADO SMD MP1477HGTF-Z STEP DOWN";0;0;0;"";"";0.00;15.53;"ONLY_BLING";"Produto cadastrado no Bling, mas não localizado no MGV."
"005478-2026";"SOLARA";0;0;0;"";"";0.00;3000.00;"ONLY_BLING";"Produto cadastrado no Bling, mas não localizado no MGV."
"BLING-16690941572";"CABO MICROFONE APLICADOR FACIAL ULTRAFOCUS";0;0;0;"";"";0.00;185.17;"ONLY_BLING";"Produto cadastrado no Bling, mas não localizado no MGV."
"BLING-16690941561";"CABO MICROFONE APLICADOR FACIAL RF";0;0;0;"";"";0.00;193.37;"ONLY_BLING";"Produto cadastrado no Bling, mas não localizado no MGV."
"BLING-16690941553";"CONECTOR FEMEA PLASTICO 18 PINOS RF MONTADO";0;0;0;"";"";0.00;171.86;"ONLY_BLING";"Produto cadastrado no Bling, mas não localizado no MGV."
"BLING-16690941541";"CONECTOR FEMEA PLASTICO 18 PINOS RF MONTADO";0;0;0;"";"";0.00;171.86;"ONLY_BLING";"Produto cadastrado no Bling, mas não localizado no MGV."
"BLING-16690941519";"CABO MULTIVIAS APLICADOR CORPORAL ULTRAFOCUS";0;0;0;"";"";0.00;221.16;"ONLY_BLING";"Produto cadastrado no Bling, mas não localizado no MGV."
"001004";"DISPLAY LCD TFT 240X240";0;0;0;"";"";0.00;170.00;"ONLY_BLING";"Produto cadastrado no Bling, mas não localizado no MGV."
"BLING-16686895179";"CABO APLICADOR CORPORAL RADIOFREQUENCIA + VACUO - MONTADO                        Ns: 0000000034";0;0;0;"";"";0.00;123.20;"ONLY_BLING";"Produto cadastrado no Bling, mas não localizado no MGV."
"BLING-16686895177";"PLACA FONTE CHAVEADA 12V - 90W                                                   Ns: 1592690021";0;0;0;"";"";0.00;206.08;"ONLY_BLING";"Produto cadastrado no Bling, mas não localizado no MGV."
"BLING-16686852000";"TRANSDUTOR ULTRASSONICO 40 KHZ LIPOCAVITY 40";0;0;0;"";"";0.00;256.98;"ONLY_BLING";"Produto cadastrado no Bling, mas não localizado no MGV."
"BLING-16686851997";"PLACA MS1007 ULTRAMAX 4.0";0;0;0;"";"";0.00;461.87;"ONLY_BLING";"Produto cadastrado no Bling, mas não localizado no MGV."
"COD-SERIAL-TEST";"Placa de Teste Serializada";0;0;0;"";"";0.00;350.00;"ONLY_BLING";"Produto cadastrado no Bling, mas não localizado no MGV."
"PART-SSD-SERIAL-1784293852335";"SSD NVMe 1TB Teste Serial";0;0;0;"";"";0.00;450.00;"ONLY_BLING";"Produto cadastrado no Bling, mas não localizado no MGV."
"PART-SSD-SERIAL-1784293392302";"SSD NVMe 1TB Teste Serial";0;0;0;"";"";0.00;450.00;"ONLY_BLING";"Produto cadastrado no Bling, mas não localizado no MGV."
"PART-SSD-SERIAL-1784293367304";"SSD NVMe 1TB Teste Serial";0;0;0;"";"";0.00;450.00;"ONLY_BLING";"Produto cadastrado no Bling, mas não localizado no MGV."
"3073027.";"CHICOTE APLICADOR MODELLATA-MONTADO                                           Ns: 0000000058";0;0;0;"";"";0.00;129.02;"ONLY_BLING";"Produto cadastrado no Bling, mas não localizado no MGV."
"BLING-16683621109";"CABO DO APLICADOR - FAMILIA ULTRASSOM/SONOPULSE - MONTADO                        Ns: 0000000109";0;0;0;"";"";0.00;31.36;"ONLY_BLING";"Produto cadastrado no Bling, mas não localizado no MGV."
"BLING-16683621107";"ABRACADEIRA RADIAL EM ACO INOXIDAVEL DIAMETRO 10,5MM                             Ns: 0000000005";0;0;0;"";"";0.00;0.81;"ONLY_BLING";"Produto cadastrado no Bling, mas não localizado no MGV."
"BLING-16683621106";"Abracadeira Radial em aco inoxidavel Diametro 12,3mm                             Ns: 0000000016";0;0;0;"";"";0.00;1.51;"ONLY_BLING";"Produto cadastrado no Bling, mas não localizado no MGV."
"BLING-16683621105";"Abracadeira Radial em aco inoxidavel Diametro 11,9mm                             Ns: 0000000033";0;0;0;"";"";0.00;4.83;"ONLY_BLING";"Produto cadastrado no Bling, mas não localizado no MGV."
"BLING-16683621104";"Abracadeira Radial em aco inoxidavel Diametro 11,9mm                             Ns: 0000000032";0;0;0;"";"";0.00;4.83;"ONLY_BLING";"Produto cadastrado no Bling, mas não localizado no MGV."
"BLING-16683621102";"TUBO ESPECIAL PU 12 X 8 AZUL                                                     Ns: 0000000029";0;0;0;"";"";0.00;27.93;"ONLY_BLING";"Produto cadastrado no Bling, mas não localizado no MGV."
"BLING-16683621101";"TUBO ESPECIAL PU 8 X 5 AZUL                                                      Ns: 0000000105";0;0;0;"";"";0.00;13.71;"ONLY_BLING";"Produto cadastrado no Bling, mas não localizado no MGV."
"BLING-16683621099";"TUBO ESPECIAL PU 10 X 6,5 AZUL                                                   Ns: 0000000052";0;0;0;"";"";0.00;16.18;"ONLY_BLING";"Produto cadastrado no Bling, mas não localizado no MGV."
"BLING-16683621098";"BOBINA HF 4 FIO P/ DERMOSTEAM  CUSTOMIZADA                                       Ns: 0000000126";0;0;0;"";"";0.00;19.60;"ONLY_BLING";"Produto cadastrado no Bling, mas não localizado no MGV."
"BLING-16683621097";"COPO APLICADOR FACIAL                                                            Ns: 1565190009";0;0;0;"";"";0.00;184.80;"ONLY_BLING";"Produto cadastrado no Bling, mas não localizado no MGV."
"BLING-16683468229";"THERMOPULSE NS: 0967700005";0;0;0;"";"";0.00;9000.00;"ONLY_BLING";"Produto cadastrado no Bling, mas não localizado no MGV."
"SRV-PECA";"CONECTOR ENGATE RAPIDO";0;0;0;"";"";0.00;59.99;"ONLY_BLING";"Produto cadastrado no Bling, mas não localizado no MGV."
"SRV-SERVICO";"CALIBRAGEM/MANUTENÇÃO CORRETIVA";0;0;0;"";"";0.00;400.00;"ONLY_BLING";"Produto cadastrado no Bling, mas não localizado no MGV."
"AVULSO-PECA";"TROCA PELTIER (Avulso)";0;0;0;"";"";0.00;780.00;"ONLY_BLING";"Produto cadastrado no Bling, mas não localizado no MGV."
"AVULSO-SERVICO";"Calibração/Manutenção Corretiva (Avulso)";0;0;0;"";"";0.00;400.00;"ONLY_BLING";"Produto cadastrado no Bling, mas não localizado no MGV."
"PART-SSD-SERIAL-1783967615373";"SSD NVMe 1TB Teste Serial";0;0;0;"";"";0.00;450.00;"ONLY_BLING";"Produto cadastrado no Bling, mas não localizado no MGV."
"PART-SSD-SERIAL-1783967591108";"SSD NVMe 1TB Teste Serial";0;0;0;"";"";0.00;450.00;"ONLY_BLING";"Produto cadastrado no Bling, mas não localizado no MGV."
"PART-SSD-SERIAL-1783967545469";"SSD NVMe 1TB Teste Serial";0;0;0;"";"";0.00;450.00;"ONLY_BLING";"Produto cadastrado no Bling, mas não localizado no MGV."
"BLING-16672530994";"CHICOTE CABO APLICADOR FACIAL - MONTADO                                          Ns: 0000000013";0;0;0;"";"";0.00;63.20;"ONLY_BLING";"Produto cadastrado no Bling, mas não localizado no MGV."
"BLING-16672530992";"ETIQUETA APLICADOR FACIAL SONOFOCUS SAFIRA                                       Ns: 0000000010";0;0;0;"";"";0.00;3.72;"ONLY_BLING";"Produto cadastrado no Bling, mas não localizado no MGV."
"BLING-16672530991";"ADESIVO APLICADOR FACIAL SONOFOCUS SAFIRA                                        Ns: 0000000003";0;0;0;"";"";0.00;9.60;"ONLY_BLING";"Produto cadastrado no Bling, mas não localizado no MGV."
"BLING-16672530990";"ADESIVO VINIL APLICADOR FACIAL SONOFOCUS SAFIRA                                  Ns: 0000000004";0;0;0;"";"";0.00;2.52;"ONLY_BLING";"Produto cadastrado no Bling, mas não localizado no MGV."
"BLING-16672530988";"CONJUNTO ADESIVO VINIL APLICADOR FACIAL SONOFOCUS                                Ns: 0000000002";0;0;0;"";"";0.00;0.96;"ONLY_BLING";"Produto cadastrado no Bling, mas não localizado no MGV."
"BLING-16672530987";"ETIQUETA APLICADOR FACIAL SONOFOCUS SAFIRA                                       Ns: 0000000010";0;0;0;"";"";0.00;3.72;"ONLY_BLING";"Produto cadastrado no Bling, mas não localizado no MGV."
"BLING-16672530986";"ADESIVO APLICADOR FACIAL SONOFOCUS SAFIRA                                        Ns: 0000000003";0;0;0;"";"";0.00;9.60;"ONLY_BLING";"Produto cadastrado no Bling, mas não localizado no MGV."
"BLING-16672530985";"ADESIVO VINIL APLICADOR FACIAL SONOFOCUS SAFIRA                                  Ns: 0000000004";0;0;0;"";"";0.00;2.52;"ONLY_BLING";"Produto cadastrado no Bling, mas não localizado no MGV."
"BLING-16672530982";"CONJUNTO ADESIVO VINIL APLICADOR FACIAL SONOFOCUS                                Ns: 0000000002";0;0;0;"";"";0.00;0.96;"ONLY_BLING";"Produto cadastrado no Bling, mas não localizado no MGV."
"SRV-MAO-DE-OBRA";"Serviço de Manutenção - Mão de Obra";0;0;0;"";"";0.00;400.00;"ONLY_BLING";"Produto cadastrado no Bling, mas não localizado no MGV."
"2071814";"RESERVATORIO PARA VAPOR NOVO 127V";0;0;0;"";"";0.00;455.00;"ONLY_BLING";"Produto cadastrado no Bling, mas não localizado no MGV."
"1947";"MOTOR ELETRICO DE CORRENTE CONTINUA - VIBROCELL";0;0;0;"";"";0.00;1350.00;"ONLY_BLING";"Produto cadastrado no Bling, mas não localizado no MGV."
"1677";"HASTE PLASTICA P/CONSOLE (VIBROCELL)";0;0;0;"";"";0.00;91.00;"ONLY_BLING";"Produto cadastrado no Bling, mas não localizado no MGV."
"BLING-16652219432";"Neurodyn II 4 Canais NS: 1406970006";0;0;0;"";"";0.00;1000.00;"ONLY_BLING";"Produto cadastrado no Bling, mas não localizado no MGV."
"BLING-16597334962";"CABO DO APLICADOR - FAMILIA ULTRASSOM/SONOPULSE - MONTADO  Ns: 0000000104";0;0;0;"";"";0.00;31.36;"ONLY_BLING";"Produto cadastrado no Bling, mas não localizado no MGV."
"BLING-16597334959";"CABO MICROFONE 1 X 0,14MM   Ns: 0000000124";0;0;0;"";"";0.00;5.04;"ONLY_BLING";"Produto cadastrado no Bling, mas não localizado no MGV."
"BLING-16597274547";"CRISTAL 12X10MM EM FORMATO DE CONE (PRISMA) DO APLICADOR MODELO HAKON";0;0;0;"";"";0.00;537.22;"ONLY_BLING";"Produto cadastrado no Bling, mas não localizado no MGV."
"BLING-16597271593";"PASTILHA PELTIER TEC1-12704 41X41 12V 4A";0;0;0;"";"";0.00;44.85;"ONLY_BLING";"Produto cadastrado no Bling, mas não localizado no MGV."
"BLING-16597266183";"Wattímetro Analógico Bird                                   ";0;0;0;"";"";0.00;800.00;"ONLY_BLING";"Produto cadastrado no Bling, mas não localizado no MGV."
"BLING-16591107708";"TFC - PLACA FONTE CHAVEADA 78V - 400W (VENDAS)                                   Ns: 1235550009";0;0;0;"";"";0.00;190.40;"ONLY_BLING";"Produto cadastrado no Bling, mas não localizado no MGV."
"BLING-16591107705";"TFC - PLACA FONTE CHAVEADA 78V - 400W (VENDAS)                                   Ns: 1235550008";0;0;0;"";"";0.00;190.40;"ONLY_BLING";"Produto cadastrado no Bling, mas não localizado no MGV."
"BLING-16591107703";"ELETRODO VULCANIZADO P/ THERMOPULSE SOLID STATE                                  Ns: 1502021001";0;0;0;"";"";0.00;143.20;"ONLY_BLING";"Produto cadastrado no Bling, mas não localizado no MGV."
"BLING-16589876859";"HECCUS (TURBO) IBRAMED";0;0;0;"";"";0.00;500.00;"ONLY_BLING";"Produto cadastrado no Bling, mas não localizado no MGV."
"02071704";"PLACA FONTE CHAVEADA 12V - 90W                                                   Ns: 1517390011";0;0;0;"";"";0.00;206.08;"ONLY_BLING";"Produto cadastrado no Bling, mas não localizado no MGV."
"BLING-16546447267";"CAIXA ELETRODO MONOFACE NAC";0;0;0;"";"";0.00;278.35;"ONLY_BLING";"Produto cadastrado no Bling, mas não localizado no MGV."
"BLING-16546447266";"COBERTURA COM PAINEL SPECTRA ADPAI029.03";0;0;0;"";"";0.00;467.29;"ONLY_BLING";"Produto cadastrado no Bling, mas não localizado no MGV."
"BLING-16546447262";"CONEXAO UNIAO USINADO PAINEL OXITONE R01";0;0;0;"";"";0.00;136.65;"ONLY_BLING";"Produto cadastrado no Bling, mas não localizado no MGV."
"BLING-16528936745";"TRANSISTOR MOSFET FDD850N10L                                                     Ns: 0000000127";0;0;0;"";"";0.00;4.80;"ONLY_BLING";"Produto cadastrado no Bling, mas não localizado no MGV."
"BLING-16528936406";"SUPORTE APLICADOR - PREPARADO                                                    Ns: 1476201001";0;0;0;"";"";0.00;38.00;"ONLY_BLING";"Produto cadastrado no Bling, mas não localizado no MGV."
"BLING-16528936405";"CORPO DO APLICADOR ULTRASSOM CORPORAL C/ FRESA                                   Ns: 0000000002";0;0;0;"";"";0.00;248.00;"ONLY_BLING";"Produto cadastrado no Bling, mas não localizado no MGV."
"BLING-16517456205";"COPO APLICADOR FACIAL                                                            Ns: 1103310027";0;0;0;"";"";0.00;264.00;"ONLY_BLING";"Produto cadastrado no Bling, mas não localizado no MGV."
"010743";"PLACA SAIDA BEAUTY STEAM (2020) R2";0;0;0;"";"";0.00;290.22;"ONLY_BLING";"Produto cadastrado no Bling, mas não localizado no MGV."
"010749";"CONJUNTO CALDEIRA R03";0;0;0;"";"";0.00;212.64;"ONLY_BLING";"Produto cadastrado no Bling, mas não localizado no MGV."
"BLING-16493071812";"PLACA CONTROLE NEURODYN PORTABLE SYSTEM                                          Ns: 1441470404";0;0;0;"";"";0.00;423.00;"ONLY_BLING";"Produto cadastrado no Bling, mas não localizado no MGV."
"BLING-16493071811";"PLACA CONTROLE NEURODYN PORTABLE SYSTEM                                          Ns: 1441470405";0;0;0;"";"";0.00;423.00;"ONLY_BLING";"Produto cadastrado no Bling, mas não localizado no MGV."
"BLING-16493071732";"TOMADA DE ENTRADA 2 TERMINAIS - 12CM                                             Ns: AUTO041121";0;0;0;"";"";0.00;11.90;"ONLY_BLING";"Produto cadastrado no Bling, mas não localizado no MGV."
"BLING-16480046063";"SENSOR DE FLUXO ICFS-0260                                                        Ns: 0000000034";0;0;0;"";"";0.00;114.00;"ONLY_BLING";"Produto cadastrado no Bling, mas não localizado no MGV."
"BLING-16468001314";"VIBRIA - SÉRIE Nº 080444";0;0;0;"";"";0.00;0.00;"ONLY_BLING";"Produto cadastrado no Bling, mas não localizado no MGV."
"BLING-16468001313";"TENS - FES 4 CANAIS - SÉRIE Nº 103367";0;0;0;"";"";0.00;0.00;"ONLY_BLING";"Produto cadastrado no Bling, mas não localizado no MGV."
"BLING-16468001311";"APLICADOR DO BEAUTY SHAPE - SÉRIE Nº 145336";0;0;0;"";"";0.00;0.00;"ONLY_BLING";"Produto cadastrado no Bling, mas não localizado no MGV."
"BLING-16430905147";"PLACA BEAUTY DERMO MAXX R3";0;0;0;"";"";0.00;452.97;"ONLY_BLING";"Produto cadastrado no Bling, mas não localizado no MGV."
"BLING-16430811524";"PLACA BEAUTY DERMO MAXX R3";0;0;0;"";"";0.00;452.97;"ONLY_BLING";"Produto cadastrado no Bling, mas não localizado no MGV."
"BLING-16397273807";"PLACA ULTRAFOCUS REV.01";0;0;0;"";"";0.00;416.65;"ONLY_BLING";"Produto cadastrado no Bling, mas não localizado no MGV."
"BLING-16392819590";"TFC - PLACA SMD HF IBRAMED PCI HFT010101 - MONTADA (VENDAS)                      Ns: 1374780011";0;0;0;"";"";0.00;60.80;"ONLY_BLING";"Produto cadastrado no Bling, mas não localizado no MGV."
"BLING-16392629844";"PLACA CONTROLE NEURODYN PORTABLE TENS FES                                        Ns: 1393940676";0;0;0;"";"";0.00;319.20;"ONLY_BLING";"Produto cadastrado no Bling, mas não localizado no MGV."
"BLING-16392628428";"TERMISTOR NTC 10K - B57861S0103A039                                              Ns: 0000000011";0;0;0;"";"";0.00;55.20;"ONLY_BLING";"Produto cadastrado no Bling, mas não localizado no MGV."
"BLING-16392628427";"PLACA SMD APLICADOR PLANO - PCI CLT010104 - MONTADA                              Ns: 0224041874";0;0;0;"";"";0.00;170.43;"ONLY_BLING";"Produto cadastrado no Bling, mas não localizado no MGV."
"BLING-16392628426";"PELTIER TEC1-127-06-12-4040-405-66-1                                             Ns: 0000000006";0;0;0;"";"";0.00;359.20;"ONLY_BLING";"Produto cadastrado no Bling, mas não localizado no MGV."
"BLING-16388979907";"ANEL ORING 7,65 X 1,78                                                           Ns: 0000000033";0;0;0;"";"";0.00;1.20;"ONLY_BLING";"Produto cadastrado no Bling, mas não localizado no MGV."
"BLING-16388979906";"ANEL ORING 7,65 X 1,78                                                           Ns: 0000000033";0;0;0;"";"";0.00;1.05;"ONLY_BLING";"Produto cadastrado no Bling, mas não localizado no MGV."
"BLING-16388979905";"ANEL ORING 7,65 X 1,78                                                           Ns: 0000000033";0;0;0;"";"";0.00;1.05;"ONLY_BLING";"Produto cadastrado no Bling, mas não localizado no MGV."
"BLING-16388979754";"PLACA CONTROLE NEURODYN PORTABLE TENS                                            Ns: 1356760025";0;0;0;"";"";0.00;319.20;"ONLY_BLING";"Produto cadastrado no Bling, mas não localizado no MGV."
"BLING-16388979661";"CABO APLICADOR FACIAL RADIOFREQUENCIA + VACUO - MONTADO                          Ns: 0000000010";0;0;0;"";"";0.00;95.20;"ONLY_BLING";"Produto cadastrado no Bling, mas não localizado no MGV."
"BLING-16360060674";"SUPORTE PLASTICO PARA TRANSDUTOR                                                 Ns: 0000000233";0;0;0;"";"";0.00;14.40;"ONLY_BLING";"Produto cadastrado no Bling, mas não localizado no MGV."
"BLING-16360060673";"CABECOTE DE SILICONE 8CM2                                                        Ns: AUTO039322";0;0;0;"";"";0.00;155.20;"ONLY_BLING";"Produto cadastrado no Bling, mas não localizado no MGV."
"BLING-16360060672";"TAMPA GABINETE SAFIRA V2.0                                                       Ns: 0000000047";0;0;0;"";"";0.00;47.20;"ONLY_BLING";"Produto cadastrado no Bling, mas não localizado no MGV."
"BLING-16360056809";"ADESIVO PAINEL SONOPULSE III - VS 2                                              Ns: 0000000011";0;0;0;"";"";0.00;54.40;"ONLY_BLING";"Produto cadastrado no Bling, mas não localizado no MGV."
"00001";"CONECTOR FEMEA PLASTICO 18 PINOS VIBRIA MAXX";0;0;0;"";"";0.00;133.17;"ONLY_BLING";"Produto cadastrado no Bling, mas não localizado no MGV."
"00003";"TERMINAL FEMEA P/ CONECTOR FEMEA AMP";0;0;0;"";"";0.00;2.65;"ONLY_BLING";"Produto cadastrado no Bling, mas não localizado no MGV."
"00004";"CONECTOR FEMEA AMP 16 VIAS";0;0;0;"";"";0.00;39.23;"ONLY_BLING";"Produto cadastrado no Bling, mas não localizado no MGV."
"00005";"CONECTOR FEMEA AMP 16 VIAS";0;0;0;"";"";0.00;39.23;"ONLY_BLING";"Produto cadastrado no Bling, mas não localizado no MGV."
"00006";"PLACA CONTROLE ACRUS R2";0;0;0;"";"";0.00;1306.75;"ONLY_BLING";"Produto cadastrado no Bling, mas não localizado no MGV."
"BLING-16327865547";"BRACO DIRECIONADOR DERMOSTEAM                                                    Ns: 0000000134";0;0;0;"";"";0.00;116.00;"ONLY_BLING";"Produto cadastrado no Bling, mas não localizado no MGV."
"BLING-16327864934";"CABECOTE DE SILICONE 10 CM2                                                      Ns: AUTO038259";0;0;0;"";"";0.00;238.00;"ONLY_BLING";"Produto cadastrado no Bling, mas não localizado no MGV."
"BLING-16327864570";"CHICOTE  CONECTOR PARA APLICADOR RF                                              Ns: 1260841001";0;0;0;"";"";0.00;96.80;"ONLY_BLING";"Produto cadastrado no Bling, mas não localizado no MGV."
"BLING-16295877773";"TFC - PLACA SMD HF IBRAMED PCI HFT010101 - MONTADA (VENDAS)                      Ns: 1224800001";0;0;0;"";"";0.00;60.80;"ONLY_BLING";"Produto cadastrado no Bling, mas não localizado no MGV."
"BLING-16295877000";"PLACA FONTE CHAVEADA POTENCIA 80V / CONTROLE 80V                                 Ns: 1216440001";0;0;0;"";"";0.00;463.20;"ONLY_BLING";"Produto cadastrado no Bling, mas não localizado no MGV."
"BLING-16295876207";"PLACA CENTELHADORA PARA DERMOSTEAM 220V                                          Ns: 1243370144";0;0;0;"";"";0.00;96.00;"ONLY_BLING";"Produto cadastrado no Bling, mas não localizado no MGV."
"BLING-16257471642";"CABO APLICADOR CORPORAL RADIOFREQUENCIA + VACUO - MONTADO                        Ns: 05073100";0;0;0;"";"";0.00;176.87;"ONLY_BLING";"Produto cadastrado no Bling, mas não localizado no MGV."
"BLING-16257468447";"SENSOR DE NIVEL LF322E-40                                                        Ns: 0000000008";0;0;0;"";"";0.00;142.40;"ONLY_BLING";"Produto cadastrado no Bling, mas não localizado no MGV."
"BLING-16257425536";"PLACA CLUSTER P1 - RGB  808 - ANTARES                                            Ns: 0502300005";0;0;0;"";"";0.00;1104.00;"ONLY_BLING";"Produto cadastrado no Bling, mas não localizado no MGV."
"BLING-16257424521";"BOBINA HF 4 FIO P/ DERMOSTEAM  CUSTOMIZADA                                       Ns: 0000000088";0;0;0;"";"";0.00;28.00;"ONLY_BLING";"Produto cadastrado no Bling, mas não localizado no MGV."
"BLING-16233341633";"ELEMENTO FILTRANTE P/SISTEMA A LASER P/DEPILACAO";0;0;0;"";"";0.00;522.82;"ONLY_BLING";"Produto cadastrado no Bling, mas não localizado no MGV."
"BLING-16233272551";"PLACA CRIODERMIS M0015";0;0;0;"";"";0.00;557.64;"ONLY_BLING";"Produto cadastrado no Bling, mas não localizado no MGV."
"BLING-16233272548";"GABINETE BASE G MANOPLA INJETADO CRIODERMIS";0;0;0;"";"";0.00;46.47;"ONLY_BLING";"Produto cadastrado no Bling, mas não localizado no MGV."
"02110030";"PLACA CENTELHADORA";0;0;0;"";"";0.00;96.00;"ONLY_BLING";"Produto cadastrado no Bling, mas não localizado no MGV."