CODIGO,NUMERO,NOME,GRUPO,TIPO,MEDICAMENTO,MATERIA_PRIMA,UNIDADE,NUMERO_FAB,ESTOQUE_MIN,ESTOQUE_IDEAL,ESTOQUE_DISP,CUSTO,LUCRO,VENDA,DOLAR,ABC,FORNECEDOR,LOCAL,GAVETA,Utilizado,FABRICANTE,SUBGRUPO,NOMECURTO,P_FOTO,NC_MERCOSUL,C_CLAS_FISCAL,C_CST_O,C_CST,C_ECF_ALIQ,C_ICMS,C_ICMS_ST,C_IPI,C_RED_BCALC,ULTIMA_VENDA,ULTIMA_COMPRA,PODE_DESCONTO,DESCONTO_MAX,PESO_BRUTO,PESO_LIQUIDO,CFOP_INUF,CFOP_OUTUF,ARQUIVADO,PRECO_1,PRECO_2,GTIN,USA_SERIAL,vTotTrib,NUMERO_ORIGINAL,cANP,CST_IPI_PIS_COFINS,VALIDADE,USA_LOTES,cBenef,indEscala,CNPJFab,PIS_ALIQ,COFINS_ALIQ,IPI_cEnq,CEST,vBCSTRet,vICMSSTRet,pST,vICMSSubstituto,pRedBCEfet,vBCEfet,pICMSEfet,vICMSEfet,ML_category_id,ML_video_id,ML_warranty,ML_Description,ITEM_REGRAFISCAL_IDPK,REGRAFISCALPDV_IDPK,CST_CBSIBS,ClassTrib_CBSIBS,AliquotaCBS,AliquotaIBSUF,AliquotaIBSMun,pRedAliqCBS,pRedAliqIBSUF,pRedAliqIBSMun,OBS_REFORMA
1,3029078,ACABAMENTO EMBORRACHADO DA PROBE                                                 NS: 0000000045,,C,N,N,UN,3029078,0,0,22,"10,01","150,05","25,03","4,98",0,23,,,,,,,,39269090,,0,000,,0,0,0,100,,,True,100,0,0,5102,6102,False,0,0,,False,0,,,,,False,,S,,0,0,999,,0,0,0,0,0,0,0,0,,,,,0,0,0,1,0,0,0,0,0,0,
2,3067013,ACABAMENTO EMBORRACHADO PARA APLICADOR CLUSTER,,C,N,N,UN,3067013,0,0,6,"23,2","158,1897","59,9","11,91",0,23,,,,,,,,84149039,,0,000,,0,0,0,100,26/05/2026,,True,100,0,0,5102,6102,False,0,0,,False,0,,,,,False,,S,,0,0,999,,0,0,0,0,0,0,0,0,,,,,0,0,0,1,0,0,0,0,0,0,
3,107858,ACABAMENTO PARA APLICADOR ACRUS (IMP),,C,N,N,UN,10785,2,2,13,50,70,85,"16,9",0,23,,,,,,,,39269090,,0,000,,0,0,0,100,,,True,100,0,0,5102,6102,False,0,0,,False,0,,,,,False,,S,,0,0,999,,0,0,0,0,0,0,0,0,,,,,0,0,0,1,0,0,0,0,0,0,
4,2200,ACESSORIO BLISTER ELETRODO FACIAL HD10 NAC,,C,N,N,UN,ACBLI022.00,2,2,3,156,"89,5513","295,7","58,79",0,23,,,,,,,,90189099,,0,000,,0,0,0,100,,,True,100,0,0,5102,6102,False,0,0,,False,0,,,,,False,,S,,0,0,999,,0,0,0,0,0,0,0,0,,,,,0,0,0,1,0,0,0,0,0,0,
5,1200,ACESSORIO ELETRODO FACIAL MD28 NAC,,C,N,N,UN,ACELE012.00,0,0,0,"169,65","87,4447",318,"63,22",0,23,,,,,,,,90189099,,0,000,,0,0,0,100,,,True,100,0,0,5102,6102,False,0,0,,False,0,,,,,False,,S,,0,0,999,,0,0,0,0,0,0,0,0,,,,,0,0,0,1,0,0,0,0,0,0,
6,3030067,ACRILICO PAINEL HECCUS TURBO - 4MM                                               NS: 0000000123,,C,N,N,UN,3030067,1,1,9,"55,31","243,5184",190,"37,77",0,23,,,,,,,,39205900,,0,000,,0,0,0,100,,,True,100,0,0,5102,6102,False,0,0,,False,0,,,,,False,,S,,0,0,999,,0,0,0,0,0,0,0,0,,,,,0,0,0,1,0,0,0,0,0,0,
7,3030055,ACRILICO PAINEL THERMOPULSE - 4 MM                                               NS: 0000000076,,C,N,N,UN,3030055,0,0,1,"122,92",-100,0,0,0,23,,,,,,,,39205900,,0,000,,0,0,0,100,,,True,100,0,0,5102,6102,False,0,0,,False,0,,,,,False,,S,,0,0,999,,0,0,0,0,0,0,0,0,,,,,0,0,0,1,0,0,0,0,0,0,
8,3025013,ADAPTADOR P/ MANGUEIRA - HOOKE                                                   NS: 0000000073,,C,N,N,UN,3025013,0,0,2,12,-100,0,0,0,23,,,,,,,,39174090,,0,000,,0,0,0,100,,,True,100,0,0,5102,6102,False,0,0,,False,0,,,,,False,,S,,0,0,999,,0,0,0,0,0,0,0,0,,,,,0,0,0,1,0,0,0,0,0,0,
9,80010371,ADESIVO ADE62O04 APLICADOR CORPORAL EUS1401,,C,N,N,UN,80010371,0,0,3,34,"444,1176",185,"35,9223",0,7,,,,,,,,39219019,,0,101,0,0,0,0,100,,,True,100,0,0,5102,6102,False,185,185,,False,"35,93",,,99|99|00,,False,,S,,0,0,999,0,0,0,0,0,0,0,0,0,,,,,0,0,000,000001,0,0,0,0,0,0,
10,80010367,ADESIVO ADE87N14 APLICADOR LLT1307,,C,N,N,UN,80010367,1,1,0,"63,98","87,5586",120,"23,86",0,23,,,,,,,,39219019,,0,000,,0,0,0,100,,,True,100,0,0,5102,6102,False,0,0,,False,0,,,,,False,,S,,0,0,999,,0,0,0,0,0,0,0,0,,,,,0,0,0,1,0,0,0,0,0,0,
11,80010280,ADESIVO ADEB5M05 CABECOTE (KAVIX) R04,,C,N,N,UN,80010280,0,0,2,49,-100,0,0,0,23,,,,,,,,39219019,,0,000,,0,0,0,100,,,True,100,0,0,5102,6102,False,0,0,,False,0,,,,,False,,S,,0,0,999,,0,0,0,0,0,0,0,0,,,,,0,0,0,1,0,0,0,0,0,0,
12,80010695,ADESIVO ADEK2U06 LOGO ARTIX APLICADOR ATP200 ARTIX ECL2101 R01,,C,N,N,UN,80010695,0,0,4,4,-100,0,0,0,23,,,,,,,,39219019,,0,000,,0,0,0,100,,,True,100,0,0,5102,6102,False,0,0,,False,0,,,,,False,,S,,0,0,999,,0,0,0,0,0,0,0,0,,,,,0,0,0,1,0,0,0,0,0,0,
446,446,MANGUEIRA EM SILICONE CINZA - 17MM X 8 MM                                        Ns: 0000000008,,C,N,N,MT,03038272,0,0,2,"31,39",0,0,0,0,4,,,,,,MANGUEIRA EM SILICONE CIN,,39173240,,0,00,,0,0,0,100,,15/05/2026,True,100,0,0,,,False,0,0,,False,0,,,,,False,,S,,0,0,999,,0,0,18,"5,47",0,0,0,0,,,,,0,0,0,1,0,0,0,0,0,0,
447,3049014,CABO 76 (MA/RX 4 VIAS) P/ 10 CH AUSSIE/RUSSA INJETADO                            Ns: 0000000022,CABOS E CHICOTES,C,N,N,PC,03049014,0,0,8,"47,02",0,0,0,0,4,,,,,,CB 76(MA/RX 4 VIAS)P/10 C,,85444200,,0,101,0,0,0,0,100,,27/05/2026,True,100,0,0,5102,6102,False,0,0,,False,"28,21",,,99|99|00,,False,,S,,0,0,999,0,"61,58","3,65",18,"7,44",0,0,0,0,,,,,0,0,000,000001,0,0,0,0,0,0,
448,3049010,CABO 72 (PT/LR 4 VIAS) P/ 10 CH AUSSIE/RUSSA INJETADO                            Ns: 0000000051,CABOS E CHICOTES,C,N,N,PC,03049010,0,0,3,"47,02","102,04",95,"18,92",0,4,,,,,,CB 72(PT/LR 4 VIAS)P/10 C,,85444200,,0,101,0,0,0,0,100,08/06/2026,15/05/2026,True,100,0,0,5102,6102,False,95,95,,False,"28,21",,,99|99|00,,False,,S,,0,0,999,0,"61,58","3,65",18,"7,44",0,0,0,0,,,,,0,0,000,000001,0,0,0,0,0,0,
449,3027263,ETIQUETA CABECOTE HECCUS - VS 04/13                                              Ns: 0000000051,,C,N,N,UN,03027263,0,0,5,"16,68",0,0,0,0,4,,,,,,ETIQUETA CABECOTE HECCUS-,,39199090,,0,00,,0,0,0,100,,15/05/2026,True,100,0,0,,,False,0,0,,False,0,,,,,False,,S,,0,0,999,,0,0,18,"2,74",0,0,0,0,,,,,0,0,0,1,0,0,0,0,0,0,
450,3015385,PLUG CIRCULAR 12VIAS SP2110/P12 - WEIPU                                          Ns: 0000000025,,C,N,N,UN,03015385,0,0,1,"75,74",0,0,0,0,4,,,,,,PLUG CIRCULAR 12VIAS SP21,,85369090,,0,10,,0,0,0,100,,15/05/2026,True,100,0,0,,,False,0,0,,False,0,,,,,False,,S,,0,0,999,,"102,72","7,26",18,"11,23",0,0,0,0,,,,,0,0,0,1,0,0,0,0,0,0,
511,35012,FONTE CHAVEADA 350W 90-264VCA/240-370VCC SAIDA 12VCC/29A - MEAN WELL,,C,N,N,UN,LRS35012,0,0,-1,"310,25","813,7792",2835,"551,56",0,45,,,,,,FONTE CHAVEADA ,,85044029,,2,102,0,0,0,0,100,30/06/2026,18/06/2026,True,100,0,0,5102,6102,False,2835,2835,,False,"40,68",,,99|99|00,,False,,S,,0,0,999,0,0,0,0,0,0,0,0,0,,,,,0,0,0-1,,0,0,0,0,0,0,
512,789309579454,ADAPTADOR AC/DC,,C,N,N,,7893095794540,0,3,3,0,0,0,0,1,23,,,,CHINA,,ADAPTADOR AC/DC,,,,0,101,0,18,100,0,100,,,True,100,0,0,,,False,0,0,,False,0,,,99|99|00,,False,,S,,0,0,999,,0,0,0,0,0,0,0,0,,,,,0,0,0-1,0,0,0,0,0,0,0,
513,789309559336,CABO HIGH DEFINITION MULTIMEDIA,,C,N,N,,7893095593365,0,3,3,0,0,0,0,1,23,,,,CHINA,,CB HIGH DEFINITION MULTIM,,,,0,101,0,18,100,0,100,,,True,100,0,0,,,False,0,0,,False,0,,,99|99|00,,False,,S,,0,0,999,,0,0,0,0,0,0,0,0,,,,,0,0,0-1,0,0,0,0,0,0,0,
514,790822721032,FONTE DE ALIMENTAÇÃO,,C,N,N,,7908227210321,0,3,3,0,0,0,0,1,23,,,,CHINA,,FONTE DE ALIMENTAÇÃO,,,,0,101,0,18,100,0,100,,,True,100,0,0,,,False,0,0,,False,0,,,99|99|00,,False,,S,,0,0,999,,0,0,0,0,0,0,0,0,,,,,0,0,0-1,0,0,0,0,0,0,0,
515,4852,TRANSISTOR SMD BCP56T3G - SOT-223,,C,N,N,UN,004852,0,0,20,"1,25",0,0,0,0,2,,,,,,TRANSISTOR SMD BCP56T3G-S,,85412199,,2,00,,0,0,0,100,,19/06/2026,True,100,0,0,,,False,0,0,,False,0,,,,,False,,S,,0,0,999,,0,0,18,"0,22",0,0,0,0,,,,,0,0,0,0,0,0,0,0,0,0,
516,2638,DIODO LASER 658NM - 180MW,,C,N,N,UN,002638,0,0,2,"158,04",-100,0,0,0,2,,,,HTM,,DIODO LASER 658NM - 180MW,,85414112,,2,101,0,0,0,0,100,,19/06/2026,True,100,0,0,5102,6102,False,0,0,,False,"35,81",,,99|99|00,,False,,S,,0,0,999,0,0,0,18,"28,12",0,0,0,0,,,,,0,0,,,0,0,0,0,0,0,
452,400,TRANSDUTOR ULTRASSOM 3MHZ 50MM,,C,N,N,UN,TDULS00400,0,0,2,"441,47","83,4779",810,"161,3546",0,3,,,VELOX,,,TRANSDUTOR ULTRASSOM 3MHZ,,90189099,,0,101,0,0,0,0,100,25/06/2026,21/05/2026,True,100,0,0,5102,6102,False,810,810,,False,"32,05",,,99|99|00,,False,,S,,0,0,999,0,0,0,12,"52,98",0,0,0,0,,,,,0,0,000,000001,0,0,0,0,0,0,
453,1700,CI PTH TO-39 PN MLX90614ESFDCH000TU,,C,N,N,UN,CIPTH01700,0,0,1,"769,41",0,0,0,0,3,,,,,,CI PTH TO-39 PN MLX90614E,,85423120,,2,00,,0,0,0,100,,20/05/2026,True,100,0,0,,,False,0,0,,False,0,,,,,False,,S,,0,0,999,,0,0,4,"30,78",0,0,0,0,,,,,0,0,0,1,0,0,0,0,0,0,
454,25010220,COPO ALUMINIO LONGITUDINAL ANODIZADO THF1402 (OCTOPOLAR),,C,N,N,UN,25010220,0,0,24,"22,5",0,0,0,0,10,,,,,,COPO ALUMINIO LONGITUDINA,,90330000,,0,00,,0,0,0,100,,15/05/2026,True,100,0,0,,,False,0,0,,False,0,,,,,False,,S,,0,0,999,,0,0,18,"3,69",0,0,0,0,,,,,0,0,0,1,0,0,0,0,0,0,
455,3032199,PLACA SMD APLICADOR PCI LAS060103A  - MONTADA                                    Ns: 0225049558,,C,N,N,UN,03032199,0,0,2,"421,94",0,0,0,0,4,,,,,,PL SMD APLICADOR PCI LAS0,,85389010,,0,101,0,0,0,0,100,,28/04/2026,True,100,0,0,5102,6102,False,0,0,,False,"27,92",,,99|99|00,,False,,S,,0,0,999,0,"592,22","44,74",18,"61,86",0,0,0,0,,,,,0,0,000,000001,0,0,0,0,0,0,
456,3032094,PLACA SMD APLICADOR MODELLATA PCI4013 MONTADA                                    Ns: 0225055748,PLACAS ELETRÔNICAS,C,N,N,UN,03032094,0,0,4,"191,52",-100,0,0,0,4,,,,,,PL SMD APLICADOR MODELLAT,,85389010,,0,101,0,0,0,0,100,,28/04/2026,True,100,0,0,5102,6102,False,0,0,,False,"27,92",,,99|99|00,,False,,S,,0,0,999,0,"268,8","20,31",18,"28,08",0,0,0,0,,,,,0,0,000,000001,0,0,0,0,0,0,
457,21200016,AGUA DEIONIZADA,,C,N,N,UN,21200016,0,0,44,"8,2","448,7805",45,"8,9641",0,19,,,,,,AGUA DEIONIZADA,,28539019,,0,101,0,0,0,0,100,27/05/2026,27/05/2026,True,100,0,0,5102,6102,False,45,45,7898919607150,False,"31,45",,,99|99|00,,False,,S,,0,0,999,0,0,0,18,"1,48",0,0,0,0,,,,,0,0,000,000001,0,0,0,0,0,0,
460,9901,PLACA MONTADA MANOPLA 3 FUNÇOES (ILUMIN + ELETRODO) NIOO R01,,C,N,N,UN,PMMAN09901,0,0,2,"131,57",0,0,0,0,3,,,,,,PL MONTADA MANOPLA 3 FUNÇ,,90330000,,0,00,,0,0,0,100,,27/04/2026,True,100,0,0,,,False,0,0,,False,0,,,,,False,,S,,0,0,999,,0,0,12,"15,79",0,0,0,0,,,,,0,0,0,1,0,0,0,0,0,0,
461,2402,PLACA MONTADA MODULO RECONHECIMENTO SPECTRA MEDIC R02,PLACAS ELETRÔNICAS,C,N,N,UN,PMMOD02402,0,0,1,"297,71","692,7178",2360,"470,1195",0,3,,,,,,PL MONTADA MODULO RECONHE,,90330000,,0,101,0,0,0,0,100,,27/04/2026,True,100,0,0,5102,6102,False,2360,2360,,False,"32,53",,,99|99|00,,False,,S,,0,0,999,0,0,0,12,"35,73",0,0,0,0,,,,,0,0,000,000001,0,0,0,0,0,0,
462,9170,CABO DISPERSIVO EMB. 1UN.,,C,N,N,UN,009170,0,0,3,102,"76,3726","179,9","35,8367",0,2,,,,,,CABO DISPERSIVO EMB. 1UN.,,90189099,,0,101,0,0,0,0,100,13/07/2026,13/05/2026,True,100,0,0,5102,6102,False,"179,9","179,9",7899894202941,False,"32,05",,,99|99|00,,False,,S,,0,0,999,0,0,0,18,"17,54",0,0,0,0,,,,,0,0,000,000001,0,0,0,0,0,0,
463,3027248,ADESIVO SERIAL (INGLES) - (SUBSTITUIDO)                                          Ns: 0000000052,,C,N,N,UN,03027248,0,0,1,"4,17","127,8178","9,5","1,88",0,4,,,,,,ADESIVO SERIAL(INGLES)-(S,,39199090,,0,101,0,0,0,0,100,,30/03/2026,True,100,0,0,5102,6102,False,"9,5","9,5",,False,"40,33",,,99|99|00,,False,,S,,0,0,999,0,0,0,18,"0,68",0,0,0,0,,,,,0,0,000,000001,0,0,0,0,0,0,
464,16154,PEDALEIRA CORPO PLASTICO SEM PROTECAO 1NA+1NF 10A 250VAC - TFS-01-L1 TELUZ TFS-01-L1,,C,N,N,UN,16154,0,0,2,"49,39","244,1992",170,"33,5968",0,28,,,,,,PEDALEIRA CORPO PLASTICO ,,85365090,,3,101,0,0,0,0,100,,27/05/2026,True,100,0,0,5102,6102,False,170,170,7901092002176,False,"27,92",,,99|99|00,,False,,S,,0,0,999,0,0,0,18,"8,1",0,0,0,0,,,,,0,0,000,000001,0,0,0,0,0,0,
13,80010696,ADESIVO ADEK2U07 APLICADOR ATP120 ARTIX ECL2101 R01,,C,N,N,UN,80010696,0,0,1,28,-100,0,0,0,23,,,,,,,,39219019,,0,000,,0,0,0,100,,,True,100,0,0,5102,6102,False,0,0,,False,0,,,,,False,,S,,0,0,999,,0,0,0,0,0,0,0,0,,,,,0,0,0,1,0,0,0,0,0,0,
14,80010697,ADESIVO ADEK2U08 APLICADOR ATP150 ARTIX ECL2101 R01,,C,N,N,UN,80010697,0,0,6,54,-100,0,0,0,23,,,,,,,,39199090,,0,000,,0,0,0,100,,,True,100,0,0,5102,6102,False,0,0,,False,0,,,,,False,,S,,0,0,999,,0,0,0,0,0,0,0,0,,,,,0,0,0,1,0,0,0,0,0,0,
15,80010698,ADESIVO ADEK2U09 APLICADOR ATP200 ARTIX ECL2101 R01,,C,N,N,UN,80010698,0,0,4,38,-100,0,0,0,23,,,,,,,,39219019,,0,000,,0,0,0,100,,,True,100,0,0,5102,6102,False,0,0,,False,0,,,,,False,,S,,0,0,999,,0,0,0,0,0,0,0,0,,,,,0,0,0,1,0,0,0,0,0,0,
16,80010761,ADESIVO ADEK2U16 LOGO ARTIX APLICADOR ATP150 ARTIX ECL2101 R01,,C,N,N,UN,80010761,0,0,6,4,-100,0,0,0,23,,,,,,,,39199090,,0,000,,0,0,0,100,,,True,100,0,0,5102,6102,False,0,0,,False,0,,,,,False,,S,,0,0,999,,0,0,0,0,0,0,0,0,,,,,0,0,0,1,0,0,0,0,0,0,
17,80010763,ADESIVO ADEK2U18 LOGO KLD APLICADOR ATP200 ARTIX ECL2101 R00,,C,N,N,UN,80010763,0,0,4,4,-100,0,0,0,23,,,,,,,,39199090,,0,000,,0,0,0,100,,,True,100,0,0,5102,6102,False,0,0,,False,0,,,,,False,,S,,0,0,999,,0,0,0,0,0,0,0,0,,,,,0,0,0,1,0,0,0,0,0,0,
18,80010764,ADESIVO ADEK2U19 LOGO KLD APLICADOR ATP150 ARTIX ECL2101 R00,,C,N,N,UN,80010764,0,0,6,4,-100,0,0,0,23,,,,,,,,39199090,,0,000,,0,0,0,100,,,True,100,0,0,5102,6102,False,0,0,,False,0,,,,,False,,S,,0,0,999,,0,0,0,0,0,0,0,0,,,,,0,0,0,1,0,0,0,0,0,0,
38,3027072,ADESIVO PAINEL NEURODYN II - (12/11)  (VENDAS)                                   NS: 0000000026,,C,N,N,UN,3027072,0,0,4,"59,71",-100,0,0,0,23,,,,,,,,39199090,,0,000,,0,0,0,100,,,True,100,0,0,5102,6102,False,0,0,,False,0,,,,,False,,S,,0,0,999,,0,0,0,0,0,0,0,0,,,,,0,0,0,1,0,0,0,0,0,0,
39,3027182,ADESIVO PAINEL NEURODYN II 4 CANAIS (02/13)                                      NS: 0000000123,,C,N,N,UN,3027182,0,0,7,"59,7","134,3384","139,9","27,81",0,23,,,,,,,C:\SHARMAQ\SHOficina\Fotos\Item_000003027182.jpg,39199090,,0,101,0,0,0,0,100,17/06/2026,,True,100,0,0,5102,6102,False,"139,9","139,9",,False,"37,13",,,99|99|00,,False,,S,,0,0,999,0,0,0,0,0,0,0,0,0,,,,,0,0,000,000001,0,0,0,0,0,0,
40,3027582,ADESIVO PAINEL NEURODYN VS 2                                                     NS: 0000000034,,C,N,N,UN,3027582,0,0,2,"219,21",-100,0,0,0,23,,,,,,,,39199090,,0,000,,0,0,0,100,,,True,100,0,0,5102,6102,False,0,0,,False,0,,,,,False,,S,,0,0,999,,0,0,0,0,0,0,0,0,,,,,0,0,0,1,0,0,0,0,0,0,
41,3027191,ADESIVO PAINEL SONOPULSE COMPACT (03/13)                                         NS: 0000000075,,C,N,N,UN,3027191,0,0,2,"59,71",-100,0,0,0,23,,,,,,,,39199090,,0,000,,0,0,0,100,,,True,100,0,0,5102,6102,False,0,0,,False,0,,,,,False,,S,,0,0,999,,0,0,0,0,0,0,0,0,,,,,0,0,0,1,0,0,0,0,0,0,
42,3027065,ADESIVO PAINEL SONOPULSE COMPACT (10/11)  (VENDAS)                               NS: 0000000030,,C,N,N,UN,3027065,0,0,4,"78,14",-100,0,0,0,23,,,,,,,,39199090,,0,000,,0,0,0,100,,,True,100,0,0,5102,6102,False,0,0,,False,0,,,,,False,,S,,0,0,999,,0,0,0,0,0,0,0,0,,,,,0,0,0,1,0,0,0,0,0,0,
19,80010765,ADESIVO ADEK2U20 LOGO KLD APLICADOR ATP120 ARTIX ECL2101 R00,,C,N,N,UN,80010765,0,0,1,2,-100,0,0,0,23,,,,,,,,39199090,,0,000,,0,0,0,100,,,True,100,0,0,5102,6102,False,0,0,,False,0,,,,,False,,S,,0,0,999,,0,0,0,0,0,0,0,0,,,,,0,0,0,1,0,0,0,0,0,0,
20,80010767,ADESIVO ADEK2U22 FIXADOR SUPORTE CINTA ARTIX ECL2101 R01,,C,N,N,UN,80010767,0,0,1,14,-100,0,0,0,23,,,,,,,,39199090,,0,000,,0,0,0,100,11/06/2026,,True,100,0,0,5102,6102,False,0,0,,False,0,,,,,False,,S,,0,0,999,,0,0,0,0,0,0,0,0,,,,,0,0,0,1,0,0,0,0,0,0,
21,3027964,ADESIVO APLICADOR FACIAL SONOFOCUS SAFIRA,,C,N,N,UN,3027964,0,0,2,11,"36,3636",15,"2,98",0,23,,,,,,,,39199090,,0,000,,0,0,0,100,,,True,100,0,0,5102,6102,False,0,0,,False,0,,,,,False,,S,,0,0,999,,0,0,0,0,0,0,0,0,,,,,0,0,0,1,0,0,0,0,0,0,
22,1727710,ADESIVO APLICADOR ULTRAMED,,C,N,N,UN,1727710,0,0,3,"21,49",-100,0,0,0,23,,,,MEDICAL SAN ,,,,39199020,,0,101,0,0,0,0,100,,,True,100,0,0,5102,6102,False,0,0,,False,"35,96",,,99|99|00,,False,,S,,0,0,999,0,0,0,0,0,0,0,0,0,,,,,0,0,000,000001,0,0,0,0,0,0,
23,5852,ADESIVO BEAUTY DERMO ANTIGO,,C,N,N,UN,5852,0,0,4,45,"211,11",140,"27,83",0,23,,,,,,,,39199090,,0,000,,0,0,0,100,,12/06/2026,True,100,0,0,5102,6102,False,0,0,,False,0,,,,,False,,S,,0,0,999,,0,0,0,0,0,0,0,0,,,,,0,0,0,1,0,0,0,0,0,0,
24,7852,ADESIVO BEAUTY DERMO R04,,C,N,N,UN,7852,0,0,5,50,180,140,"27,83",0,23,,,,,,,,39199090,,0,000,,0,0,0,100,,,True,100,0,0,5102,6102,False,0,0,,False,0,,,,,False,,S,,0,0,999,,0,0,0,0,0,0,0,0,,,,,0,0,0,1,0,0,0,0,0,0,
25,1224,ADESIVO BEAUTY DERMO REV.01,,C,N,N,UN,1224,2,2,3,60,150,150,"29,82",0,23,,,,,,,,39199090,,0,000,,0,0,0,100,,,True,100,0,0,5102,6102,False,0,0,,False,0,,,,,False,,S,,0,0,999,,0,0,0,0,0,0,0,0,,,,,0,0,0,1,0,0,0,0,0,0,
43,3027064,ADESIVO PAINEL SONOPULSE III - (10/11)                                           NS: 0000000025,,C,N,N,UN,3027064,0,0,4,"59,7",-100,0,0,0,23,,,,,,,,39199090,,0,000,,0,0,0,100,,,True,100,0,0,5102,6102,False,0,0,,False,0,,,,,False,,S,,0,0,999,,0,0,0,0,0,0,0,0,,,,,0,0,0,1,0,0,0,0,0,0,
44,3027608,ADESIVO PAINEL SONOPULSE III - VS 2,,C,N,N,UN,3027608,1,1,11,"59,7","117,76",130,"25,84",0,23,,,,,,,,39199090,,0,000,,0,0,0,100,,12/06/2026,True,100,0,0,5102,6102,False,0,0,,False,0,,,,,False,,S,,0,0,999,,0,0,0,0,0,0,0,0,,,,,0,0,0,1,0,0,0,0,0,0,
45,3027190,ADESIVO PAINEL SONOPULSE III (03/13)                                             NS: 0000000130,,C,N,N,UN,3027190,0,0,0,"59,71","117,719",130,"25,84",0,23,,,,,,,,39199090,,0,000,,0,0,0,100,,,True,100,0,0,5102,6102,False,0,0,,False,0,,,,,False,,S,,0,0,999,,0,0,0,0,0,0,0,0,,,,,0,0,0,1,0,0,0,0,0,0,
46,3027264,ADESIVO PAINEL THERMOPULSE SOLID STATE - VS. 01/14                               NS: 0000000025,,C,N,N,UN,3027264,0,0,1,"129,51",-100,0,0,0,23,,,,,,,,39199090,,0,000,,0,0,0,100,,,True,100,0,0,5102,6102,False,0,0,,False,0,,,,,False,,S,,0,0,999,,0,0,0,0,0,0,0,0,,,,,0,0,0,1,0,0,0,0,0,0,
47,3027752,ADESIVO PAINEL VEGA                                                              NS: 0000000009,,C,N,N,UN,3027752,0,0,2,"103,39",-100,0,0,0,23,,,,,,,,39199090,,0,000,,0,0,0,100,,,True,100,0,0,5102,6102,False,0,0,,False,0,,,,,False,,S,,0,0,999,,0,0,0,0,0,0,0,0,,,,,0,0,0,1,0,0,0,0,0,0,
48,3027349,ADESIVO SAIDA THERMOPULSE SOLID STATE 05/14                                      NS: 0000000010,,C,N,N,UN,3027349,0,0,1,"103,6",-100,0,0,0,23,,,,,,,,39199090,,0,000,,0,0,0,100,,,True,100,0,0,5102,6102,False,0,0,,False,0,,,,,False,,S,,0,0,999,,0,0,0,0,0,0,0,0,,,,,0,0,0,1,0,0,0,0,0,0,
26,6254,ADESIVO CANETA HF REV.01,,C,N,N,UN,6254,0,0,4,"41,17","103,7892","83,9","16,6468",0,2,,,,HTM ,,,,39199090,,0,101,0,0,0,0,100,,,True,100,0,0,5102,6102,False,"83,9","83,9",,False,"37,13",,,99|99|00,,False,,S,,0,0,999,0,0,0,0,0,0,0,0,0,,,,,0,0,000,000001,0,0,0,0,0,0,
27,12557,ADESIVO ESP TEC CLUSTER LED AZUL (VN),,C,N,N,UN,12557,0,0,1,"2,81",-100,0,0,0,23,,,,,,,,39199090,,0,000,,0,0,0,100,,,True,100,0,0,5102,6102,False,0,0,,False,0,,,,,False,,S,,0,0,999,,0,0,0,0,0,0,0,0,,,,,0,0,0,1,0,0,0,0,0,0,
28,12552,ADESIVO ESP TEC CLUSTER LED VERMELHO (VN),,C,N,N,UN,12552,0,0,1,"2,8",-100,0,0,0,23,,,,,,,,39199090,,0,000,,0,0,0,100,,,True,100,0,0,5102,6102,False,0,0,,False,0,,,,,False,,S,,0,0,999,,0,0,0,0,0,0,0,0,,,,,0,0,0,1,0,0,0,0,0,0,
29,8118,ADESIVO FLUENCE R04,,C,N,N,UN,8118,0,0,5,"44,02","195,3203",130,"25,84",0,23,,,,,,,,39199090,,0,000,,0,0,0,100,,10/06/2026,True,100,0,0,5102,6102,False,0,0,,False,0,,,,,False,,S,,0,0,999,,0,0,0,0,0,0,0,0,,,,,0,0,0,1,0,0,0,0,0,0,
30,7461,ADESIVO LOGO HTM R02,,C,N,N,UN,7461,0,0,3,"6,69",-100,0,0,0,23,,,,,,,,39199090,,0,000,,0,0,0,100,,,True,100,0,0,5102,6102,False,0,0,,False,0,,,,,False,,S,,0,0,999,,0,0,0,0,0,0,0,0,,,,,0,0,0,1,0,0,0,0,0,0,
31,3027047,ADESIVO PAINEL - ARES  (VENDAS)                                                  NS: 0000000024,,C,N,N,UN,3027047,0,0,4,"59,7",-100,0,0,0,23,,,,,,,,39199090,,0,000,,0,0,0,100,,,True,100,0,0,5102,6102,False,0,0,,False,0,,,,,False,,S,,0,0,999,,0,0,0,0,0,0,0,0,,,,,0,0,0,1,0,0,0,0,0,0,
49,3027003,ADESIVO SCHILIEPHAKE COD. (A-010)                                                NS: AUTO043225,,C,N,N,UN,3027003,0,0,1,"15,81",-100,0,0,0,23,,,,,,,,39199090,,0,000,,0,0,0,100,,,True,100,0,0,5102,6102,False,0,0,,False,0,,,,,False,,S,,0,0,999,,0,0,0,0,0,0,0,0,,,,,0,0,0,1,0,0,0,0,0,0,
51,7236,ADESIVO SONIC COMPACT 1-3 MHZ R05,,C,N,N,UN,7236,0,0,4,"60,68",-100,0,0,0,23,,,,,,,,39199090,,0,000,,0,0,0,100,,,True,100,0,0,5102,6102,False,0,0,,False,0,,,,,False,,S,,0,0,999,,0,0,0,0,0,0,0,0,,,,,0,0,0,1,0,0,0,0,0,0,
52,7187,ADESIVO SONIC COMPACT MAXX R01,,C,N,N,UN,7187,0,0,4,"92,19",-100,0,0,0,23,,,,,,,,39199090,,0,000,,0,0,0,100,,,True,100,0,0,5102,6102,False,0,0,,False,0,,,,,False,,S,,0,0,999,,0,0,0,0,0,0,0,0,,,,,0,0,0,1,0,0,0,0,0,0,
53,6157,ADESIVO STIMULUS PHYSIO 4 CANAIS R01,,C,N,N,UN,6157,0,0,4,"69,49",-100,0,0,0,23,,,,,,,,39199090,,0,000,,0,0,0,100,,,True,100,0,0,5102,6102,False,0,0,,False,0,,,,,False,,S,,0,0,999,,0,0,0,0,0,0,0,0,,,,,0,0,0,1,0,0,0,0,0,0,
54,7855,ADESIVO STIMULUS-R R05,,C,N,N,UN,7855,2,2,2,"96,71","137,8244",230,"45,73",0,23,,,,,,,,39199090,,0,000,,0,0,0,100,,,True,100,0,0,5102,6102,False,0,0,,False,0,,,,,False,,S,,0,0,999,,0,0,0,0,0,0,0,0,,,,,0,0,0,1,0,0,0,0,0,0,
465,16153,PEDALEIRA CORPO PLASTICO SEM PROTECAO 1NA+1NF 10A 250VAC - TFS-201-L1 TELUZ TFS-201-L1,,C,N,N,UN,16153,0,0,2,"49,39","244,1992",170,"33,5968",0,28,,,,,,PEDALEIRA CORPO PLASTICO ,,85365090,,3,101,0,0,0,0,100,,27/05/2026,True,100,0,0,5102,6102,False,170,170,7901092002169,False,"27,92",,,99|99|00,,False,,S,,0,0,999,0,0,0,18,"8,1",0,0,0,0,,,,,0,0,000,000001,0,0,0,0,0,0,
32,3027513,ADESIVO PAINEL ARES- 2016                                                        NS: 0000000038,,C,N,N,UN,3027513,0,0,5,"60,58",-100,0,0,0,23,,,,,,,,39199090,,0,000,,0,0,0,100,,,True,100,0,0,5102,6102,False,0,0,,False,0,,,,,False,,S,,0,0,999,,0,0,0,0,0,0,0,0,,,,,0,0,0,1,0,0,0,0,0,0,
33,3027070,ADESIVO PAINEL DERMOSTEAM - (11/11)                                              NS: 0000000098,,C,N,N,UN,3027070,1,1,8,"42,14","158,6711","109,004","21,67",0,23,,,,,,,,39199090,,0,000,,0,0,0,100,25/05/2026,,True,100,0,0,5102,6102,False,0,0,,False,0,,,,,False,,S,,0,0,999,,0,0,0,0,0,0,0,0,,,,,0,0,0,1,0,0,0,0,0,0,
34,3027626,ADESIVO PAINEL DERMOSTEAM LED THERAPY                                            NS: 0000000018,,C,N,N,UN,3027626,0,0,5,"42,14","206,1224",129,"25,1953",0,23,,,,,,,,39199090,,0,101,0,0,0,0,100,,,True,100,0,0,5102,6102,False,109,109,,False,"37,13",,,99|99|00,,False,,S,,0,0,999,0,0,0,0,0,0,0,0,0,,,,,0,0,000,000001,0,0,0,0,0,0,
35,3027081,ADESIVO PAINEL DERMOTONUS ESTHETIC - (02/12)                                     NS: 0000000048,,C,N,N,UN,3027081,0,0,3,"103,6","170,1738","279,9","54,03",0,4,,,,IBRAMED,,ADESIVO PAINEL DERMOTONUS,,39199090,,0,101,0,0,0,0,100,,,True,100,0,0,5102,6102,False,"279,9","279,9",,False,"37,13",,,99|99|00,,False,,S,,0,0,999,0,0,0,0,0,0,0,0,0,,,,,0,0,000,000001,0,0,0,0,0,0,
36,3027260,ADESIVO PAINEL HECCUS  VS 04/13                                                  NS: 0000000068,,C,N,N,UN,3027260,1,1,10,"69,36","217,1857",220,"43,74",0,23,,,,,,,,39199090,,0,000,,0,0,0,100,,,True,100,0,0,5102,6102,False,0,0,,False,0,,,,,False,,S,,0,0,999,,0,0,0,0,0,0,0,0,,,,,0,0,0,1,0,0,0,0,0,0,
37,3027520,ADESIVO PAINEL MODELLATA - V2.0,,C,N,N,UN,3027520,2,2,4,"59,7","101,005",120,"23,86",0,23,,,,,,,,39199090,,0,000,,0,0,0,100,,,True,100,0,0,5102,6102,False,0,0,,False,0,,,,,False,,S,,0,0,999,,0,0,0,0,0,0,0,0,,,,,0,0,0,1,0,0,0,0,0,0,
55,4487,ADESIVO TENS-FES R07 MEMBRANA,,C,N,N,UN,4487,2,2,1,"112,23","96,4715","220,5","43,84",0,23,,,,,,,,39199090,,0,000,,0,0,0,100,,,True,100,0,0,5102,6102,False,0,0,,False,0,,,,,False,,S,,0,0,999,,0,0,0,0,0,0,0,0,,,,,0,0,0,1,0,0,0,0,0,0,
56,3027963,ADESIVO VINIL APLICADOR FACIAL SONOFOCUS SAFIRA,,C,N,N,UN,3027963,0,0,2,3,"133,3333",7,"1,39",0,23,,,,,,,,39199090,,0,000,,0,0,0,100,,,True,100,0,0,5102,6102,False,0,0,,False,0,,,,,False,,S,,0,0,999,,0,0,0,0,0,0,0,0,,,,,0,0,0,1,0,0,0,0,0,0,
58,10784,ALIVIADOR DO CABO APLICADOR ACRUS (IMP),,C,N,N,UN,10784,1,1,3,90,"733,3333",750,"144,5087",0,20,,,,HTM,,,,39269090,,0,101,0,0,0,0,100,,,True,100,0,0,5102,6102,False,120,120,,False,"33,45",,,99|99|00,,False,,S,,0,0,999,0,0,0,0,0,0,0,0,0,,,,,0,0,000,000001,0,0,0,0,0,0,
59,1227,AMPOLA DE OZONIO,,C,N,N,UN,1227,0,0,3,"25,71",-100,0,0,0,23,,,,,,,,70179000,,0,000,,0,0,0,100,,,True,100,0,0,5102,6102,False,0,0,,False,0,,,,,False,,S,,0,0,999,,0,0,0,0,0,0,0,0,,,,,0,0,0,1,0,0,0,0,0,0,
60,21,AMPOLA DE OZONIO,,C,N,N,UN,21,0,0,19,10,-100,0,0,0,23,,,,,,,,70179000,,0,000,,0,0,0,100,,,True,100,0,0,5102,6102,False,0,0,,False,0,,,,,False,,S,,0,0,999,,0,0,0,0,0,0,0,0,,,,,0,0,0,1,0,0,0,0,0,0,
61,3025021,ANEL DE REFORCO PARA MANGUEIRA - HOOKE   (VENDAS)                                NS: 0000000001,,C,N,N,UN,3025021,0,0,2,"7,9",-100,0,0,0,23,,,,,,,,70200090,,0,000,,0,0,0,100,,,True,100,0,0,5102,6102,False,0,0,,False,0,,,,,False,,S,,0,0,999,,0,0,0,0,0,0,0,0,,,,,0,0,0,1,0,0,0,0,0,0,
459,9600,PLACA MONTADA MANOPLA 3 FUNÇOES RADIOMETRO NIOO,,C,N,N,UN,PMMAN09600,0,0,2,"387,2",0,0,0,0,3,,,,,,PL MONTADA MANOPLA 3 FUNÇ,,90330000,,0,00,,0,0,0,100,,27/04/2026,True,100,0,0,,,False,0,0,,False,0,,,,,False,,S,,0,0,999,,0,0,12,"46,47",0,0,0,0,,,,,0,0,0,1,0,0,0,0,0,0,
62,12795,"ANEL ORING 2143 61,60Ø X 2,62 ESP. NITRILICA",,C,N,N,UN,12795,1,1,0,"1,62","1659,2593","28,5","5,67",0,23,,,,,,,,40169300,,0,000,,0,0,0,100,,,True,100,0,0,5102,6102,False,0,0,,False,0,,,,,False,,S,,0,0,999,,0,0,0,0,0,0,0,0,,,,,0,0,0,1,0,0,0,0,0,0,
63,2039566,APLICADOR DE RADIOFREQUENCIA BIPOLAR-HOOKE 2014                                  NS: 1465001001,,C,N,N,UN,2039566,0,0,2,"681,55",-100,0,0,0,23,,,,,,,,90330000,,0,000,,0,0,0,100,,,True,100,0,0,5102,6102,False,0,0,,False,0,,,,,False,,S,,0,0,999,,0,0,0,0,0,0,0,0,,,,,0,0,0,1,0,0,0,0,0,0,
64,3025011,APLICADOR EM SILICONE P/ RADIOFREQUENCIA                                         NS: AUTO044389,,C,N,N,UN,3025011,0,0,2,"125,4",-100,0,0,0,23,,,,,,,,90183999,,0,000,,0,0,0,100,,,True,100,0,0,5102,6102,False,0,0,,False,0,,,,,False,,S,,0,0,999,,0,0,0,0,0,0,0,0,,,,,0,0,0,1,0,0,0,0,0,0,
65,2039940,APLICADOR MODELLATA - ORBITAL                                                    NS: 1549690021,,C,N,N,UN,2039940,0,0,0,"965,8","65,6658",1600,"318,09",0,23,,,,,,,,90330000,,0,000,,0,0,0,100,,,True,100,0,0,5102,6102,False,0,0,,False,0,,,,,False,,S,,0,0,999,,0,0,0,0,0,0,0,0,,,,,0,0,0,1,0,0,0,0,0,0,
66,2039534,APLICADOR SONOFOCUS                                                              NS: 1440671001,,C,N,N,UN,2039534,0,0,1,"781,42",-100,0,0,0,23,,,,,,,,90330000,,0,000,,0,0,0,100,,,True,100,0,0,5102,6102,False,0,0,,False,0,,,,,False,,S,,0,0,999,,0,0,0,0,0,0,0,0,,,,,0,0,0,1,0,0,0,0,0,0,
67,3068,ARO INFERIOR - APLICADOR VIBRIA_HIBRIDI,,C,N,N,UN,3068,3,3,32,"1,65","2627,2727",45,"8,95",0,23,,,,,,,,90189099,,0,000,,0,0,0,100,,,True,100,0,0,5102,6102,False,0,0,,False,0,,,,,False,,S,,0,0,999,,0,0,0,0,0,0,0,0,,,,,0,0,0,1,0,0,0,0,0,0,
68,3066,ARO SUPERIOR - APLICADOR VIBRIA_HIBRIDI,,C,N,N,UN,3066,5,5,10,"1,65","2627,2727",45,"8,95",0,23,,,,,,,,90189099,,0,000,,0,0,0,100,,,True,100,0,0,5102,6102,False,0,0,,False,0,,,,,False,,S,,0,0,999,,0,0,0,0,0,0,0,0,,,,,0,0,0,1,0,0,0,0,0,0,
69,137327,BASE DA BORRACHA EXCENTRICA,,C,N,N,UN,13-7327,10,10,52,35,"142,8571",85,"16,9",0,8,,,,SHOPLIBRE COMERCIAL LTDA,,,,40169300,,0,101,0,0,0,0,100,25/06/2026,,True,100,0,0,5102,6102,False,85,85,,False,"34,84",,,99|99|00,,False,,S,,0,0,999,0,0,0,0,0,0,0,0,0,,,,,0,0,000,000001,0,0,0,0,0,0,
70,11078,BASE DE ENCAIXE DO SUPORTE ACRUS FURADO,,C,N,N,UN,11078,0,0,3,"144,52",-100,0,0,0,23,,,,,,,,90189099,,0,000,,0,0,0,100,,,True,100,0,0,5102,6102,False,0,0,,False,0,,,,,False,,S,,0,0,999,,0,0,0,0,0,0,0,0,,,,,0,0,0,1,0,0,0,0,0,0,
71,3029084,BASE GABINETE SAFIRA V2.0                                                        NS: 0000000065,,C,N,N,UN,3029084,1,1,6,"51,8","266,7954",190,"37,77",0,23,,,,,,,,39269090,,0,000,,0,0,0,100,,,True,100,0,0,5102,6102,False,0,0,,False,0,,,,,False,,S,,0,0,999,,0,0,0,0,0,0,0,0,,,,,0,0,0,1,0,0,0,0,0,0,
72,2123006,BASE PARA GABINETE DO SUPORTE DE APLICADORES LINHA DIAMOND                       NS: 1553051001,,C,N,N,UN,2123006,0,0,4,"15,81",-100,0,0,0,23,,,,,,,,39269090,,0,000,,0,0,0,100,,,True,100,0,0,5102,6102,False,0,0,,False,0,,,,,False,,S,,0,0,999,,0,0,0,0,0,0,0,0,,,,,0,0,0,1,0,0,0,0,0,0,
73,2123007,BASE PARA SUPORTE DE APLICADORES LINHA DIAMANTE                                  NS: 1553101001,,C,N,N,UN,2123007,0,0,4,"15,81",-100,0,0,0,23,,,,,,,,39269090,,0,000,,0,0,0,100,,,True,100,0,0,5102,6102,False,0,0,,False,0,,,,,False,,S,,0,0,999,,0,0,0,0,0,0,0,0,,,,,0,0,0,1,0,0,0,0,0,0,
74,3688,BOBINA DE ALTA FREQUENCIA HTM REV.01,,C,N,N,UN,3688,0,0,9,"29,01","520,4757",180,"35,79",0,23,,,,,,,,85043199,,0,000,,0,0,0,100,,,True,100,0,0,5102,6102,False,0,0,,False,0,,,,,False,,S,,0,0,999,,0,0,0,0,0,0,0,0,,,,,0,0,0,1,0,0,0,0,0,0,
75,3024210,BOBINA HF 4 FIOS P/DERMOSTEAM CUSTOMIZADA,,C,N,N,UN,3024210,0,0,31,28,"542,8571",180,"35,79",0,23,,,,,,,,90189099,,0,000,,0,0,0,100,01/07/2026,30/06/2026,True,100,0,0,5102,6102,False,0,0,,False,0,,,,,False,,S,,0,0,999,,0,0,0,0,0,0,0,0,,,,,0,0,0,1,0,0,0,0,0,0,
76,3025217,BOBINA THORK MONTADA,,C,N,N,UN,3025217,1,1,1,1600,"37,5",2200,"437,38",0,23,,,,,,,,85045000,,0,000,,0,0,0,100,,,True,100,0,0,5102,6102,False,0,0,,False,0,,,,,False,,S,,0,0,999,,0,0,0,0,0,0,0,0,,,,,0,0,0,1,0,0,0,0,0,0,
77,5263,BOMBA D AGUA KLD,,C,N,N,UN,5263,2,2,4,425,"41,1765",600,"119,28",0,23,,,,,,,,28539090,,0,000,,0,0,0,100,07/07/2026,,True,100,0,0,5102,6102,False,0,0,,False,0,,,,,False,,S,,0,0,999,,0,0,0,0,0,0,0,0,,,,,0,0,0,1,0,0,0,0,0,0,
78,3065009,BOMBA DE AGUA BRUSHILEES 12VDC,,C,N,N,UN,3065009,1,1,2,"562,4","166,7141",1500,"298,21",0,23,,,,,,,,28539090,,0,000,,0,0,0,100,,,True,100,0,0,5102,6102,False,0,0,,False,0,,,,,False,,S,,0,0,999,,0,0,0,0,0,0,0,0,,,,,0,0,0,1,0,0,0,0,0,0,
79,4310,BOMBA DE AGUA MP-20RM,,C,N,N,UN,4310,1,1,0,570,"40,3509",800,"159,05",0,23,,,,,,,,28539090,,0,000,,0,0,0,100,18/06/2026,,True,100,0,0,5102,6102,False,0,0,,False,0,,,,,False,,S,,0,0,999,,0,0,0,0,0,0,0,0,,,,,0,0,0,1,0,0,0,0,0,0,
80,11647,BOMBA HIDRAULICA MINI 12VDC,,C,N,N,UN,11647,0,0,4,"111,88","212,84",350,"69,58",0,23,,,,,,,,84138100,,0,000,,0,0,0,100,25/06/2026,30/06/2026,True,100,0,0,5102,6102,False,0,0,,False,0,,,,,False,,S,,0,0,999,,0,0,0,0,0,0,0,0,,,,,0,0,0,1,0,0,0,0,0,0,
81,3016005,BOMBA PISTAO OSCILANTE 12VCC                                                     NS: 0000031824,,C,N,N,UN,3016005,0,0,2,299,-100,0,0,0,23,,,,,,,,84141000,,0,000,,0,0,0,100,,,True,100,0,0,5102,6102,False,0,0,,False,0,,,,,False,,S,,0,0,999,,0,0,0,0,0,0,0,0,,,,,0,0,0,1,0,0,0,0,0,0,
82,147327,BORRACHA EXCENTRICA,,C,N,N,UN,14-7327,0,0,51,260,"107,6923",540,"107,36",0,8,,,,SHOPLIBRE COMERCIAL LTDA,,,,90189099,,0,101,0,0,0,0,100,25/06/2026,,True,100,0,0,5102,6102,False,540,540,,False,"33,45",,,99|99|00,,False,,S,,0,0,999,0,0,0,0,0,0,0,0,0,,,,,0,0,000,000001,0,0,0,0,0,0,
83,7921,BORRACHA INFERIOR DO APLICADOR FLOATING (P.427C),,C,N,N,UN,7921,3,3,34,25,80,45,"8,95",0,23,,,,,,,,90189099,,0,000,,0,0,0,100,,,True,100,0,0,5102,6102,False,0,0,,False,0,,,,,False,,S,,0,0,999,,0,0,0,0,0,0,0,0,,,,,0,0,0,1,0,0,0,0,0,0,
84,7919,BORRACHA SUPERIOR DO APLICADOR VIBRIA,,C,N,N,UN,7919,5,5,5,"52,15","130,1055",120,"23,86",0,23,,,,,,,,39269090,,0,000,,0,0,0,100,,,True,100,0,0,5102,6102,False,0,0,,False,0,,,,,False,,S,,0,0,999,,0,0,0,0,0,0,0,0,,,,,0,0,0,1,0,0,0,0,0,0,
85,4595,BORRACHA VEDACAO APLICADOR SONIC REV.02,,C,N,N,UN,4595,2,2,4,"45,98","245,8025",159,"31,61",0,23,,,,,,,,90189099,,0,000,,0,0,0,100,,,True,100,0,0,5102,6102,False,0,0,,False,0,,,,,False,,S,,0,0,999,,0,0,0,0,0,0,0,0,,,,,0,0,0,1,0,0,0,0,0,0,
86,3029077,BOTAO EMBORRACHADO DA PROBE                                                      NS: 0000000019,,C,N,N,UN,3029077,1,1,4,"3,39","194,9853",10,"1,99",0,23,,,,,,,,39269090,,0,000,,0,0,0,100,,,True,100,0,0,5102,6102,False,0,0,,False,0,,,,,False,,S,,0,0,999,,0,0,0,0,0,0,0,0,,,,,0,0,0,1,0,0,0,0,0,0,
87,3025348,"BUCHA ALIVIADOR TUBO 7/8""                                                        NS: 0000000035",,C,N,N,UN,3025348,0,0,2,"28,1",-100,0,0,0,23,,,,,,,,39269090,,0,000,,0,0,0,100,,,True,100,0,0,5102,6102,False,0,0,,False,0,,,,,False,,S,,0,0,999,,0,0,0,0,0,0,0,0,,,,,0,0,0,1,0,0,0,0,0,0,
88,3038520,BUCHA APLICADOR VEGA                                                             NS: 0000000013,,C,N,N,UN,3038520,0,0,1,"15,12",-100,0,0,0,23,,,,,,,,39172900,,0,000,,0,0,0,100,,,True,100,0,0,5102,6102,False,0,0,,False,0,,,,,False,,S,,0,0,999,,0,0,0,0,0,0,0,0,,,,,0,0,0,1,0,0,0,0,0,0,
89,3025347,"BUCHA TRAVA PARA TUBO KEL-C 7/8""                                                 NS: 0000000035",,C,N,N,UN,3025347,0,0,2,"24,59",-100,0,0,0,23,,,,,,,,39269090,,0,000,,0,0,0,100,,,True,100,0,0,5102,6102,False,0,0,,False,0,,,,,False,,S,,0,0,999,,0,0,0,0,0,0,0,0,,,,,0,0,0,1,0,0,0,0,0,0,
90,2703,BUCHA USINADA ILUMINACAO MANOPLA PLASMA R03,,C,N,N,UN,BUUSI02703,0,0,4,"73,79",-100,0,0,0,23,,,,,,,,39269090,,0,000,,0,0,0,100,,,True,100,0,0,5102,6102,False,0,0,,False,0,,,,,False,,S,,0,0,999,,0,0,0,0,0,0,0,0,,,,,0,0,0,1,0,0,0,0,0,0,
91,1992,CABECOTE CONICO US 54 MM,,C,N,N,UN,1992,0,0,2,"65,85",-100,0,0,0,23,,,,,,,,39269090,,0,000,,0,0,0,100,,,True,100,0,0,5102,6102,False,0,0,,False,0,,,,,False,,S,,0,0,999,,0,0,0,0,0,0,0,0,,,,,0,0,0,1,0,0,0,0,0,0,
92,2110322,CABECOTE DE SILICONE 8CM2,,C,N,N,UN,2110322,1,1,0,180,"61,1111",290,"57,65",0,23,,,,,,,,90189099,,0,000,,0,0,0,100,,,True,100,0,0,5102,6102,False,0,0,,False,0,,,,,False,,S,,0,0,999,,0,0,0,0,0,0,0,0,,,,,0,0,0,1,0,0,0,0,0,0,
93,393,CABECOTE DE SILICONE 8CM2 IMPORTADO                                              NS: AUTO044881,,C,N,N,UN,2110322,0,0,5,"170,33",-100,0,0,0,23,,,,,,,,90330000,,0,000,,0,0,0,100,,,True,100,0,0,5102,6102,False,0,0,,False,0,,,,,False,,S,,0,0,999,,0,0,0,0,0,0,0,0,,,,,0,0,0,1,0,0,0,0,0,0,
94,2049240,CABECOTE SILICONE 21W,,C,N,N,UN,2049240,4,4,4,190,105,"389,5","77,44",0,23,,,,,,,,90189099,,0,000,,0,0,0,100,27/05/2026,,True,100,0,0,5102,6102,False,0,0,,False,0,,,,,False,,S,,0,0,999,,0,0,0,0,0,0,0,0,,,,,0,0,0,1,0,0,0,0,0,0,
95,1492071,"CABO 0,50MMX1,80M P10",,C,N,N,UN,1492071,0,0,0,"36,08",-100,0,0,0,23,,,,,,,,85444200,,0,000,,0,0,0,100,,,True,100,0,0,5102,6102,False,0,0,,False,0,,,,,False,,S,,0,0,999,,0,0,0,0,0,0,0,0,,,,,0,0,0,1,0,0,0,0,0,0,
96,3049007,CABO 09 P/ NEURO II (AZUL /VERDE 2 VIAS CADA) - INJETADO                         NS: 0000000148,,C,N,N,UN,3049007,1,1,1,"47,1","101,6985",95,"18,89",0,23,,,,,,,,85444200,,0,000,,0,0,0,100,24/06/2026,,True,100,0,0,5102,6102,False,0,0,,False,0,,,,,False,,S,,0,0,999,,0,0,0,0,0,0,0,0,,,,,0,0,0,1,0,0,0,0,0,0,
97,3049027,CABO 103 LARANJA 2 VIAS P/ ESTHETIC AUSSIE INJETADO                              NS: 0000000048,,C,N,N,UN,3049027,1,1,0,"35,07","170,8868",95,"18,89",0,23,,,,,,,,85444200,,0,000,,0,0,0,100,,,True,100,0,0,5102,6102,False,0,0,,False,0,,,,,False,,S,,0,0,999,,0,0,0,0,0,0,0,0,,,,,0,0,0,1,0,0,0,0,0,0,
98,3049028,CABO 104 PRETO 2 VIAS P/ ESTHETIC AUSSIE INJETADO                                NS: 0000000047,,C,N,N,UN,3049028,1,1,1,"35,12","170,5011",95,"18,89",0,23,,,,,,,,85444200,,0,000,,0,0,0,100,26/05/2026,,True,100,0,0,5102,6102,False,0,0,,False,0,,,,,False,,S,,0,0,999,,0,0,0,0,0,0,0,0,,,,,0,0,0,1,0,0,0,0,0,0,
99,3049029,CABO 105 AZUL 2 VIAS P/ ESTHETIC AUSSIE INJETADO                                 NS: 0000000049,,C,N,N,UN,3049029,1,1,1,"35,12","170,5",95,"18,89",0,23,,,,,,,,85444200,,0,000,,0,0,0,100,08/06/2026,08/06/2026,True,100,0,0,5102,6102,False,0,0,,False,0,,,,,False,,S,,0,0,999,,0,0,0,0,0,0,0,0,,,,,0,0,0,1,0,0,0,0,0,0,
100,3049030,CABO 106 VERDE 2 VIAS P/ ESTHETIC AUSSIE INJETADO                                NS: 0000000047,,C,N,N,UN,3049030,1,1,1,"35,12","170,5011",95,"18,89",0,23,,,,,,,,85444200,,0,000,,0,0,0,100,,,True,100,0,0,5102,6102,False,0,0,,False,0,,,,,False,,S,,0,0,999,,0,0,0,0,0,0,0,0,,,,,0,0,0,1,0,0,0,0,0,0,
101,3049082,CABO 128 ( AZ/VD 4VIAS) P/ ELETROESTIMULACAO INJETADO                            NS: 0000000017,,C,N,N,UN,3049082,0,0,1,"61,2",-100,0,0,0,23,,,,,,,,85444200,,0,000,,0,0,0,100,,,True,100,0,0,5102,6102,False,0,0,,False,0,,,,,False,,S,,0,0,999,,0,0,0,0,0,0,0,0,,,,,0,0,0,1,0,0,0,0,0,0,
102,3049083,CABO 129 (PT/LR 4 VIAS) P/ ELETROESTIMULACAO INJETADO                            NS: 0000000015,,C,N,N,UN,3049083,0,0,1,"61,21",-100,0,0,0,23,,,,,,,,85444200,,0,000,,0,0,0,100,,,True,100,0,0,5102,6102,False,0,0,,False,0,,,,,False,,S,,0,0,999,,0,0,0,0,0,0,0,0,,,,,0,0,0,1,0,0,0,0,0,0,
103,3049006,CABO 38 ELETROESTIMULACAO (PRETO/LARANJA 2 VIAS CADA) - INJETADO                 NS: 0000000178,,C,N,N,UN,3049006,1,1,3,"47,09","101,7413",95,"18,89",0,23,,,,,,,,85444200,,0,000,,0,0,0,100,24/06/2026,,True,100,0,0,5102,6102,False,0,0,,False,0,,,,,False,,S,,0,0,999,,0,0,0,0,0,0,0,0,,,,,0,0,0,1,0,0,0,0,0,0,
105,3049011,CABO 73( AZ/VD 4VIAS) P/ 10 CH AUSSIE/RUSSA INJETADO                             NS: 0000000048,,C,N,N,UN,3049011,0,0,5,"47,03","101,9987",95,"18,89",0,23,,,,,,,,85444200,,0,000,,0,0,0,100,,,True,100,0,0,5102,6102,False,0,0,,False,0,,,,,False,,S,,0,0,999,,0,0,0,0,0,0,0,0,,,,,0,0,0,1,0,0,0,0,0,0,
106,3049012,CABO 74 (CZ/RS 4 VIAS) P/ 10 CH AUSSIE/RUSSA INJETADO                            NS: 0000000044,,C,N,N,UN,3049012,0,0,5,"47,015","102,0632",95,"18,89",0,23,,,,,,,,85444200,,0,000,,0,0,0,100,,,True,100,0,0,5102,6102,False,0,0,,False,0,,,,,False,,S,,0,0,999,,0,0,0,0,0,0,0,0,,,,,0,0,0,1,0,0,0,0,0,0,
107,3049013,CABO 75 (BR/AM 4 VIAS) P/ 10 CH AUSSIE/RUSSA INJETADO                            NS: 0000000050,,C,N,N,UN,3049013,0,0,3,"47,02","102,0417",95,"18,89",0,23,,,,,,,,85444200,,0,000,,0,0,0,100,08/06/2026,,True,100,0,0,5102,6102,False,0,0,,False,0,,,,,False,,S,,0,0,999,,0,0,0,0,0,0,0,0,,,,,0,0,0,1,0,0,0,0,0,0,
108,3049036,CABO 83 LARANJA 2 VIAS P/ NEURODYN INJETADO                                      NS: 0000000045,,C,N,N,UN,3049036,0,0,3,"35,07","170,8868",95,"18,89",0,23,,,,,,,,85444200,,0,000,,0,0,0,100,,,True,100,0,0,5102,6102,False,0,0,,False,0,,,,,False,,S,,0,0,999,,0,0,0,0,0,0,0,0,,,,,0,0,0,1,0,0,0,0,0,0,
109,3049037,CABO 84 PRETO 2 VIAS P/ NEURODYN INJETADO                                        NS: 0000000037,,C,N,N,UN,3049037,0,0,1,"35,05","171,0414",95,"18,89",0,23,,,,,,,,85444200,,0,000,,0,0,0,100,,,True,100,0,0,5102,6102,False,0,0,,False,0,,,,,False,,S,,0,0,999,,0,0,0,0,0,0,0,0,,,,,0,0,0,1,0,0,0,0,0,0,
110,3049038,CABO 85 AZUL 2 VIAS P/ NEURODYN INJETADO                                         NS: 0000000040,,C,N,N,UN,3049038,0,0,5,"35,06",-100,0,0,0,23,,,,,,,,85444200,,0,000,,0,0,0,100,,,True,100,0,0,5102,6102,False,0,0,,False,0,,,,,False,,S,,0,0,999,,0,0,0,0,0,0,0,0,,,,,0,0,0,1,0,0,0,0,0,0,
111,3049039,CABO 86 VERDE 2 VIAS P/ NEURODYN INJETADO                                        NS: 0000000035,,C,N,N,UN,3049039,0,0,5,"35,06",-100,0,0,0,23,,,,,,,,85444200,,0,000,,0,0,0,100,,,True,100,0,0,5102,6102,False,0,0,,False,0,,,,,False,,S,,0,0,999,,0,0,0,0,0,0,0,0,,,,,0,0,0,1,0,0,0,0,0,0,
112,10437,CABO APLICADOR ACRUS TRIPLE WAVE,,C,N,N,UN,10437,0,0,2,"732,35",-100,0,0,0,23,,,,,,,,85444900,,0,000,,0,0,0,100,,,True,100,0,0,5102,6102,False,0,0,,False,0,,,,,False,,S,,0,0,999,,0,0,0,0,0,0,0,0,,,,,0,0,0,1,0,0,0,0,0,0,
113,3073252,CABO APLICADOR CORPORAL RADIOFREQUENCIA + VACUO - MONTADO                        NS: 0000000034,,C,N,N,UN,3073252,0,0,5,"193,16",-100,0,0,0,23,,,,,,,,90330000,,0,000,,0,0,0,100,,,True,100,0,0,5102,6102,False,0,0,,False,0,,,,,False,,S,,0,0,999,,0,0,0,0,0,0,0,0,,,,,0,0,0,1,0,0,0,0,0,0,
114,3073251,CABO APLICADOR FACIAL RADIOFREQUENCIA + VACUO - MONTADO                          NS: 0000000026,,C,N,N,UN,3073251,0,0,5,"193,16",-100,0,0,0,23,,,,,,,,90330000,,0,000,,0,0,0,100,,,True,100,0,0,5102,6102,False,0,0,,False,0,,,,,False,,S,,0,0,999,,0,0,0,0,0,0,0,0,,,,,0,0,0,1,0,0,0,0,0,0,
115,2110457,CABO APLICADOR HECCUS GRANDES AREAS                                              NS: 1507811001,,C,N,N,UN,2110457,0,0,1,"107,47",-100,0,0,0,23,,,,,,,,85444200,,0,000,,0,0,0,100,,,True,100,0,0,5102,6102,False,0,0,,False,0,,,,,False,,S,,0,0,999,,0,0,0,0,0,0,0,0,,,,,0,0,0,1,0,0,0,0,0,0,
116,2039787,CABO APLICADOR SONOFOCUS ANTIGO,,C,N,N,UN,2039787,2,2,0,140,"235,7143",470,"93,44",0,23,,,,,,,,85444200,,0,000,,0,0,0,100,,,True,100,0,0,5102,6102,False,0,0,,False,0,,,,,False,,S,,0,0,999,,0,0,0,0,0,0,0,0,,,,,0,0,0,1,0,0,0,0,0,0,
117,3073238,CABO APLICADOR THORK SAFIRA FDA - MONTADO                                        NS: 0000000039,,C,N,N,UN,3073238,0,0,1,"172,13",-100,0,0,0,23,,,,,,,,85444200,,0,000,,0,0,0,100,,,True,100,0,0,5102,6102,False,0,0,,False,0,,,,,False,,S,,0,0,999,,0,0,0,0,0,0,0,0,,,,,0,0,0,1,0,0,0,0,0,0,
118,2110189,CABO APLICADOR VEGA - PREPARADO                                                  NS: 1492191001,,C,N,N,UN,2110189,0,0,5,"189,31","391,2577",930,"184,89",0,23,,,,,,,,85444900,,0,000,,0,0,0,100,,,True,100,0,0,5102,6102,False,0,0,,False,0,,,,,False,,S,,0,0,999,,0,0,0,0,0,0,0,0,,,,,0,0,0,1,0,0,0,0,0,0,
119,177,CABO CABEÇOTE ULTRASSOM,,C,N,N,UN,177,0,0,0,45,"388,8889",220,"43,74",0,23,,,,,,,,85444200,,0,000,,0,0,0,100,,,True,100,0,0,5102,6102,False,0,0,,False,0,,,,,False,,S,,0,0,999,,0,0,0,0,0,0,0,0,,,,,0,0,0,1,0,0,0,0,0,0,
120,13511,CABO CANETA AURIUS PLASMA COM PLUG INJETADO,,C,N,N,UN,13511,1,1,1,"232,72","105,8267",479,"95,23",0,23,,,,,,,,85444200,,0,000,,0,0,0,100,,,True,100,0,0,5102,6102,False,0,0,,False,0,,,,,False,,S,,0,0,999,,0,0,0,0,0,0,0,0,,,,,0,0,0,1,0,0,0,0,0,0,
121,3049122,CABO CONECTOR INTERLOCK,,C,N,N,UN,3049122,2,2,0,"9,9","80,8081","17,9","3,56",0,23,,,,,,,,85444200,,0,000,,0,0,0,100,,,True,100,0,0,5102,6102,False,0,0,,False,0,,,,,False,,S,,0,0,999,,0,0,0,0,0,0,0,0,,,,,0,0,0,1,0,0,0,0,0,0,
122,362,CABO CONECTOR INTERLOCK                                                          NS: 0000000057,,C,N,N,UN,3049122,0,0,3,"6,37",-100,0,0,0,23,,,,,,,,85444200,,0,000,,0,0,0,100,,,True,100,0,0,5102,6102,False,0,0,,False,0,,,,,False,,S,,0,0,999,,0,0,0,0,0,0,0,0,,,,,0,0,0,1,0,0,0,0,0,0,
123,13642,CABO DE ACESSORIO PRE-MONTADO,,C,N,N,UN,13642,0,0,2,"110,25",-100,0,0,0,23,,,,,,,,85444200,,0,000,,0,0,0,100,,,True,100,0,0,5102,6102,False,0,0,,False,0,,,,,False,,S,,0,0,999,,0,0,0,0,0,0,0,0,,,,,0,0,0,1,0,0,0,0,0,0,
124,153685,CABO DE FORÇA TRIPOLAR MACHO E FEMEA,,C,N,N,UN,153685,2,2,4,"8,9","405,62",45,"8,96",0,23,,,,,,CABO DE FORÇA TRIPOLAR ,,85444200,,0,102,0,0,0,0,100,03/07/2026,17/06/2026,True,100,0,0,5102,6102,False,35,35,,False,"28,21",,,99|99|00,,False,,S,,0,0,999,0,0,0,0,0,0,0,0,0,,,,,0,0,000,000001,0,0,0,0,0,0,
125,4042202,CABO DE ULTRASSOM E DE CRIOLIPOLISE,,C,N,N,UN,40422-02,1,1,199,"4,7","644,6809",35,"6,96",0,23,,,,,,,,85444200,,0,000,,0,0,0,100,,,True,100,0,0,5102,6102,False,0,0,,False,0,,,,,False,,S,,0,0,999,,0,0,0,0,0,0,0,0,,,,,0,0,0,1,0,0,0,0,0,0,
126,3049102,CABO DISPERSIVO FIO UNICO CINZA-PINO PRETO,,C,N,N,UN,3049102,2,2,2,"35,2","212,5",110,"21,87",0,23,,,,,,,,85444200,,0,000,,0,0,0,100,,,True,100,0,0,5102,6102,False,0,0,,False,0,,,,,False,,S,,0,0,999,,0,0,0,0,0,0,0,0,,,,,0,0,0,1,0,0,0,0,0,0,
127,2039911,CABO DO CABECOTE HECCUS TURBO - VENDAS                                           NS: AUTO037730,CABOS E CHICOTES,C,N,N,UN,02039911,1,1,17,120,"291,6667",470,"93,44",0,4,,,,,,CABO CABECOTE HECCUS TURB,,85444200,,0,101,0,0,0,0,100,11/06/2026,15/05/2026,True,100,0,0,5102,6102,False,470,470,,False,"28,21",,,99|99|00,,False,,S,,0,0,999,0,"177,43","10,52",18,"21,42",0,0,0,0,,,,,0,0,000,000001,0,0,0,0,0,0,
129,3049095,CABO ELETROESTIMULACAO DUPLO BRANCO -PINO VERMELHO E PINO PRETO                  NS: 0000000104,,C,N,N,UN,03049095,0,0,0,"33,47","168,8975",90,"17,8571",0,4,,,,IBRAMED,,,,85444200,,0,101,0,0,0,0,100,03/07/2026,11/06/2026,True,100,0,0,5102,6102,False,90,90,,False,"34,78",,,99|99|00,,False,,S,,0,0,999,0,0,0,0,0,0,0,0,0,,,,,0,0,000,000001,0,0,0,0,0,0,
130,2049096,CABO HECCUS - ANTIGO,,C,N,N,UN,2049096,1,1,1,220,"118,1818",480,"95,43",0,23,,,,,,,,90189099,,0,000,,0,0,0,100,25/05/2026,,True,100,0,0,5102,6102,False,0,0,,False,0,,,,,False,,S,,0,0,999,,0,0,0,0,0,0,0,0,,,,,0,0,0,1,0,0,0,0,0,0,
131,7388,CABO MANGA COM PLUG INJETADO HTM CANETA LASER,,C,N,N,UN,7388,1,1,8,175,"65,1429",289,"57,46",0,23,,,,,,,,85444200,,0,000,,0,0,0,100,,,True,100,0,0,5102,6102,False,0,0,,False,0,,,,,False,,S,,0,0,999,,0,0,0,0,0,0,0,0,,,,,0,0,0,1,0,0,0,0,0,0,
132,7543,CABO MANGA COM PLUG INJETADO HTM CANETA LASER 904,,C,N,N,UN,7543,1,1,5,175,"65,1429",289,"57,46",0,23,,,,,,,,85444200,,0,000,,0,0,0,100,,,True,100,0,0,5102,6102,False,0,0,,False,0,,,,,False,,S,,0,0,999,,0,0,0,0,0,0,0,0,,,,,0,0,0,1,0,0,0,0,0,0,
133,6747,CABO MANGA COM PLUG INJETADO HTM P/ CLUSTER LED,,C,N,N,UN,006747,1,1,6,175,"168,5714",470,"93,63",0,23,,,,,,,,90189099,,0,101,0,0,0,0,100,11/06/2026,,True,100,0,0,5102,6102,False,480,490,,False,"33,45",,,99|99|00,,False,,S,,0,0,999,0,0,0,0,0,0,0,0,0,,,,,0,0,000,000001,0,0,0,0,0,0,
481,6904,MANGUEIRA DE PROTEÇÃO DENTÁRIA CINZA DIAM INTERNO 20MM,,C,N,N,UN,6904,0,0,5,111,0,0,0,0,40,,,,,,MANGUEIRA PROTEÇÃO DENTÁR,,39173900,,0,102,,0,0,0,100,,09/06/2026,True,100,0,0,,,False,0,0,,False,0,,,,,False,,S,,0,0,999,,0,0,0,0,0,0,0,0,,,,,0,0,0,1,0,0,0,0,0,0,
134,8366,CABO MANGA COM PLUG INJETADO HTM P/ CLUSTER LED,,C,N,N,UN,8366,1,1,13,175,"66,8","291,9","58,03",0,23,,,,,,,,85444200,,0,000,,0,0,0,100,,,True,100,0,0,5102,6102,False,0,0,,False,0,,,,,False,,S,,0,0,999,,0,0,0,0,0,0,0,0,,,,,0,0,0,1,0,0,0,0,0,0,
135,6599,CABO MANGA COM PLUG INJETADO HTM REV.01,,C,N,N,UN,6599,3,3,12,175,"66,8","291,9","58,03",0,23,,,,,,,,85444200,,0,000,,0,0,0,100,,,True,100,0,0,5102,6102,False,0,0,,False,0,,,,,False,,S,,0,0,999,,0,0,0,0,0,0,0,0,,,,,0,0,0,1,0,0,0,0,0,0,
136,270,CABO MANGA COM PLUG INJETADO P/ CLUSTER LED COMB. VET,,C,N,N,UN,000270,0,0,1,"25,08","1774,0032",470,"93,6255",0,2,,,,,,,,90189099,,0,101,0,0,0,0,100,29/05/2026,,True,100,0,0,5102,6102,False,470,470,,False,"32,05",,,99|99|00,,False,,S,,0,0,999,0,0,0,0,0,0,0,0,0,,,,,0,0,000,000001,0,0,0,0,0,0,
137,12866,CABO MANGA COM PLUG INJETADO/LED COMBINADO PREPARADO,,C,N,N,UN,12866,1,1,5,"60,34","347,4644",270,"53,68",0,23,,,,,,,,90189099,,0,000,,0,0,0,100,,,True,100,0,0,5102,6102,False,0,0,,False,0,,,,,False,,S,,0,0,999,,0,0,0,0,0,0,0,0,,,,,0,0,0,1,0,0,0,0,0,0,
138,269,CABO MANGA COM PLUGUE INJETADO HTM CANETA LASER VET,,C,N,N,UN,000269,0,0,3,"25,75","1725,2427",470,"90,9091",0,23,,,,,,,,90189099,,0,101,0,0,0,0,100,,,True,100,0,0,5102,6102,False,470,470,,False,"33,45",,,99|99|00,,False,,S,,0,0,999,0,0,0,0,0,0,0,0,0,,,,,0,0,000,000001,0,0,0,0,0,0,
139,2071793,CABO MANGUEIRA APLICADOR THORK METAL,,C,N,N,UN,2071793,0,0,5,"279,2","133,3453","651,5","129,52",0,23,,,,,,,,90189099,,0,000,,0,0,0,100,,,True,100,0,0,5102,6102,False,0,0,,False,0,,,,,False,,S,,0,0,999,,0,0,0,0,0,0,0,0,,,,,0,0,0,1,0,0,0,0,0,0,
140,398,CABO MANOPLA,,C,N,N,UN,CBMAN002.01,0,0,0,270,"74,0741",470,"93,44",0,23,,,,,,,,85444200,,0,000,,0,0,0,100,,,True,100,0,0,5102,6102,False,0,0,,False,0,,,,,False,,S,,0,0,999,,0,0,0,0,0,0,0,0,,,,,0,0,0,1,0,0,0,0,0,0,
141,2301,CABO MANOPLA C PRENSACABO INJETADO NIOO R01,,C,N,N,UN,CBMAN02301,0,0,3,"55,6",-100,0,0,0,23,,,,,,,,85444200,,0,000,,0,0,0,100,,,True,100,0,0,5102,6102,False,0,0,,False,0,,,,,False,,S,,0,0,999,,0,0,0,0,0,0,0,0,,,,,0,0,0,1,0,0,0,0,0,0,
142,303,"CABO MANOPLA D6,5 X C2165MM DUPLO R03",,C,N,N,UN,CBMAN003.03,2,2,12,"39,884","602,0359",280,"55,67",0,3,,,,,,,,85444200,,0,101,0,0,0,0,100,,,True,100,0,0,5102,6102,False,280,280,,False,"34,78",,,99|99|00,,False,,S,,0,0,999,0,0,0,0,0,0,0,0,0,,,,,0,0,000,000001,0,0,0,0,0,0,
143,8627,CABO MICROFONE APLICADOR FACIAL RF,,C,N,N,UN,8627,0,0,4,220,"186,3636",630,"125,25",0,23,,,,,,,,85444200,,0,000,,0,0,0,100,,,True,100,0,0,5102,6102,False,0,0,,False,0,,,,,False,,S,,0,0,999,,0,0,0,0,0,0,0,0,,,,,0,0,0,1,0,0,0,0,0,0,
144,10082,CABO MICROFONE APLICADOR FACIAL ULTRAFOCUS,,C,N,N,UN,10082,0,0,7,"214,01","119,6159",470,"93,44",0,23,,,,,,,,85444200,,0,000,,0,0,0,100,,,True,100,0,0,5102,6102,False,0,0,,False,0,,,,,False,,S,,0,0,999,,0,0,0,0,0,0,0,0,,,,,0,0,0,1,0,0,0,0,0,0,
145,7200,CABO MICROFONE COM PLUG INJETADO HTM P/ SONIC COMPACT,,C,N,N,UN,7200,1,1,6,175,"168,5714",470,"93,44",0,23,,,,,,,,85444200,,0,000,,0,0,0,100,,,True,100,0,0,5102,6102,False,0,0,,False,0,,,,,False,,S,,0,0,999,,0,0,0,0,0,0,0,0,,,,,0,0,0,1,0,0,0,0,0,0,
146,25001899,CABO MONTADO KAVYS TUS1901,,C,N,N,UN,25001899,0,0,4,"125,005","275,985",470,"93,44",0,23,,,,,,,,85444200,,0,000,,0,0,0,100,,,True,100,0,0,5102,6102,False,0,0,,False,0,,,,,False,,S,,0,0,999,,0,0,0,0,0,0,0,0,,,,,0,0,0,1,0,0,0,0,0,0,
147,8796,CABO MULTIVIAS APLICADOR VIBRIA MAXX_HIBRIDI,,C,N,N,UN,008796,1,1,3,320,"46,875",470,"93,44",0,23,,,,,,,,85444200,,0,101,0,0,0,0,100,25/05/2026,,True,100,0,0,5102,6102,False,470,470,,False,"34,78",,,99|99|00,,False,,S,,0,0,999,0,0,0,0,0,0,0,0,0,,,,,0,0,000,000001,0,0,0,0,0,0,
149,9933,CABO PARA APLICADOR VACUO + LED COM PLUG INJETADO,,C,N,N,UN,9933,0,0,2,"232,06",-100,0,0,0,23,,,,,,,,90189099,,0,000,,0,0,0,100,,,True,100,0,0,5102,6102,False,0,0,,False,0,,,,,False,,S,,0,0,999,,0,0,0,0,0,0,0,0,,,,,0,0,0,1,0,0,0,0,0,0,
150,6717,CABO PARA CORRENTE BIFASICA AZUL E LARANJA R02 EMB. 1UN.,,C,N,N,UN,6717,0,0,1,"69,71",-100,0,0,0,23,,,,,,,,85444900,,0,000,,0,0,0,100,,,True,100,0,0,5102,6102,False,0,0,,False,0,,,,,False,,S,,0,0,999,,0,0,0,0,0,0,0,0,,,,,0,0,0,1,0,0,0,0,0,0,
151,3576,CABO PARA CORRENTE BIFASICA AZUL VIBRIA EMB. 1UN.,,C,N,N,UN,3576,0,0,5,30,-100,0,0,0,23,,,,,,,,85444900,,0,000,,0,0,0,100,,,True,100,0,0,5102,6102,False,0,0,,False,0,,,,,False,,S,,0,0,999,,0,0,0,0,0,0,0,0,,,,,0,0,0,1,0,0,0,0,0,0,
152,3577,CABO PARA CORRENTE BIFASICA CINZA VIBRIA EMB. 1UN.,,C,N,N,UN,3577,0,0,5,30,-100,0,0,0,23,,,,,,,,85444900,,0,000,,0,0,0,100,,,True,100,0,0,5102,6102,False,0,0,,False,0,,,,,False,,S,,0,0,999,,0,0,0,0,0,0,0,0,,,,,0,0,0,1,0,0,0,0,0,0,
153,6719,CABO PARA CORRENTE BIFASICA LARANJA E CINZA R02 EMB. 1UN.,,C,N,N,UN,6719,0,0,2,"69,71","94,9505","135,9","27,02",0,23,,,,,,,,85444900,,0,000,,0,0,0,100,08/06/2026,,True,100,0,0,5102,6102,False,0,0,,False,0,,,,,False,,S,,0,0,999,,0,0,0,0,0,0,0,0,,,,,0,0,0,1,0,0,0,0,0,0,
422,3034012,PEN DRIVE,,C,N,N,,03034012,0,0,1,85,"394,1176",420,"83,8323",1,4,,,,,,PEN DRIVE,,85235110,,0,101,0,18,100,0,100,25/05/2026,,True,100,0,0,5102,6102,False,420,420,,False,"35,89",,,99|99|00,,False,,S,,0,0,999,0,0,0,0,0,0,0,0,0,,,,,0,0,0-1,1,0,0,0,0,0,0,
154,3578,CABO PARA CORRENTE BIFASICA LARANJA VIBRIA EMB. 1UN.,,C,N,N,UN,3578,0,0,4,30,-100,0,0,0,23,,,,,,,,85444900,,0,000,,0,0,0,100,28/05/2026,,True,100,0,0,5102,6102,False,0,0,,False,0,,,,,False,,S,,0,0,999,,0,0,0,0,0,0,0,0,,,,,0,0,0,1,0,0,0,0,0,0,
155,6721,CABO PARA CORRENTE BIFASICA VERDE E AZUL R02 EMB. 1UN.,,C,N,N,UN,6721,0,0,3,"69,72",-100,0,0,0,23,,,,,,,,85444900,,0,000,,0,0,0,100,,,True,100,0,0,5102,6102,False,0,0,,False,0,,,,,False,,S,,0,0,999,,0,0,0,0,0,0,0,0,,,,,0,0,0,1,0,0,0,0,0,0,
156,6198,CABO PARA CORRENTE BIFASICA VERDE E AZUL REV.02,,C,N,N,UN,6198,0,0,2,"63,68","88,2852","119,9","23,84",0,23,,,,,,,,85444200,,0,000,,0,0,0,100,,,True,100,0,0,5102,6102,False,0,0,,False,0,,,,,False,,S,,0,0,999,,0,0,0,0,0,0,0,0,,,,,0,0,0,1,0,0,0,0,0,0,
157,3579,CABO PARA CORRENTE BIFASICA VERDE VIBRIA EMB. 1UN.,,C,N,N,UN,3579,0,0,5,30,-100,0,0,0,23,,,,,,,,85444900,,0,000,,0,0,0,100,08/06/2026,,True,100,0,0,5102,6102,False,0,0,,False,0,,,,,False,,S,,0,0,999,,0,0,0,0,0,0,0,0,,,,,0,0,0,1,0,0,0,0,0,0,
159,25001419,CABO RADIOFREQUENCIA HERTIX,,C,N,N,UN,25001419-WSYS,0,0,1,320,"46,875",470,"93,44",0,23,,,,,,,,85444200,,0,000,,0,0,0,100,,,True,100,0,0,5102,6102,False,0,0,,False,0,,,,,False,,S,,0,0,999,,0,0,0,0,0,0,0,0,,,,,0,0,0,1,0,0,0,0,0,0,
160,3300,CAIXA ELETRODO MONOFACE NAC,,C,N,N,UN,ACCAI03300,0,0,1,"292,82",-100,0,0,0,23,,,,,,,,90189099,,0,000,,0,0,0,100,,,True,100,0,0,5102,6102,False,0,0,,False,0,,,,,False,,S,,0,0,999,,0,0,0,0,0,0,0,0,,,,,0,0,0,1,0,0,0,0,0,0,
161,80018388,CAIXA PLASTICA APLIC TRANSDUTOR ARTIX ATP120,,C,N,N,UN,80018388,0,0,1,145,"541,3793",930,"184,89",0,23,,,,,,,,94029090,,0,000,,0,0,0,100,,,True,100,0,0,5102,6102,False,0,0,,False,0,,,,,False,,S,,0,0,999,,0,0,0,0,0,0,0,0,,,,,0,0,0,1,0,0,0,0,0,0,
162,80018389,CAIXA PLASTICA APLIC TRANSDUTOR ARTIX ATP150,,C,N,N,UN,80018389,0,0,4,160,"512,5",980,"194,83",0,23,,,,,,,,94029090,,0,000,,0,0,0,100,,,True,100,0,0,5102,6102,False,0,0,,False,0,,,,,False,,S,,0,0,999,,0,0,0,0,0,0,0,0,,,,,0,0,0,1,0,0,0,0,0,0,
163,80018390,CAIXA PLASTICA APLIC TRANSDUTOR ARTIX ATP200,,C,N,N,UN,80018390,0,0,4,140,"635,7143",1030,"204,77",0,23,,,,,,,,94029090,,0,000,,0,0,0,100,,,True,100,0,0,5102,6102,False,0,0,,False,0,,,,,False,,S,,0,0,999,,0,0,0,0,0,0,0,0,,,,,0,0,0,1,0,0,0,0,0,0,
164,2039042,CANETA APLICADORA DUPLA TIPO A P/MICRODERMOABRASAO                               NS: 1431191001,,C,N,N,UN,2039042,0,0,3,"34,3",-100,0,0,0,23,,,,,,,,70179000,,0,101,0,0,0,0,100,,,True,100,0,0,5102,6102,False,0,0,,False,"33,45",,,99|99|00,,False,,S,,0,0,999,0,0,0,0,0,0,0,0,0,,,,,0,0,000,000001,0,0,0,0,0,0,
165,2039043,CANETA APLICADORA REDONDA TIPO CAJU P/MICRODERMOABRASAO                          NS: 1493081001,,C,N,N,UN,2039043,0,0,3,"34,3",-100,0,0,0,23,,,,,,,,70179000,,0,000,,0,0,0,100,,,True,100,0,0,5102,6102,False,0,0,,False,0,,,,,False,,S,,0,0,999,,0,0,0,0,0,0,0,0,,,,,0,0,0,1,0,0,0,0,0,0,
166,2039041,CANETA APLICADORA TIPO U P/MICRODERMOABRASAO                                     NS: 9663201001,,C,N,N,UN,2039041,0,0,3,"34,3","132,9446","79,9","15,88",0,23,,,,,,,,70179000,,0,000,,0,0,0,100,,,True,100,0,0,5102,6102,False,0,0,,False,0,,,,,False,,S,,0,0,999,,0,0,0,0,0,0,0,0,,,,,0,0,0,1,0,0,0,0,0,0,
167,80090064,CAPACITOR SMD 0603 1NF,,C,N,N,UN,80090064,0,0,2,"2,18",-100,0,0,0,23,,,,,,,,85471000,,0,000,,0,0,0,100,,,True,100,0,0,5102,6102,False,0,0,,False,0,,,,,False,,S,,0,0,999,,0,0,0,0,0,0,0,0,,,,,0,0,0,1,0,0,0,0,0,0,
168,5140,CAPACITOR SMD CER. 470PF/1KV,,C,N,N,UN,5140,0,0,10,"2,4",-100,0,0,0,23,,,,,,,,85322410,,0,000,,0,0,0,100,,,True,100,0,0,5102,6102,False,0,0,,False,0,,,,,False,,S,,0,0,999,,0,0,0,0,0,0,0,0,,,,,0,0,0,1,0,0,0,0,0,0,
169,2049048,CEBÇOTE DE SILICONE COM NTC 7W,,C,N,N,UN,2049048,4,4,7,190,105,"389,5","77,44",0,23,,,,,,,,85334090,,0,000,,0,0,0,100,,,True,100,0,0,5102,6102,False,0,0,,False,0,,,,,False,,S,,0,0,999,,0,0,0,0,0,0,0,0,,,,,0,0,0,1,0,0,0,0,0,0,
170,1724592,CHAPA ALUMINIO MANOPLA CRIODER G - MEDICAL SAN,,C,N,N,UN,172459-2,2,2,6,187,"111,2299",395,"78,53",0,23,,,,,,,,76169900,,0,000,,0,0,0,100,,,True,100,0,0,5102,6102,False,0,0,,False,0,,,,,False,,S,,0,0,999,,0,0,0,0,0,0,0,0,,,,,0,0,0,1,0,0,0,0,0,0,
171,1584618,CHAPA ALUMINIO MANOPLA CRIODER M - MEDICAL SAN,,C,N,N,UN,158461-8,2,2,8,220,"68,1818",370,"73,56",0,23,,,,,,,,76169900,,0,000,,0,0,0,100,,,True,100,0,0,5102,6102,False,0,0,,False,0,,,,,False,,S,,0,0,999,,0,0,0,0,0,0,0,0,,,,,0,0,0,1,0,0,0,0,0,0,
172,8149,CHAPA CIRCULAR DO CABECOTE REV.03 (CONF. DESENHO 005218,,C,N,N,UN,8149,1,1,3,"17,5","88,5714",33,"6,56",0,23,,,,,,,,76169900,,0,000,,0,0,0,100,,,True,100,0,0,5102,6102,False,0,0,,False,0,,,,,False,,S,,0,0,999,,0,0,0,0,0,0,0,0,,,,,0,0,0,1,0,0,0,0,0,0,
173,1438131,CHAPA DE CONTATO INOX 80MM,,C,N,N,UN,1438131,0,0,0,"100,91",-100,0,0,0,23,,,,,,,,73239300,,0,000,,0,0,0,100,,,True,100,0,0,5102,6102,False,0,0,,False,0,,,,,False,,S,,0,0,999,,0,0,0,0,0,0,0,0,,,,,0,0,0,1,0,0,0,0,0,0,
174,3073142,CHICOTE APLICADOR DISPERSIVO TECARTERAPIA-MONTADO,,C,N,N,UN,3073142,1,1,5,70,"71,4286",120,"23,86",0,23,,,,,,,,90189099,,0,000,,0,0,0,100,,,True,100,0,0,5102,6102,False,0,0,,False,0,,,,,False,,S,,0,0,999,,0,0,0,0,0,0,0,0,,,,,0,0,0,1,0,0,0,0,0,0,
175,3073027,CHICOTE APLICADOR MODELLATA-MONTADO,,C,N,N,UN,3073027,1,1,4,270,"74,0741",470,"93,44",0,23,,,,,,,,90189099,,0,000,,0,0,0,100,,,True,100,0,0,5102,6102,False,0,0,,False,0,,,,,False,,S,,0,0,999,,0,0,0,0,0,0,0,0,,,,,0,0,0,1,0,0,0,0,0,0,
176,3073167,CHICOTE APLICADOR PROBE 5 - 904 - PORTATIL - MONTADO,,C,N,N,UN,3073167,0,0,2,0,100,470,"93,44",0,23,,,,,,,,90189099,,0,000,,0,0,0,100,,,True,100,0,0,5102,6102,False,0,0,,False,0,,,,,False,,S,,0,0,999,,0,0,0,0,0,0,0,0,,,,,0,0,0,1,0,0,0,0,0,0,
177,3073166,CHICOTE APLICADOR PROBE P4 - 808 - PORTALTIL - MONTADO,,C,N,N,UN,3073166,0,0,4,27,0,27,"5,37",0,23,,,,,,,,90189099,,0,000,,0,0,0,100,,,True,100,0,0,5102,6102,False,0,0,,False,0,,,,,False,,S,,0,0,999,,0,0,0,0,0,0,0,0,,,,,0,0,0,1,0,0,0,0,0,0,
178,3073159,CHICOTE APLICADORES NEARTEK - MONTADO,,C,N,N,UN,3073159,2,2,4,59,"171,1864",160,"31,81",0,23,,,,,,,,90189099,,0,000,,0,0,0,100,,,True,100,0,0,5102,6102,False,0,0,,False,0,,,,,False,,S,,0,0,999,,0,0,0,0,0,0,0,0,,,,,0,0,0,1,0,0,0,0,0,0,
179,3073009,CHICOTE CLUSTER G1 MONTADO                                                       NS: AUTO034837,,C,N,N,UN,3073009,0,0,2,"61,96",-100,0,0,0,23,,,,,,,,85444900,,0,000,,0,0,0,100,,,True,100,0,0,5102,6102,False,0,0,,False,0,,,,,False,,S,,0,0,999,,0,0,0,0,0,0,0,0,,,,,0,0,0,1,0,0,0,0,0,0,
180,3073011,CHICOTE CLUSTER G3 MONTADO                                                       NS: 0000000017,,C,N,N,UN,3073011,0,0,3,"61,96",-100,0,0,0,23,,,,,,,,85444900,,0,000,,0,0,0,100,18/06/2026,26/06/2026,True,100,0,0,5102,6102,False,0,0,,False,0,,,,,False,,S,,0,0,999,,0,0,0,0,0,0,0,0,,,,,0,0,0,1,0,0,0,0,0,0,
181,3073007,CHICOTE CLUSTER P1 MONTADO                                                       NS: 0000000004,,C,N,N,UN,3073007,0,0,3,"61,96",-100,0,0,0,23,,,,,,,,85444900,,0,000,,0,0,0,100,,,True,100,0,0,5102,6102,False,0,0,,False,0,,,,,False,,S,,0,0,999,,0,0,0,0,0,0,0,0,,,,,0,0,0,1,0,0,0,0,0,0,
182,2071219,CHICOTE CONECTOR PEDAL,,C,N,N,UN,2071219,0,0,1,0,100,27,"5,37",0,23,,,,,,,,85444200,,0,000,,0,0,0,100,,,True,100,0,0,5102,6102,False,0,0,,False,0,,,,,False,,S,,0,0,999,,0,0,0,0,0,0,0,0,,,,,0,0,0,1,0,0,0,0,0,0,
183,3073239,CHICOTE PLACA CONTROLE CONECTOR DE SAIDA - THORK SAFIRA - MONTADO,,C,N,N,UN,3073239,1,1,0,"112,8","96,3652","221,5","44,04",0,23,,,,,,,,85444200,,0,000,,0,0,0,100,,,True,100,0,0,5102,6102,False,0,0,,False,0,,,,,False,,S,,0,0,999,,0,0,0,0,0,0,0,0,,,,,0,0,0,1,0,0,0,0,0,0,
184,80060119,CIRCUITO INTEGRADO RT9193-33GB SMD,,C,N,N,UN,80060119,0,0,3,"28,07",-100,0,0,0,23,,,,,,,,85423190,,0,000,,0,0,0,100,,,True,100,0,0,5102,6102,False,0,0,,False,0,,,,,False,,S,,0,0,999,,0,0,0,0,0,0,0,0,,,,,0,0,0,1,0,0,0,0,0,0,
185,5000,COBERTURA COM PAINEL F PLUS ADPAI210.00,,C,N,N,UN,KIASS05000,0,0,2,"364,3","144,4414","890,5","177,04",0,23,,,,,,,,90189099,,0,000,,0,0,0,100,,,True,100,0,0,5102,6102,False,0,0,,False,0,,,,,False,,S,,0,0,999,,0,0,0,0,0,0,0,0,,,,,0,0,0,1,0,0,0,0,0,0,
186,6300,COBERTURA COM PAINEL MANOPLA VELOX ADPAI129.00,,C,N,N,UN,KIASS06300,0,0,5,"139,73",-100,0,0,0,23,,,,,,,,90189099,,0,000,,0,0,0,100,,,True,100,0,0,5102,6102,False,0,0,,False,0,,,,,False,,S,,0,0,999,,0,0,0,0,0,0,0,0,,,,,0,0,0,1,0,0,0,0,0,0,
187,3600,COBERTURA COM PAINEL OXY ADPAI089.05,,C,N,N,UN,KIASS03600,0,0,2,"229,51",-100,0,0,0,23,,,,,,,,90189099,,0,000,,0,0,0,100,,,True,100,0,0,5102,6102,False,0,0,,False,0,,,,,False,,S,,0,0,999,,0,0,0,0,0,0,0,0,,,,,0,0,0,1,0,0,0,0,0,0,
188,3800,COBERTURA COM PAINEL OXY ADPAI158.01,,C,N,N,UN,KIASS03800,0,0,2,"185,28",-100,0,0,0,23,,,,,,,,90189099,,0,000,,0,0,0,100,,,True,100,0,0,5102,6102,False,0,0,,False,0,,,,,False,,S,,0,0,999,,0,0,0,0,0,0,0,0,,,,,0,0,0,1,0,0,0,0,0,0,
189,354,COBERTURA COM PAINEL OXY ADPAI166.00,,C,N,N,UN,KIASS037.00,2,2,0,120,"224,1667",389,"77,34",0,23,,,,,,,,90189099,,0,000,,0,0,0,100,,,True,100,0,0,5102,6102,False,0,0,,False,0,,,,,False,,S,,0,0,999,,0,0,0,0,0,0,0,0,,,,,0,0,0,1,0,0,0,0,0,0,
190,376,COBERTURA COM PAINEL OXY ADPAI166.00,,C,N,N,UN,KIASS03700,0,0,3,"117,72",-100,0,0,0,23,,,,,,,,90189099,,0,000,,0,0,0,100,,,True,100,0,0,5102,6102,False,0,0,,False,0,,,,,False,,S,,0,0,999,,0,0,0,0,0,0,0,0,,,,,0,0,0,1,0,0,0,0,0,0,
191,4600,COBERTURA COM PAINEL SPECTRA ADPAI029.03,,C,N,N,UN,KIASS04600,0,0,2,"496,96","73,0522",860,"170,97",0,23,,,,,,,,90189099,,0,000,,0,0,0,100,,,True,100,0,0,5102,6102,False,0,0,,False,0,,,,,False,,S,,0,0,999,,0,0,0,0,0,0,0,0,,,,,0,0,0,1,0,0,0,0,0,0,
192,4700,COBERTURA COM PAINEL SPECTRA ADPAI031.03,,C,N,N,UN,KIASS04700,0,0,2,"556,46",-100,0,0,0,23,,,,,,,,90189099,,0,000,,0,0,0,100,,,True,100,0,0,5102,6102,False,0,0,,False,0,,,,,False,,S,,0,0,999,,0,0,0,0,0,0,0,0,,,,,0,0,0,1,0,0,0,0,0,0,
193,4800,COBERTURA COM PAINEL SPECTRA ADPAI209.00,,C,N,N,UN,KIASS04800,0,0,0,"502,09","91,141","959,7","190,8",0,23,,,,,,,,90189099,,0,000,,0,0,0,100,,,True,100,0,0,5102,6102,False,0,0,,False,0,,,,,False,,S,,0,0,999,,0,0,0,0,0,0,0,0,,,,,0,0,0,1,0,0,0,0,0,0,
194,4900,COBERTURA COM PAINEL ULTRA DERM ADPAI011.00,,C,N,N,UN,KIASS04900,0,0,0,"394,05","125,9865","890,5","177,04",0,23,,,,,,,,90189099,,0,000,,0,0,0,100,,,True,100,0,0,5102,6102,False,0,0,,False,0,,,,,False,,S,,0,0,999,,0,0,0,0,0,0,0,0,,,,,0,0,0,1,0,0,0,0,0,0,
195,3067019,COIFA DE PROTECAO EXCENTRICA MODELLATA,,C,N,N,UN,3067019,1,1,7,80,75,140,"27,83",0,23,,,,,,,,90189099,,0,000,,0,0,0,100,,,True,100,0,0,5102,6102,False,0,0,,False,0,,,,,False,,S,,0,0,999,,0,0,0,0,0,0,0,0,,,,,0,0,0,1,0,0,0,0,0,0,
196,499,COMPRESSOR,,C,N,N,UN,499,0,0,4,600,50,900,"178,93",0,23,,,,,,,,84148019,,0,000,,0,0,0,100,,,True,100,0,0,5102,6102,False,0,0,,False,0,,,,,False,,S,,0,0,999,,0,0,0,0,0,0,0,0,,,,,0,0,0,1,0,0,0,0,0,0,
197,1425,COMPRESSOR 220V FUJIA,,C,N,N,UN,1425,0,0,1,600,50,900,"178,93",0,23,,,,,,,,84148019,,0,000,,0,0,0,100,,,True,100,0,0,5102,6102,False,0,0,,False,0,,,,,False,,S,,0,0,999,,0,0,0,0,0,0,0,0,,,,,0,0,0,1,0,0,0,0,0,0,
198,4465,COMPRESSOR ANTIGO NS,,C,N,N,UN,4465,0,0,1,270,"129,6296",620,"123,26",0,23,,,,,,,,84148019,,0,000,,0,0,0,100,,,True,100,0,0,5102,6102,False,0,0,,False,0,,,,,False,,S,,0,0,999,,0,0,0,0,0,0,0,0,,,,,0,0,0,1,0,0,0,0,0,0,
199,200,CONECTOR CIRCULAR FEMEA 8 VIAS,,C,N,N,UN,CNCIR002.00,1,1,1,"264,95","81,1663",480,"95,43",0,23,,,,,,,,85369090,,0,000,,0,0,0,100,,,True,100,0,0,5102,6102,False,0,0,,False,0,,,,,False,,S,,0,0,999,,0,0,0,0,0,0,0,0,,,,,0,0,0,1,0,0,0,0,0,0,
200,65,CONECTOR E CONJUNTO DE CABOS DA PONTEIRA S BODY L: AUTO068965,,C,N,N,UN,65,0,0,2,"1315,42","122,1344",2922,"580,91",0,23,,,,,,,,90189099,,0,000,,0,0,0,100,,26/06/2026,True,100,0,0,5102,6102,False,0,0,,False,0,,,,,False,,S,,0,0,999,,0,0,0,0,0,0,0,0,,,,,0,0,0,1,0,0,0,0,0,0,
201,2823,CONECTOR FEMEA AMP 16 VIAS,,C,N,N,UN,2823,2,2,9,"39,23","61,8659","63,5","12,62",0,23,,,,,,,,85369090,,0,000,,0,0,0,100,,,True,100,0,0,5102,6102,False,0,0,,False,0,,,,,False,,S,,0,0,999,,0,0,0,0,0,0,0,0,,,,,0,0,0,1,0,0,0,0,0,0,
202,4347,CONECTOR FEMEA CPC PLASTICO ROSCA MACHO,,C,N,N,UN,4347,0,0,1,"48,62",-100,0,0,0,23,,,,,,,,39174090,,0,000,,0,0,0,100,03/07/2026,,True,100,0,0,5102,6102,False,0,0,,False,0,,,,,False,,S,,0,0,999,,0,0,0,0,0,0,0,0,,,,,0,0,0,1,0,0,0,0,0,0,
203,13845,CONECTOR FEMEA DE SAIDA NEEDLE RF,,C,N,N,UN,13845,2,2,2,"158,4","189,7727",459,"91,25",0,23,,,,,,,,85369090,,0,000,,0,0,0,100,,,True,100,0,0,5102,6102,False,0,0,,False,0,,,,,False,,S,,0,0,999,,0,0,0,0,0,0,0,0,,,,,0,0,0,1,0,0,0,0,0,0,
204,7251,CONECTOR FEMEA PLASTICO 18 PINOS RF MONTADO,,C,N,N,UN,7251,1,1,-2,"174,1","152,7283",440,"87,48",0,23,,,,,,,,85369090,,0,000,,0,0,0,100,23/06/2026,,True,100,0,0,5102,6102,False,0,0,,False,0,,,,,False,,S,,0,0,999,,0,0,0,0,0,0,0,0,,,,,0,0,0,1,0,0,0,0,0,0,
205,8956,CONECTOR FEMEA PLASTICO 18 PINOS VIBRIA MAXX,,C,N,N,UN,8956,1,1,2,"133,17","140,2944",320,"63,62",0,23,,,,,,,,85369040,,0,000,,0,0,0,100,,,True,100,0,0,5102,6102,False,0,0,,False,0,,,,,False,,S,,0,0,999,,0,0,0,0,0,0,0,0,,,,,0,0,0,1,0,0,0,0,0,0,
206,11803,CONECTOR MACHO PLASTICO COM TERMINAIS SD-1S-79 (IMP),,C,N,N,UN,11803,1,1,2,"257,32","179,8072",720,"143,14",0,23,,,,,,,,85472090,,0,000,,0,0,0,100,,,True,100,0,0,5102,6102,False,0,0,,False,0,,,,,False,,S,,0,0,999,,0,0,0,0,0,0,0,0,,,,,0,0,0,1,0,0,0,0,0,0,
207,4153,CONECTOR MEDICO FEMEA 3 VIAS,,C,N,N,UN,4153,1,1,1,"27,19","105,5903","55,9","11,11",0,23,,,TECARE,,,,,85369040,,0,101,0,0,0,0,100,,,True,100,0,0,5102,6102,False,"55,9","55,9",,False,"35,16",,,99|99|00,,False,,S,,0,0,999,0,0,0,0,0,0,0,0,0,,,,,0,0,000,000001,0,0,0,0,0,0,
208,6145,CONECTOR MEDICO FEMEA 4 VIAS 90º P/PCI,,C,N,N,UN,6145,4,4,10,"37,04","574,946",250,"49,7",0,23,,,,,,,,85369090,,0,000,,0,0,0,100,03/07/2026,,True,100,0,0,5102,6102,False,0,0,,False,0,,,,,False,,S,,0,0,999,,0,0,0,0,0,0,0,0,,,,,0,0,0,1,0,0,0,0,0,0,
209,6146,CONECTOR MEDICO FEMEA 8 VIAS 90Â° P/ PCI,,C,N,N,UN,6146,0,0,12,"62,46","181,4601","175,8","34,95",0,2,,,VET,,,,,85369040,,0,101,0,0,0,0,100,,,True,100,0,0,5102,6102,False,"175,8","175,8",,False,"28,5",000625,,99|99|00,,False,,S,,0,0,999,0,0,0,0,0,0,0,0,0,,,,,0,0,000,000001,0,0,0,0,0,0,
210,23,CONECTOR S-BODY (MAQUINA) L: AUTO068904,,C,N,N,UN,23,0,0,1,"609,58","210,1316","1890,5","375,84",0,23,,,,,,,,90189099,,0,000,,0,0,0,100,,,True,100,0,0,5102,6102,False,0,0,,False,0,,,,,False,,S,,0,0,999,,0,0,0,0,0,0,0,0,,,,,0,0,0,1,0,0,0,0,0,0,
211,3015335,CONECTOR SL 2P SERIE I 10 PINOS CINZA SOQUETE COM ARRUELA FRONTAL,,C,N,N,UN,3015335,0,0,1,140,"171,4286",380,"75,55",0,23,,,,,,,,85369040,,0,000,,0,0,0,100,,,True,100,0,0,5102,6102,False,0,0,,False,0,,,,,False,,S,,0,0,999,,0,0,0,0,0,0,0,0,,,,,0,0,0,1,0,0,0,0,0,0,
212,3301,CONEXAO UNIAO USINADO PAINEL OXITONE R01,,C,N,N,UN,CEUSI033.01,2,2,11,"141,092","183,4321","399,9","79,5",0,23,,,,,,,,76169900,,0,000,,0,0,0,100,,,True,100,0,0,5102,6102,False,0,0,,False,0,,,,,False,,S,,0,0,999,,0,0,0,0,0,0,0,0,,,,,0,0,0,1,0,0,0,0,0,0,
213,3027558,CONJUNTO ADESIVO PROBE 1  - LED RGB - INMETRO                                    NS: 0000000013,,C,N,N,UN,3027558,1,1,4,"14,05","113,5231",30,"5,96",0,23,,,,,,,,39199090,,0,000,,0,0,0,100,,,True,100,0,0,5102,6102,False,0,0,,False,0,,,,,False,,S,,0,0,999,,0,0,0,0,0,0,0,0,,,,,0,0,0,1,0,0,0,0,0,0,
214,3027559,CONJUNTO ADESIVO PROBE 2 - LED 850NM - INMETRO                                   NS: 0000000016,,C,N,N,UN,3027559,1,1,3,"14,05","113,5231",30,"5,96",0,23,,,,,,,,39199090,,0,000,,0,0,0,100,,,True,100,0,0,5102,6102,False,0,0,,False,0,,,,,False,,S,,0,0,999,,0,0,0,0,0,0,0,0,,,,,0,0,0,1,0,0,0,0,0,0,
215,3027639,CONJUNTO ADESIVO PROBE 3 - LASER 660NM - 200MW - INMETRO                         NS: 0000000017,,C,N,N,UN,3027639,1,1,3,"7,79",150,"19,475","3,87",0,23,,,,,,,,39199090,,0,000,,0,0,0,100,,,True,100,0,0,5102,6102,False,0,0,,False,0,,,,,False,,S,,0,0,999,,0,0,0,0,0,0,0,0,,,,,0,0,0,1,0,0,0,0,0,0,
216,3027641,CONJUNTO ADESIVO PROBE 4 - LASER 808NM - 260MW - INMETRO                         NS: 0000000018,,C,N,N,UN,3027641,1,1,8,"13,08","129,3578",30,"5,96",0,23,,,,,,,,39199090,,0,000,,0,0,0,100,,,True,100,0,0,5102,6102,False,0,0,,False,0,,,,,False,,S,,0,0,999,,0,0,0,0,0,0,0,0,,,,,0,0,0,1,0,0,0,0,0,0,
217,3027565,CONJUNTO ADESIVO PROBE 5  - LASER 904NM   - INMETRO                              NS: 0000000027,,C,N,N,UN,3027565,1,1,2,"15,8","121,519",35,"6,96",0,23,,,,,,,,39199090,,0,000,,0,0,0,100,,,True,100,0,0,5102,6102,False,0,0,,False,0,,,,,False,,S,,0,0,999,,0,0,0,0,0,0,0,0,,,,,0,0,0,1,0,0,0,0,0,0,
218,3027962,CONJUNTO ADESIVO VINIL APLICADOR FACIAL SONOFOCUS,,C,N,N,UN,3027962,0,0,1,1,400,5,"0,99",0,23,,,,,,,,39199090,,0,000,,0,0,0,100,,,True,100,0,0,5102,6102,False,0,0,,False,0,,,,,False,,S,,0,0,999,,0,0,0,0,0,0,0,0,,,,,0,0,0,1,0,0,0,0,0,0,
219,1212,CONJUNTO CALDEIRA,,C,N,N,UN,1212,2,2,3,"222,4","104,5863",455,"90,46",0,23,,,,,,,,90189099,,0,000,,0,0,0,100,,,True,100,0,0,5102,6102,False,0,0,,False,0,,,,,False,,S,,0,0,999,,0,0,0,0,0,0,0,0,,,,,0,0,0,1,0,0,0,0,0,0,
220,10749,CONJUNTO CALDEIRA R03,,C,N,N,UN,10749,1,1,8,"340,01","86,7592",635,"126,24",0,23,,,,,,,,90189099,,0,000,,0,0,0,100,,25/06/2026,True,100,0,0,5102,6102,False,0,0,,False,0,,,,,False,,S,,0,0,999,,0,0,0,0,0,0,0,0,,,,,0,0,0,1,0,0,0,0,0,0,
221,3029141,CONJUNTO GABINETE APLICADOR CRIO 360 PLACA,,C,N,N,UN,3029141,2,2,5,180,"111,1111",380,"75,55",0,23,,,,,,,,90189099,,0,000,,0,0,0,100,,,True,100,0,0,5102,6102,False,0,0,,False,0,,,,,False,,S,,0,0,999,,0,0,0,0,0,0,0,0,,,,,0,0,0,1,0,0,0,0,0,0,
222,3025065,CONJUNTO PONTEIRA APLICADOR RESFRIADOR - HOOKE                                   NS: 0000000060,,C,N,N,UN,3025065,0,0,2,"78,15",-100,0,0,0,23,,,,,,,,70200090,,0,000,,0,0,0,100,,,True,100,0,0,5102,6102,False,0,0,,False,0,,,,,False,,S,,0,0,999,,0,0,0,0,0,0,0,0,,,,,0,0,0,1,0,0,0,0,0,0,
223,2039657,COPO P/ TAMPA DO APLICADOR ULTRASSOM HECCUS TURBO,ESTRUTURA,C,N,N,UN,2039657,0,0,12,"94,4","133,05",220,"43,74",0,35,,,,IBRAMED ,,,,90189099,,0,101,0,0,0,0,100,,22/06/2026,True,100,0,0,5102,6102,False,220,220,,False,"33,45",,,99|99|00,,False,,S,,0,0,999,0,0,0,0,0,0,0,0,0,,,,,0,0,000,000001,0,0,0,0,0,0,
508,850046,PAINEL LED APLICADOR CORPORAL (VACUO+RF+LED),,C,N,N,PC,850046,0,0,0,320,"85,9375",595,"117,5889",0,43,,,,BIOSET,,850046-PAINEL LED APLICAD,,90189099,,0,101,0,0,0,0,100,23/06/2026,09/06/2026,True,100,0,0,5102,6102,False,595,595,,False,"33,45",,,99|99|00,,False,,S,,0,0,999,0,0,0,18,"57,6",0,0,0,0,,,,,0,0,,,0,0,0,0,0,0,
225,3029101,CORPO APLICADOR MODELLATA,,C,N,N,UN,3029101,1,1,2,260,"40,7692",366,"72,76",0,23,,,,,,,,39269090,,0,000,,0,0,0,100,01/06/2026,,True,100,0,0,5102,6102,False,0,0,,False,0,,,,,False,,S,,0,0,999,,0,0,0,0,0,0,0,0,,,,,0,0,0,1,0,0,0,0,0,0,
226,3029003,CORPO CABECOTE HECCUS                                                            NS: 0000000084,,C,N,N,UN,3029003,0,0,1,"122,25",-100,0,0,0,23,,,,,,,,39095029,,0,000,,0,0,0,100,,,True,100,0,0,5102,6102,False,0,0,,False,0,,,,,False,,S,,0,0,999,,0,0,0,0,0,0,0,0,,,,,0,0,0,1,0,0,0,0,0,0,
227,3029076,CORPO DA PROBE                                                                   NS: 0000000044,,C,N,N,UN,3029076,1,1,13,"45,22","110,084",95,"18,89",0,23,,,,,,,,39269090,,0,000,,0,0,0,100,,,True,100,0,0,5102,6102,False,0,0,,False,0,,,,,False,,S,,0,0,999,,0,0,0,0,0,0,0,0,,,,,0,0,0,1,0,0,0,0,0,0,
228,10445,CORPO DIREITO DO APLICADOR ACRUS TRIPLE WAVE,,C,N,N,UN,10445,0,0,6,"67,86","209,4606",210,"40,5405",0,23,,,,,,,,39269090,,0,101,0,0,0,0,100,01/07/2026,,True,100,0,0,5102,6102,False,210,210,,False,"33,45",,,99|99|00,,False,,S,,0,0,999,0,0,0,0,0,0,0,0,0,,,,,0,0,000,000001,0,0,0,0,0,0,
229,10435,CORPO DIREITO DO CONECTOR APLICADOR ACRUS TRIPLE WAVE,,C,N,N,UN,10435,0,0,5,"21,93",-100,0,0,0,23,,,,,,,,39269090,,0,000,,0,0,0,100,,,True,100,0,0,5102,6102,False,0,0,,False,0,,,,,False,,S,,0,0,999,,0,0,0,0,0,0,0,0,,,,,0,0,0,1,0,0,0,0,0,0,
230,3029090,CORPO DO APLICADOR DISCO NEARTEK,,C,N,N,UN,3029090,1,1,10,30,100,60,"11,93",0,23,,,,,,,,90189099,,0,000,,0,0,0,100,,,True,100,0,0,5102,6102,False,0,0,,False,0,,,,,False,,S,,0,0,999,,0,0,0,0,0,0,0,0,,,,,0,0,0,1,0,0,0,0,0,0,
231,3029091,CORPO DO APLICADOR DIVERSOS NEARTEX,,C,N,N,UN,3029091,1,1,10,30,100,60,"11,93",0,23,,,,,,,,90189099,,0,000,,0,0,0,100,,,True,100,0,0,5102,6102,False,0,0,,False,0,,,,,False,,S,,0,0,999,,0,0,0,0,0,0,0,0,,,,,0,0,0,1,0,0,0,0,0,0,
232,7950,CORPO DO APLICADOR MEDICINA ESTETICA - PARTE INF. ROSCA R02,,C,N,N,UN,7950,3,3,10,"5,2","1053,8462",60,"11,93",0,23,,,,,,,,90189099,,0,000,,0,0,0,100,,,True,100,0,0,5102,6102,False,0,0,,False,0,,,,,False,,S,,0,0,999,,0,0,0,0,0,0,0,0,,,,,0,0,0,1,0,0,0,0,0,0,
233,2864,CORPO DO APLICADOR MEDICINA ESTETICA - PARTE SUPERIOR,,C,N,N,UN,2864,5,5,6,"5,93","911,8044",60,"11,93",0,23,,,,,,,,90189099,,0,000,,0,0,0,100,09/06/2026,,True,100,0,0,5102,6102,False,0,0,,False,0,,,,,False,,S,,0,0,999,,0,0,0,0,0,0,0,0,,,,,0,0,0,1,0,0,0,0,0,0,
234,12796,CORPO DO APLICADOR US BAIXA FREQUENCIA,,C,N,N,UN,12796,0,0,0,"112,95","93,8911",219,"43,54",0,23,,,,,,,,90330000,,0,000,,0,0,0,100,,,True,100,0,0,5102,6102,False,0,0,,False,0,,,,,False,,S,,0,0,999,,0,0,0,0,0,0,0,0,,,,,0,0,0,1,0,0,0,0,0,0,
235,3029052,CORPO DO CABECOTE HECCUS - COR PEROLA,,C,N,N,UN,3029052,2,2,1,150,"143,3333",365,"72,56",0,23,,,,,,,,39269090,,0,000,,0,0,0,100,,,True,100,0,0,5102,6102,False,0,0,,False,0,,,,,False,,S,,0,0,999,,0,0,0,0,0,0,0,0,,,,,0,0,0,1,0,0,0,0,0,0,
236,7677,CORPO DO CABECOTE SNC COM ROSCA INJETADO,,C,N,N,UN,7677,1,1,6,70,"157,1429",180,"35,79",0,23,,,,,,,,39269090,,0,000,,0,0,0,100,,,True,100,0,0,5102,6102,False,0,0,,False,0,,,,,False,,S,,0,0,999,,0,0,0,0,0,0,0,0,,,,,0,0,0,1,0,0,0,0,0,0,
237,10433,CORPO ESQUERDO DO APLICADOR ACRUS TRIPLE WAVE,,C,N,N,UN,10433,0,0,6,"67,87","209,4151",210,"40,5405",0,20,,,,,,,,39269090,,0,101,0,0,0,0,100,01/07/2026,,True,100,0,0,5102,6102,False,210,210,,False,"33,45",,,99|99|00,,False,,S,,0,0,999,0,0,0,0,0,0,0,0,0,,,,,0,0,000,000001,0,0,0,0,0,0,
238,10434,CORPO ESQUERDO DO CONECTOR APLICADOR ACRUS TRIPLE WAVE,,C,N,N,UN,10434,0,0,5,"21,93",-100,0,0,0,23,,,,,,,,39269090,,0,000,,0,0,0,100,,,True,100,0,0,5102,6102,False,0,0,,False,0,,,,,False,,S,,0,0,999,,0,0,0,0,0,0,0,0,,,,,0,0,0,1,0,0,0,0,0,0,
239,4908,CRISTAL DE QUARTZO MONTADO APLICADOR INTERCAMBIAVEL (IMP),,C,N,N,UN,4908,0,0,0,"1787,42",-100,0,0,0,23,,,,,,,,85439090,,0,000,,0,0,0,100,,,True,100,0,0,5102,6102,False,0,0,,False,0,,,,,False,,S,,0,0,999,,0,0,0,0,0,0,0,0,,,,,0,0,0,1,0,0,0,0,0,0,
240,5638,CUBA DO APLICADOR GRANDE BEAUTY SHAPE (IMP),,C,N,N,UN,5638,0,0,0,"245,91",-100,0,0,0,23,,,,,,,,39269090,,0,000,,0,0,0,100,,,True,100,0,0,5102,6102,False,0,0,,False,0,,,,,False,,S,,0,0,999,,0,0,0,0,0,0,0,0,,,,,0,0,0,1,0,0,0,0,0,0,
241,5666,CUBA DO APLICADOR MEDIO BEAUTY SHAPE (IMP),,C,N,N,UN,5666,0,0,1,"274,22",-100,0,0,0,23,,,,,,,,39269090,,0,000,,0,0,0,100,,,True,100,0,0,5102,6102,False,0,0,,False,0,,,,,False,,S,,0,0,999,,0,0,0,0,0,0,0,0,,,,,0,0,0,1,0,0,0,0,0,0,
242,3019008,DE275 - 102N06A                                                                  NS: 0000000037,,C,N,N,UN,3019008,1,1,0,"156,12","0,5637",157,"31,21",0,23,,,,,,,,85423939,,0,000,,0,0,0,100,,,True,100,0,0,5102,6102,False,0,0,,False,0,,,,,False,,S,,0,0,999,,0,0,0,0,0,0,0,0,,,,,0,0,0,1,0,0,0,0,0,0,
244,3011015,DIODO ULTRAFAST MUR / URP860 /  UGT8JT-E3/45                                     NS: 0000000113,,C,N,N,UN,3011015,1,1,4,"3,99","150,6266",10,"1,99",0,23,,,,,,,,85411099,,0,000,,0,0,0,100,,,True,100,0,0,5102,6102,False,0,0,,False,0,,,,,False,,S,,0,0,999,,0,0,0,0,0,0,0,0,,,,,0,0,0,1,0,0,0,0,0,0,
245,5972,DISPLAY LCD 128X64,,C,N,N,UN,5972,0,0,2,"131,7",-100,0,0,0,23,,,,,,,,85312000,,0,000,,0,0,0,100,,,True,100,0,0,5102,6102,False,0,0,,False,0,,,,,False,,S,,0,0,999,,0,0,0,0,0,0,0,0,,,,,0,0,0,1,0,0,0,0,0,0,
246,3012010,DISPLAY TFT 7                                                                    NS: 0000000174,,C,N,N,UN,3012010,0,0,1,"1171,5",-100,0,0,0,23,,,,,,,,85241100,,0,000,,0,0,0,100,,,True,100,0,0,5102,6102,False,0,0,,False,0,,,,,False,,S,,0,0,999,,0,0,0,0,0,0,0,0,,,,,0,0,0,1,0,0,0,0,0,0,
247,3038037,DISSIPADOR ANODIZADO KM602 - 30MM                                                NS: 0000000372,,C,N,N,UN,3038037,1,1,4,"3,2","212,5",10,"1,99",0,23,,,,,,,,84195090,,0,000,,0,0,0,100,,,True,100,0,0,5102,6102,False,0,0,,False,0,,,,,False,,S,,0,0,999,,0,0,0,0,0,0,0,0,,,,,0,0,0,1,0,0,0,0,0,0,
248,5,ELETRODO CAUTERIZADOR,,C,N,N,UN,5,0,0,5,17,-100,0,0,0,23,,,,,,,,70179000,,0,000,,0,0,0,100,,,True,100,0,0,5102,6102,False,0,0,,False,0,,,,,False,,S,,0,0,999,,0,0,0,0,0,0,0,0,,,,,0,0,0,1,0,0,0,0,0,0,
518,1437534,CABO MANOPLA 6 VIAS COLD,,C,N,N,UN,1437534,0,0,4,"159,82",0,0,0,0,12,,,,,,CABO MANOPLA 6 VIAS COLD,,85444900,,0,00,,0,0,0,100,02/07/2026,19/02/2026,True,100,0,0,,,False,0,0,,False,0,,,,,False,,S,,0,0,999,,0,0,12,"19,18",0,0,0,0,,,,,0,0,0,0,0,0,0,0,0,0,
249,2,ELETRODO CEBOLAO,,C,N,N,UN,2,0,0,4,17,-100,0,0,0,23,,,,,,,,70179000,,0,000,,0,0,0,100,,,True,100,0,0,5102,6102,False,0,0,,False,0,,,,,False,,S,,0,0,999,,0,0,0,0,0,0,0,0,,,,,0,0,0,1,0,0,0,0,0,0,
250,3,ELETRODO CEBOLINHA,,C,N,N,UN,3,0,0,5,17,-100,0,0,0,23,,,,,,,,70179000,,0,000,,0,0,0,100,,,True,100,0,0,5102,6102,False,0,0,,False,0,,,,,False,,S,,0,0,999,,0,0,0,0,0,0,0,0,,,,,0,0,0,1,0,0,0,0,0,0,
251,3026180,"ELETRODO CONDUTIVO 8CMX 7,5CM PRETO                                              NS: 0000000050",,C,N,N,UN,3026180,0,0,8,"9,03",-100,0,0,0,23,,,,,,,,39269090,,0,000,,0,0,0,100,,,True,100,0,0,5102,6102,False,0,0,,False,0,,,,,False,,S,,0,0,999,,0,0,0,0,0,0,0,0,,,,,0,0,0,1,0,0,0,0,0,0,
252,3026024,ELETRODO CONDUTIVO DE BORRACHA 5CM X 3CM                                         NS: AUTO036242,,C,N,N,UN,3026024,0,0,20,"2,31",-100,0,0,0,23,,,,,,,,39269090,,0,000,,0,0,0,100,,,True,100,0,0,5102,6102,False,0,0,,False,0,,,,,False,,S,,0,0,999,,0,0,0,0,0,0,0,0,,,,,0,0,0,1,0,0,0,0,0,0,
253,3026025,ELETRODO CONDUTIVO DE BORRACHA 5CM X 5CM                                         NS: 0000000032,,C,N,N,UN,3026025,0,0,15,"5,49",-100,0,0,0,23,,,,,,,,39269090,,0,101,0,0,0,0,100,,29/05/2026,True,100,0,0,5102,6102,False,0,0,,False,"33,45",,,99|99|00,,False,,S,,0,0,999,0,0,0,0,0,0,0,0,0,,,,,0,0,000,000001,0,0,0,0,0,0,
507,10067,PLACA CONTROLE ACRUS R2,,C,N,N,UN,010067,0,0,1,"1351,81",-100,0,0,0,2,,,,HTM,,PLACA CONTROLE ACRUS R2,,90189099,,0,101,0,0,0,0,100,,17/06/2026,True,100,0,0,5102,6102,False,0,0,,False,"33,45",,,99|99|00,,False,,S,,0,0,999,0,0,0,18,"231,65",0,0,0,0,,,,,0,0,,,0,0,0,0,0,0,
255,3026115,ELETRODO CONDUTIVO DE BORRACHA 5CM X 8CM                                         NS: AUTO044081,,C,N,N,UN,3026115,0,0,21,"5,38","82,1561","9,8","1,9406",0,23,,,,,,,,39269090,,0,101,0,0,0,0,100,,,True,100,0,0,5102,6102,False,"9,8","9,8",,False,"40,33",,,99|99|00,,False,,S,,0,0,999,0,0,0,0,0,0,0,0,0,,,,,0,0,000,000001,0,0,0,0,0,0,
256,3700,ELETRODO CORPORAL 43MM MD1 NAC,,C,N,N,UN,ACCAI03700,0,0,1,"257,93",-100,0,0,0,23,,,,,,,,90189099,,0,000,,0,0,0,100,,,True,100,0,0,5102,6102,False,0,0,,False,0,,,,,False,,S,,0,0,999,,0,0,0,0,0,0,0,0,,,,,0,0,0,1,0,0,0,0,0,0,
257,10800,ELETRODO FACIAL 8MM BD2 NAC.,,C,N,N,UN,ACBLI108.00,1,1,0,"252,6","66,6667",421,"83,7",0,23,,,,,,,,90189099,,0,000,,0,0,0,100,,,True,100,0,0,5102,6102,False,0,0,,False,0,,,,,False,,S,,0,0,999,,0,0,0,0,0,0,0,0,,,,,0,0,0,1,0,0,0,0,0,0,
258,6,ELETRODO FORQUILHA,,C,N,N,UN,6,0,0,5,17,-100,0,0,0,23,,,,,,,,70179000,,0,000,,0,0,0,100,,,True,100,0,0,5102,6102,False,0,0,,False,0,,,,,False,,S,,0,0,999,,0,0,0,0,0,0,0,0,,,,,0,0,0,1,0,0,0,0,0,0,
259,1,ELETRODO PENTE,,C,N,N,UN,1,0,0,4,"19,36","106,095","39,9","7,7476",0,23,,,,,,,,70179000,,0,101,0,0,0,0,100,,,True,100,0,0,5102,6102,False,"39,9","39,9",,False,"33,45",,,99|99|00,,False,,S,,0,0,999,0,0,0,0,0,0,0,0,0,,,,,0,0,000,000001,0,0,0,0,0,0,
260,4,ELETRODO SATURADOR,,C,N,N,UN,4,0,0,5,17,-100,0,0,0,23,,,,,,,,70179000,,0,000,,0,0,0,100,,,True,100,0,0,5102,6102,False,0,0,,False,0,,,,,False,,S,,0,0,999,,0,0,0,0,0,0,0,0,,,,,0,0,0,1,0,0,0,0,0,0,
261,3129,ELETRODO SILICONE 5X5 - 4 UN,,C,N,N,UN,3129,1,1,2,"24,04","157,9035",62,"12,33",0,23,,,,,,,,90189099,,0,000,,0,0,0,100,,,True,100,0,0,5102,6102,False,0,0,,False,0,,,,,False,,S,,0,0,999,,0,0,0,0,0,0,0,0,,,,,0,0,0,1,0,0,0,0,0,0,
262,3130,ELETRODO SILICONE 7X5 - 4UN,,C,N,N,UN,3130,1,1,10,"30,05","152,9118",76,"15,11",0,23,,,,,,,,90189099,,0,000,,0,0,0,100,,,True,100,0,0,5102,6102,False,0,0,,False,0,,,,,False,,S,,0,0,999,,0,0,0,0,0,0,0,0,,,,,0,0,0,1,0,0,0,0,0,0,
264,2039322,ELETRODO VULCANIZADO P/ THERMOPULSE SOLID STATE                                  NS: 1438391001,,C,N,N,UN,2039322,0,0,2,"157,16",-100,0,0,0,23,,,,,,,,90330000,,0,000,,0,0,0,100,,,True,100,0,0,5102,6102,False,0,0,,False,0,,,,,False,,S,,0,0,999,,0,0,0,0,0,0,0,0,,,,,0,0,0,1,0,0,0,0,0,0,
265,3027800,ETIQUETA APLICADOR FACIAL SONOFOCUS SAFIRA,,C,N,N,UN,3027800,0,0,2,4,75,7,"1,39",0,23,,,,,,,,39199090,,0,000,,0,0,0,100,,,True,100,0,0,5102,6102,False,0,0,,False,0,,,,,False,,S,,0,0,999,,0,0,0,0,0,0,0,0,,,,,0,0,0,1,0,0,0,0,0,0,
266,3027562,ETIQUETA CARACTERISTICA PROBE 3-4 - LASER 660-808NM - INMETRO,,C,N,N,UN,3027562,0,0,11,"7,5","166,6667",20,"3,98",0,23,,,,,,,,39199090,,0,000,,0,0,0,100,,,True,100,0,0,5102,6102,False,0,0,,False,0,,,,,False,,S,,0,0,999,,0,0,0,0,0,0,0,0,,,,,0,0,0,1,0,0,0,0,0,0,
267,3027564,ETIQUETA CARACTERISTICA PROBE 5 - LASER 904NM,,C,N,N,UN,3027564,0,0,1,0,100,27,"5,37",0,23,,,,,,,,48211000,,0,000,,0,0,0,100,,,True,100,0,0,5102,6102,False,0,0,,False,0,,,,,False,,S,,0,0,999,,0,0,0,0,0,0,0,0,,,,,0,0,0,1,0,0,0,0,0,0,
552,3029022,GABINETE PAINEL PARA VAPORIZADOR - (BRANCO),,C,N,N,,03029022,0,5,5,92,50,138,"26,6925",1,23,,,,IBRAMED,,GAB PAINEL P VAPORIZADOR-,,,,0,101,0,18,100,0,100,,,True,100,0,0,,,False,138,138,,False,0,,,99|99|00,,False,,S,,0,0,999,,0,0,0,0,0,0,0,0,,,,,0,0,0-1,0,0,0,0,0,0,0,
268,3027566,ETIQUETA CLUSTER GRANDE  1 / 2 / 3 - INMETRO                                     NS: 0000000008,,C,N,N,UN,3027566,0,0,4,"4,45",-100,0,0,0,23,,,,,,,,39199090,,0,000,,0,0,0,100,,,True,100,0,0,5102,6102,False,0,0,,False,0,,,,,False,,S,,0,0,999,,0,0,0,0,0,0,0,0,,,,,0,0,0,1,0,0,0,0,0,0,
269,3027567,ETIQUETA CLUSTER PEQUENO 1- LED RGB E LASER 808NM - INMETRO                      NS: 0000000006,,C,N,N,UN,3027567,0,0,4,"4,06",-100,0,0,0,23,,,,,,,,39199090,,0,000,,0,0,0,100,,,True,100,0,0,5102,6102,False,0,0,,False,0,,,,,False,,S,,0,0,999,,0,0,0,0,0,0,0,0,,,,,0,0,0,1,0,0,0,0,0,0,
270,3027438,ETIQUETA FRONTAL DERMOSTEAM LED THERAPY                                          NS: 0000000019,,C,N,N,UN,3027438,0,0,5,"21,07",-100,0,0,0,23,,,,,,,,39199090,,0,000,,0,0,0,100,,,True,100,0,0,5102,6102,False,0,0,,False,0,,,,,False,,S,,0,0,999,,0,0,0,0,0,0,0,0,,,,,0,0,0,1,0,0,0,0,0,0,
271,3027652,ETIQUETA IDENTIFICACAO DE ACESSORIOS INMETRO - MODELO APLICADORES                NS: 0000000026,,C,N,N,UN,3027652,0,0,4,"0,71",-100,0,0,0,23,,,,,,,,39199090,,0,000,,0,0,0,100,,,True,100,0,0,5102,6102,False,0,0,,False,0,,,,,False,,S,,0,0,999,,0,0,0,0,0,0,0,0,,,,,0,0,0,1,0,0,0,0,0,0,
272,3027627,ETIQUETA TRASEIRA DERMOSTEAM 127 V - LED THERAPY                                 NS: 0000000013,,C,N,N,UN,3027627,0,0,3,"1,76",-100,0,0,0,23,,,,,,,,39199090,,0,000,,0,0,0,100,,,True,100,0,0,5102,6102,False,0,0,,False,0,,,,,False,,S,,0,0,999,,0,0,0,0,0,0,0,0,,,,,0,0,0,1,0,0,0,0,0,0,
273,3027628,ETIQUETA TRASEIRA DERMOSTEAM 220 V - LED THERAPY                                 NS: 0000000015,,C,N,N,UN,3027628,0,0,2,"4,5",-100,0,0,0,23,,,,,,,,39199090,,0,000,,0,0,0,100,,,True,100,0,0,5102,6102,False,0,0,,False,0,,,,,False,,S,,0,0,999,,0,0,0,0,0,0,0,0,,,,,0,0,0,1,0,0,0,0,0,0,
274,3027265,ETIQUETA TRASEIRA THERMOPULSE SOLID STATE - VS 01/14                             NS: 0000000012,,C,N,N,UN,3027265,0,0,1,"10,54",-100,0,0,0,23,,,,,,,,39199090,,0,000,,0,0,0,100,,,True,100,0,0,5102,6102,False,0,0,,False,0,,,,,False,,S,,0,0,999,,0,0,0,0,0,0,0,0,,,,,0,0,0,1,0,0,0,0,0,0,
275,3027747,ETIQUETA TUV / INMETRO - PORTARIA 54 - 20 X 15 MM,,C,N,N,UN,39199090,0,0,5,1,300,4,"0,8",0,23,,,,,,,,39199090,,0,000,,0,0,0,100,,,True,100,0,0,5102,6102,False,0,0,,False,0,,,,,False,,S,,0,0,999,,0,0,0,0,0,0,0,0,,,,,0,0,0,1,0,0,0,0,0,0,
276,3027552,ETIQUETAS CARACTERISTICA CLUSTER PEQUENO 1 - LED RGB E LASER - INMETRO,,C,N,N,UN,3027552,0,0,3,"13,94",-100,0,0,0,23,,,,,,,,39199090,,0,000,,0,0,0,100,03/07/2026,,True,100,0,0,5102,6102,False,0,0,,False,0,,,,,False,,S,,0,0,999,,0,0,0,0,0,0,0,0,,,,,0,0,0,1,0,0,0,0,0,0,
277,10793,FILTRO DE AGUA 4L/MIN 120PSI (IMP0,,C,N,N,UN,10793,1,1,2,1130,"7,9646",1220,"242,54",0,23,,,,,,,,84212100,,0,000,,0,0,0,100,01/07/2026,,True,100,0,0,5102,6102,False,0,0,,False,0,,,,,False,,S,,0,0,999,,0,0,0,0,0,0,0,0,,,,,0,0,0,1,0,0,0,0,0,0,
278,9929,FILTRO DE PLASTICO MICRO-POROSO,,C,N,N,UN,9929,0,0,28,"4,8","252,0833","16,9","3,36",0,23,,,,,,,,90328100,,0,000,,0,0,0,100,,,True,100,0,0,5102,6102,False,0,0,,False,0,,,,,False,,S,,0,0,999,,0,0,0,0,0,0,0,0,,,,,0,0,0,1,0,0,0,0,0,0,
279,20374,FILTRO PARA CANETA DIAMANTADA,,C,N,N,UN,20374,0,0,30,"4,2",-100,0,0,0,23,,,,,,,,76041010,,0,000,,0,0,0,100,,,True,100,0,0,5102,6102,False,0,0,,False,0,,,,,False,,S,,0,0,999,,0,0,0,0,0,0,0,0,,,,,0,0,0,1,0,0,0,0,0,0,
280,127327,FIXADOR BORRACHA EXCENTRICA,ESTRUTURA,C,N,N,UN,12-7327,10,10,59,60,"91,6667",115,"22,86",0,8,,,,SHOPLIBRE COMERCIAL LTDA,,FIXADOR BORRACHA,,90189099,,0,102,0,0,0,0,100,25/06/2026,,True,100,0,0,5102,6102,False,115,115,,False,"33,45",,,99|99|00,,False,,S,,0,0,999,0,0,0,0,0,0,0,0,0,,,,,0,0,000,000001,0,0,0,0,0,0,
281,5153,FONTE 12V 5A,,C,N,N,UN,5153,1,1,0,35,"271,4286",130,"25,84",0,23,,,,,,,,85044021,,0,000,,0,0,0,100,03/07/2026,,True,100,0,0,5102,6102,False,0,0,,False,0,,,,,False,,S,,0,0,999,,0,0,0,0,0,0,0,0,,,,,0,0,0,1,0,0,0,0,0,0,
282,5154,FONTE TOMADA 12V 2A,,C,N,N,UN,5154,1,1,-2,35,"142,8571",85,"16,9",0,23,,,,,,,,85044021,,0,000,,0,0,0,100,25/05/2026,,True,100,0,0,5102,6102,False,0,0,,False,0,,,,,False,,S,,0,0,999,,0,0,0,0,0,0,0,0,,,,,0,0,0,1,0,0,0,0,0,0,
283,3029059,GABINETE APLICADOR CLUSTER GRANDE,,C,N,N,UN,3029059,1,1,-1,"79,2","272,4747",295,"58,65",0,23,,,,,,,,90189099,,0,000,,0,0,0,100,26/05/2026,,True,100,0,0,5102,6102,False,0,0,,False,0,,,,,False,,S,,0,0,999,,0,0,0,0,0,0,0,0,,,,,0,0,0,1,0,0,0,0,0,0,
284,264,GABINETE APLICADOR CLUSTER GRANDE ANTARES                                        NS: 0000000024,,C,N,N,UN,3029059,0,0,3,"86,92","239,3925",295,"58,65",0,23,,,,,,,,39269090,,0,000,,0,0,0,100,,,True,100,0,0,5102,6102,False,0,0,,False,0,,,,,False,,S,,0,0,999,,0,0,0,0,0,0,0,0,,,,,0,0,0,1,0,0,0,0,0,0,
285,3029058,GABINETE APLICADOR CLUSTER MEDIO ANTARES                                         NS: 0000000012,,C,N,N,UN,3029058,0,0,3,44,-100,0,0,0,23,,,,,,,,84149039,,0,000,,0,0,0,100,,,True,100,0,0,5102,6102,False,0,0,,False,0,,,,,False,,S,,0,0,999,,0,0,0,0,0,0,0,0,,,,,0,0,0,1,0,0,0,0,0,0,
286,1508660,GABINETE BASE G INJETADO MANOPLA CRIODERMIS,,C,N,N,UN,150866-0,2,2,5,260,"51,92",395,"78,53",0,23,,,,,,,,39269090,,0,000,,0,0,0,100,,11/06/2026,True,100,0,0,5102,6102,False,0,0,,False,0,,,,,False,,S,,0,0,999,,0,0,0,0,0,0,0,0,,,,,0,0,0,1,0,0,0,0,0,0,
287,1508695,GABINETE BASE M INJETADO MANOPLA CRIODERMIS,,C,N,N,UN,150869-5,2,2,4,260,"44,2308",375,"74,55",0,23,,,,,,,,39269090,,0,000,,0,0,0,100,,,True,100,0,0,5102,6102,False,0,0,,False,0,,,,,False,,S,,0,0,999,,0,0,0,0,0,0,0,0,,,,,0,0,0,1,0,0,0,0,0,0,
288,9294,GABINETE BEAUTY STEAM INJETADO,,C,N,N,UN,9204,1,1,2,180,"77,7778",320,"63,62",0,23,,,,,,,,39269090,,0,000,,0,0,0,100,,,True,100,0,0,5102,6102,False,0,0,,False,0,,,,,False,,S,,0,0,999,,0,0,0,0,0,0,0,0,,,,,0,0,0,1,0,0,0,0,0,0,
289,3029074,GABINETE FUNDO PARA VAPORIZADOR - (BRANCO) - LED THERAPY                         NS: 0000000099,,C,N,N,UN,3029074,0,0,4,"118,53","195,2839",350,"69,58",0,23,,,,,,,,39269090,,0,000,,0,0,0,100,12/06/2026,,True,100,0,0,5102,6102,False,0,0,,False,0,,,,,False,,S,,0,0,999,,0,0,0,0,0,0,0,0,,,,,0,0,0,1,0,0,0,0,0,0,
290,7954,GABINETE GRANDE PORTE-BORDA SUP. INJETADA CINZA ESPECIAL2018,,C,N,N,UN,7954,0,0,3,"21,85",-100,0,0,0,23,,,,,,,,90189099,,0,000,,0,0,0,100,,,True,100,0,0,5102,6102,False,0,0,,False,0,,,,,False,,S,,0,0,999,,0,0,0,0,0,0,0,0,,,,,0,0,0,1,0,0,0,0,0,0,
291,2844,GABINETE GRANDE PORTE-PARTE SUP. INJETADA BORDA CINZA,,C,N,N,UN,2844,0,0,3,"40,295",-100,0,0,0,23,,,,,,,,90189099,,0,000,,0,0,0,100,,,True,100,0,0,5102,6102,False,0,0,,False,0,,,,,False,,S,,0,0,999,,0,0,0,0,0,0,0,0,,,,,0,0,0,1,0,0,0,0,0,0,
292,3030008,GABINETE METALICO THERMOPULSE - SOLID STATE                                      NS: 0000000103,,C,N,N,UN,3030008,0,0,1,1398,-100,0,0,0,23,,,,,,,,85372090,,0,000,,0,0,0,100,,,True,100,0,0,5102,6102,False,0,0,,False,0,,,,,False,,S,,0,0,999,,0,0,0,0,0,0,0,0,,,,,0,0,0,1,0,0,0,0,0,0,
293,3029073,GABINETE PAINEL PARA VAPORIZADOR - (BRANCO - LED THERAPY                         NS: 0000000102,,C,N,N,UN,3029073,0,0,4,"100,97","226,83",330,"65,61",0,23,,,,,,,,39269090,,0,000,,0,0,0,100,25/05/2026,30/06/2026,True,100,0,0,5102,6102,False,0,0,,False,0,,,,,False,,S,,0,0,999,,0,0,0,0,0,0,0,0,,,,,0,0,0,1,0,0,0,0,0,0,
294,1508687,GABINETE TAMPA G INJETADO MANOPLA CRIODERMIS,,C,N,N,UN,150868-7,0,0,11,250,60,400,"79,52",0,23,,,,,,,,39269090,,0,101,0,0,0,0,100,,11/06/2026,True,100,0,0,5102,6102,False,400,400,,False,"33,45",,,99|99|00,,False,,S,,0,0,999,0,0,0,0,0,0,0,0,0,,,,,0,0,000,000001,0,0,0,0,0,0,
295,1731300,GABINETE TAMPA HAKON,,C,N,N,UN,173130-0,1,1,4,"190,4833","312,1096",785,"156,06",0,23,,,,,,,,76042920,,0,000,,0,0,0,100,,,True,100,0,0,5102,6102,False,0,0,,False,0,,,,,False,,S,,0,0,999,,0,0,0,0,0,0,0,0,,,,,0,0,0,1,0,0,0,0,0,0,
296,1508709,GABINETE TAMPA M INJETADO MANOPLA CRIODERMIS,,C,N,N,UN,150870-9,0,0,0,220,"72,7273",380,"75,55",0,23,,,,,,,,39269090,,0,101,0,0,0,0,100,,,True,100,0,0,5102,6102,False,380,380,,False,"33,45",,,99|99|00,,False,,S,,0,0,999,0,0,0,0,0,0,0,0,0,,,,,0,0,000,000001,0,0,0,0,0,0,
297,3018396,GANFET N-CH 650V 29A TO220 - TP65H070G4PS                                        NS: 0000000004,,C,N,N,UN,3018396,0,0,8,"75,29",-100,0,0,0,23,,,,,,,,85412920,,0,000,,0,0,0,100,,,True,100,0,0,5102,6102,False,0,0,,False,0,,,,,False,,S,,0,0,999,,0,0,0,0,0,0,0,0,,,,,0,0,0,1,0,0,0,0,0,0,
298,1677,HASTE PLASTICA P/CONSOLE (VIBROCELL),,C,N,N,UN,MP1677,1,1,6,52,75,91,"18,09",0,23,,,,,,,,39269090,,0,000,,0,0,0,100,22/06/2026,,True,100,0,0,5102,6102,False,0,0,,False,0,,,,,False,,S,,0,0,999,,0,0,0,0,0,0,0,0,,,,,0,0,0,1,0,0,0,0,0,0,
299,3018039,IXRFD630                                                                         NS: AUTO028456,,C,N,N,UN,3018039,1,1,2,"201,79","58,5807",320,"63,62",0,23,,,,,,,,85412199,,0,000,,0,0,0,100,,,True,100,0,0,5102,6102,False,0,0,,False,0,,,,,False,,S,,0,0,999,,0,0,0,0,0,0,0,0,,,,,0,0,0,1,0,0,0,0,0,0,
300,3015096,JACK J1 (PLUG ISOLADO) - 90O. SOLDA PLACA NS: 0000000109,,C,N,N,UN,3015096,1,1,94,"4,0787","1861,4093",80,"15,9",0,23,,,,,,,,85366990,,0,000,,0,0,0,100,02/07/2026,,True,100,0,0,5102,6102,False,0,0,,False,0,,,,,False,,S,,0,0,999,,0,0,0,0,0,0,0,0,,,,,0,0,0,1,0,0,0,0,0,0,
301,3067,JUNTA ESFERICA - APLICADOR VIBRIA_HIBRIDI,,C,N,N,UN,3067,10,10,65,2,175,"5,5","1,09",0,23,,,,,,,,90189099,,0,000,,0,0,0,100,,,True,100,0,0,5102,6102,False,0,0,,False,0,,,,,False,,S,,0,0,999,,0,0,0,0,0,0,0,0,,,,,0,0,0,1,0,0,0,0,0,0,
302,504,KIT ADAPTADOR VENTOSA DERMOTONUS PUCHIM,,C,N,N,UN,504,0,0,6,16,"274,375","59,9","11,5637",0,23,,,,,,,,39021010,,0,101,0,0,0,0,100,26/06/2026,,True,100,0,0,5102,6102,False,"59,9","59,9",,False,"34,33",,,99|99|00,,False,,S,,0,0,999,0,0,0,0,0,0,0,0,0,,,,,0,0,000,000001,0,0,0,0,0,0,
303,320,KIT ASSISTENCIA FILTRO GRANDE HAKON,,C,N,N,UN,180943-1,3,3,0,840,"17,8571",990,"196,82",0,23,,,,,,,,84219999,,0,000,,0,0,0,100,,,True,100,0,0,5102,6102,False,0,0,,False,0,,,,,False,,S,,0,0,999,,0,0,0,0,0,0,0,0,,,,,0,0,0,1,0,0,0,0,0,0,
304,746,KIT CANETA DIAMANTADA ACRIL 5 PONTEIRAS,,C,N,N,UN,746,0,0,4,145,"72,3448","249,9","49,68",0,23,,,,,,,,76041010,,0,000,,0,0,0,100,,,True,100,0,0,5102,6102,False,0,0,,False,0,,,,,False,,S,,0,0,999,,0,0,0,0,0,0,0,0,,,,,0,0,0,1,0,0,0,0,0,0,
305,4889,KIT FUNIL,,C,N,N,UN,4889,1,1,2,"64,95","195,612",192,"38,17",0,23,,,,,,,,90189099,,0,000,,0,0,0,100,,,True,100,0,0,5102,6102,False,0,0,,False,0,,,,,False,,S,,0,0,999,,0,0,0,0,0,0,0,0,,,,,0,0,0,1,0,0,0,0,0,0,
306,25002191,KIT RESERVATORIO HYGIADERMO VACUO EVT2211,,C,N,N,UN,25002191,0,0,1,190,-100,0,0,0,23,,,,,,,,90330000,,0,000,,0,0,0,100,,,True,100,0,0,5102,6102,False,0,0,,False,0,,,,,False,,S,,0,0,999,,0,0,0,0,0,0,0,0,,,,,0,0,0,1,0,0,0,0,0,0,
307,20341,KIT VENTOSA GLUTEO ACRIL 160 ENGATE 8MM,,C,N,N,UN,20341,0,0,1,"60,4","181,2914","169,9","33,78",0,23,,,,,,,,39069021,,0,000,,0,0,0,100,,,True,100,0,0,5102,6102,False,0,0,,False,0,,,,,False,,S,,0,0,999,,0,0,0,0,0,0,0,0,,,,,0,0,0,1,0,0,0,0,0,0,
308,20340,KIT VENTOSA GLUTEO ACRIL 160MM ENGATE 6MM,,C,N,N,UN,20340,0,0,0,"60,4","181,2914","169,9","33,78",0,23,,,,,,,,39069021,,0,000,,0,0,0,100,,,True,100,0,0,5102,6102,False,0,0,,False,0,,,,,False,,S,,0,0,999,,0,0,0,0,0,0,0,0,,,,,0,0,0,1,0,0,0,0,0,0,
309,173,LAMPADA NEON NE-2 COM RABICHO,,C,N,N,UN,LPNEO00100,0,0,5,"0,88",-100,0,0,0,23,,,,,,,,85393120,,0,000,,0,0,0,100,,,True,100,0,0,5102,6102,False,0,0,,False,0,,,,,False,,S,,0,0,999,,0,0,0,0,0,0,0,0,,,,,0,0,0,1,0,0,0,0,0,0,
310,11007,LAMPADA TUBULAR 4W T5 UV,,C,N,N,UN,11007,0,0,10,"29,01",-100,0,0,0,23,,,,,,,,85408990,,0,000,,0,0,0,100,,,True,100,0,0,5102,6102,False,0,0,,False,0,,,,,False,,S,,0,0,999,,0,0,0,0,0,0,0,0,,,,,0,0,0,1,0,0,0,0,0,0,
311,2039040,MANGUEIRA P/ CANETA APLICADORA DERMO ESTHETIC                                    NS: 1316681001,,C,N,N,UN,2039040,0,0,3,"93,38",-100,0,0,0,23,,,,,,,,39173229,,0,000,,0,0,0,100,,,True,100,0,0,5102,6102,False,0,0,,False,0,,,,,False,,S,,0,0,999,,0,0,0,0,0,0,0,0,,,,,0,0,0,1,0,0,0,0,0,0,
312,65938,"MANGUEIRA PU AZUL ESPIRAL EXT. 6,00 X 4,00 MM INT.  6 METROS /I",,C,N,N,UN,65938,0,0,5,17,-100,0,0,0,23,,,,,,,,39173900,,0,000,,0,0,0,100,,,True,100,0,0,5102,6102,False,0,0,,False,0,,,,,False,,S,,0,0,999,,0,0,0,0,0,0,0,0,,,,,0,0,0,1,0,0,0,0,0,0,
313,65940,"MANGUEIRA PU AZUL ESPIRAL EXT. 8,00 X 5,00 MM INT.  6 METROS /I",,C,N,N,UN,65940,0,0,9,"26,9",-100,0,0,0,23,,,,,,,,39173900,,0,000,,0,0,0,100,03/07/2026,02/07/2026,True,100,0,0,5102,6102,False,0,0,,False,0,,,,,False,,S,,0,0,999,,0,0,18,"4,69",0,0,0,0,,,,,0,0,0,1,0,0,0,0,0,0,
314,1229,MB22016A - MEMBRANA TRIATHERM RGB PORTUGUES - PAINEL SUPERIOR,,C,N,N,UN,1229,0,0,0,"103,71","121,7722",230,"45,73",0,23,,,,,,,,39206100,,0,000,,0,0,0,100,,,True,100,0,0,5102,6102,False,0,0,,False,0,,,,,False,,S,,0,0,999,,0,0,0,0,0,0,0,0,,,,,0,0,0,1,0,0,0,0,0,0,
315,2169,MB22020A - MEMBRANA CAVICELL 40 RGB PORTUGUES - PAINEL SUPERIOR,,C,N,N,UN,2169,0,0,1,"74,9","220,4272",240,"47,71",0,23,,,,,,,,39206100,,0,000,,0,0,0,100,,,True,100,0,0,5102,6102,False,0,0,,False,0,,,,,False,,S,,0,0,999,,0,0,0,0,0,0,0,0,,,,,0,0,0,1,0,0,0,0,0,0,
316,3025275,MECANISMO MONTADO APLICADOR MODELATTA                                            NS: 0000000082,,C,N,N,UN,3025275,0,0,4,"234,87",-100,0,0,0,23,,,,,,,,90330000,,0,000,,0,0,0,100,,11/06/2026,True,100,0,0,5102,6102,False,0,0,,False,0,,,,,False,,S,,0,0,999,,0,0,0,0,0,0,0,0,,,,,0,0,0,1,0,0,0,0,0,0,
317,1732129,MEMBRANA HAKON,,C,N,N,UN,1732129,0,0,3,"153,41",-100,0,0,0,23,,,,,,,,84239021,,0,101,0,0,0,0,100,,,True,100,0,0,5102,6102,False,0,0,,False,"29,16",,,99|99|00,,False,,S,,0,0,999,0,0,0,0,0,0,0,0,0,,,,,0,0,000,000001,0,0,0,0,0,0,
318,6752,MODULO FORCA 2 PINOS C/ PORT.FUSIV/CHAVE EMBUTIR,,C,N,N,UN,6752,0,0,3,"62,31","44,4391",90,"17,89",0,23,,,,,,,,85366990,,0,000,,0,0,0,100,,,True,100,0,0,5102,6102,False,0,0,,False,0,,,,,False,,S,,0,0,999,,0,0,0,0,0,0,0,0,,,,,0,0,0,1,0,0,0,0,0,0,
319,1832020,MODULO TERMOELETRICO PELTIER TES1-11709T125,,C,N,N,UN,1832020,0,0,2,"330,26","199,7638",990,"196,82",0,23,,,,,,,,84186999,,0,000,,0,0,0,100,,,True,100,0,0,5102,6102,False,0,0,,False,0,,,,,False,,S,,0,0,999,,0,0,0,0,0,0,0,0,,,,,0,0,0,1,0,0,0,0,0,0,
320,3892,"MOLA INOX LO 12,00 X 4,60 MM INT X 0,45 MM FIO (DC1219- ALVA",,C,N,N,UN,3892,0,0,3,"1,27",-100,0,0,0,23,,,,,,,,73202010,,0,000,,0,0,0,100,,,True,100,0,0,5102,6102,False,0,0,,False,0,,,,,False,,S,,0,0,999,,0,0,0,0,0,0,0,0,,,,,0,0,0,1,0,0,0,0,0,0,
321,3018083,MOSFET FQA36P15                                                                  NS: 0000000023,,C,N,N,UN,3018083,1,1,2,"17,1","98,8304",34,"6,76",0,23,,,,,,,,85412199,,0,000,,0,0,0,100,,,True,100,0,0,5102,6102,False,0,0,,False,0,,,,,False,,S,,0,0,999,,0,0,0,0,0,0,0,0,,,,,0,0,0,1,0,0,0,0,0,0,
322,3065010,MOTOR CL3570PKA-40C                                                              NS: 0000051511,,C,N,N,UN,3065010,0,0,2,"417,39","56,4963","653,2","129,86",0,23,,,,,,,,85013110,,0,000,,0,0,0,100,,,True,100,0,0,5102,6102,False,0,0,,False,0,,,,,False,,S,,0,0,999,,0,0,0,0,0,0,0,0,,,,,0,0,0,1,0,0,0,0,0,0,
323,1947,MOTOR ELETRICO DE CORRENTE CONTINUA - VIBROCELL,,C,N,N,UN,MP1947,0,0,0,"500,4","169,7842",1350,"268,39",0,8,,,,SHOPLIBRE COMERCIAL LTDA,,,,85017290,,0,101,0,0,0,0,100,25/06/2026,,True,100,0,0,5102,6102,False,1350,1350,,False,"33,45",,,99|99|00,,False,,S,,0,0,999,0,0,0,0,0,0,0,0,0,,,,,0,0,000,000001,0,0,0,0,0,0,
324,2855,MOTOR PRESSAO NEGATIVA JQB5177015 - 220V,,C,N,N,UN,2855,0,0,0,"202,5",-100,0,0,0,23,,,,,,,,84141000,,0,000,,0,0,0,100,,,True,100,0,0,5102,6102,False,0,0,,False,0,,,,,False,,S,,0,0,999,,0,0,0,0,0,0,0,0,,,,,0,0,0,1,0,0,0,0,0,0,
325,1733346,NOVO KIT CABO HAKON FONTE 120,,C,N,N,UN,1733346,0,0,5,"92,57",-100,0,0,0,12,,,,,,,,85444900,,0,101,0,0,0,0,100,,,True,100,0,0,5102,6102,False,0,0,,False,"34,33",,,99|99|00,,False,,S,,0,0,999,0,0,0,0,0,0,0,0,0,,,,,0,0,000,000001,0,0,0,0,0,0,
326,477,NTC 50KOHMS 3MM,,C,N,N,UN,477,1,1,0,"1,05","2538,0952","27,7","5,51",0,23,,,,,,,,85334011,,0,000,,0,0,0,100,,,True,100,0,0,5102,6102,False,0,0,,False,0,,,,,False,,S,,0,0,999,,0,0,0,0,0,0,0,0,,,,,0,0,0,1,0,0,0,0,0,0,
327,52008,PARTES E PECAS VALVULAS POWER SHAPE,,C,N,N,UN,K52008,0,0,3,"547,31","210,6101",1700,"337,97",0,23,,,,,,,,84819090,,0,000,,0,0,0,100,,,True,100,0,0,5102,6102,False,0,0,,False,0,,,,,False,,S,,0,0,999,,0,0,0,0,0,0,0,0,,,,,0,0,0,1,0,0,0,0,0,0,
328,324,PASTILHA PELTIER TEC1-12704 41X41 12V 4A,,C,N,N,UN,143729-1,0,0,3,150,"296,6667",595,"118,29",0,23,,,,,,,,84186999,,0,000,,0,0,0,100,16/06/2026,,True,100,0,0,5102,6102,False,0,0,,False,0,,,,,False,,S,,0,0,999,,0,0,0,0,0,0,0,0,,,,,0,0,0,1,0,0,0,0,0,0,
329,36904,PASTILHA PELTIER TEC1-12706 12V,,C,N,N,UN,D36904,0,0,10,"14,5","3313,7931",495,"98,41",0,23,,,POLARYS PLAXX,,,,,84195010,,0,101,0,0,0,0,100,,,True,100,0,0,5102,6102,False,495,495,,False,"31,45",,,99|99|00,,False,,S,,0,0,999,0,0,0,0,0,0,0,0,0,,,,,0,0,000,000001,0,0,0,0,0,0,
330,25002034,PCI MONTADA PCIS1T02 R00 (CONTROLE US - MESUS),,C,N,N,UN,25002034,0,0,1,240,-100,0,0,0,23,,,,,,,,90329010,,0,000,,0,0,0,100,,,True,100,0,0,5102,6102,False,0,0,,False,0,,,,,False,,S,,0,0,999,,0,0,0,0,0,0,0,0,,,,,0,0,0,1,0,0,0,0,0,0,
331,25002036,PCI MONTADA PCIS1T04 R00 (SAIDA US - MESUS),,C,N,N,UN,25002036,0,0,1,384,-100,0,0,0,23,,,,,,,,90329010,,0,000,,0,0,0,100,,,True,100,0,0,5102,6102,False,0,0,,False,0,,,,,False,,S,,0,0,999,,0,0,0,0,0,0,0,0,,,,,0,0,0,1,0,0,0,0,0,0,
332,80012294,PCI PCIC4V02R01 - PCI TRANSFORMADOR IMPORTADO PLASMAX,,C,N,N,UN,80012294,0,0,2,"14,09",-100,0,0,0,23,,,,,,,,90329010,,0,000,,0,0,0,100,,,True,100,0,0,5102,6102,False,0,0,,False,0,,,,,False,,S,,0,0,999,,0,0,0,0,0,0,0,0,,,,,0,0,0,1,0,0,0,0,0,0,
333,3015073,PINO BANANA PV 1061 - VERMELHO   (VENDAS)                                        NS: 0000000046,,C,N,N,UN,3015073,0,0,91,"5,51",-100,0,0,0,23,,,,,,,,85366990,,0,000,,0,0,0,100,25/06/2026,,True,100,0,0,5102,6102,False,0,0,,False,0,,,,,False,,S,,0,0,999,,0,0,0,0,0,0,0,0,,,,,0,0,0,1,0,0,0,0,0,0,
334,11215,PINO REVESTIDO DO SUP. APLICADOR ACRUS,,C,N,N,UN,11215,0,0,3,"9,5",-100,0,0,0,23,,,,,,,,90330000,,0,000,,0,0,0,100,,,True,100,0,0,5102,6102,False,0,0,,False,0,,,,,False,,S,,0,0,999,,0,0,0,0,0,0,0,0,,,,,0,0,0,1,0,0,0,0,0,0,
335,2039702,PLACA BIVOLT LYRA                                                                NS: 1469420007,,C,N,N,UN,2039702,0,0,1,"77,6",-100,0,0,0,23,,,,,,,,85389010,,0,000,,0,0,0,100,,,True,100,0,0,5102,6102,False,0,0,,False,0,,,,,False,,S,,0,0,999,,0,0,0,0,0,0,0,0,,,,,0,0,0,1,0,0,0,0,0,0,
336,2110030,PLACA CENTELHADORA,,C,N,N,UN,2110030,0,0,0,96,"129,1667",220,"43,74",0,23,,,,,,,,85363010,,0,000,,0,0,0,100,,,True,100,0,0,5102,6102,False,0,0,,False,0,,,,,False,,S,,0,0,999,,0,0,0,0,0,0,0,0,,,,,0,0,0,1,0,0,0,0,0,0,
337,298,PLACA CENTELHADORA                                                               NS: 1428440053,,C,N,N,UN,2110030,0,0,10,"117,86",-100,0,0,0,23,,,,,,,,85389010,,0,000,,0,0,0,100,01/07/2026,,True,100,0,0,5102,6102,False,0,0,,False,0,,,,,False,,S,,0,0,999,,0,0,0,0,0,0,0,0,,,,,0,0,0,1,0,0,0,0,0,0,
338,2110247,PLACA CENTELHADORA PARA DERMOSTEAM 220V,,C,N,N,UN,2110247,2,2,1,"117,86","99,3891",235,"46,72",0,23,,,,,,,,85363010,,0,000,,0,0,0,100,25/06/2026,,True,100,0,0,5102,6102,False,0,0,,False,0,,,,,False,,S,,0,0,999,,0,0,0,0,0,0,0,0,,,,,0,0,0,1,0,0,0,0,0,0,
339,7405,PLACA CLUSTER MAXX LED AMBAR+LASER INFRAVERMELHO R1,,C,N,N,UN,7405,0,0,2,"171,57","162,2836",450,"89,46",0,23,,,,,,,,90189099,,0,000,,0,0,0,100,,,True,100,0,0,5102,6102,False,0,0,,False,0,,,,,False,,S,,0,0,999,,0,0,0,0,0,0,0,0,,,,,0,0,0,1,0,0,0,0,0,0,
340,7403,PLACA CLUSTER MAXX LED AZUL + LASER VERMELHO R1,,C,N,N,UN,7403,0,0,2,"114,38","232,2259",380,"75,55",0,23,,,,,,,,90189099,,0,000,,0,0,0,100,,,True,100,0,0,5102,6102,False,0,0,,False,0,,,,,False,,S,,0,0,999,,0,0,0,0,0,0,0,0,,,,,0,0,0,1,0,0,0,0,0,0,
341,694,PLACA CLUSTER MAXX LED VERMELHO+LASER IR R1,,C,N,N,UN,694,0,0,0,248,"97,5806",490,"97,42",0,23,,,,,,,,90189099,,0,000,,0,0,0,100,,,True,100,0,0,5102,6102,False,0,0,,False,0,,,,,False,,S,,0,0,999,,0,0,0,0,0,0,0,0,,,,,0,0,0,1,0,0,0,0,0,0,
343,10737,PLACA CONTROLE BEAUTY STEAM (2020) R2,,C,N,N,UN,10737,0,0,0,"380,01","24,9967",475,"94,43",0,23,,,,,,,,85371090,,0,000,,0,0,0,100,,,True,100,0,0,5102,6102,False,0,0,,False,0,,,,,False,,S,,0,0,999,,0,0,0,0,0,0,0,0,,,,,0,0,0,1,0,0,0,0,0,0,
344,2039597,PLACA CONTROLE HECCUS TURBO                                                      NS: 1477190005,,C,N,N,UN,2039597,0,0,1,"2345,31","53,4978",3600,"715,71",0,23,,,,,,,,85389010,,0,000,,0,0,0,100,,,True,100,0,0,5102,6102,False,0,0,,False,0,,,,,False,,S,,0,0,999,,0,0,0,0,0,0,0,0,,,,,0,0,0,1,0,0,0,0,0,0,
345,2071759,PLACA CONTROLE NEURODRYN PORTABLE TENS FES,,C,N,N,UN,2071759,0,0,2,0,100,27,"5,37",0,23,,,,,,,,85371090,,0,000,,0,0,0,100,,,True,100,0,0,5102,6102,False,0,0,,False,0,,,,,False,,S,,0,0,999,,0,0,0,0,0,0,0,0,,,,,0,0,0,1,0,0,0,0,0,0,
509,5800,PLACA MONTADA MANOPLA MONOPOLAR C TERMOMETRO G3 A,,C,N,N,UN,PMMAN05800,0,0,0,"396,34",0,0,0,0,3,,,,,,PL MONTADA MANOPLA MONOPO,,90330000,,0,00,,0,0,0,100,25/06/2026,27/05/2026,True,100,0,0,,,False,0,0,,False,0,,,,,False,,S,,0,0,999,,0,0,12,"47,56",0,0,0,0,,,,,0,0,0,0,0,0,0,0,0,0,
346,2039437,PLACA CONTROLE SONOPULSE COMPACT 1MHZ                                            NS: 1295690103,,C,N,N,UN,2039437,0,0,2,"490,07",-100,0,0,0,23,,,,,,,,85389010,,0,000,,0,0,0,100,,,True,100,0,0,5102,6102,False,0,0,,False,0,,,,,False,,S,,0,0,999,,0,0,0,0,0,0,0,0,,,,,0,0,0,1,0,0,0,0,0,0,
347,2110184,PLACA DISPLAY SMD PCI LCD010101A                                                 NS: AUTO043838,,C,N,N,UN,2110184,0,0,2,"106,08",-100,0,0,0,23,,,,,,,,85389010,,0,000,,0,0,0,100,,,True,100,0,0,5102,6102,False,0,0,,False,0,,,,,False,,S,,0,0,999,,0,0,0,0,0,0,0,0,,,,,0,0,0,1,0,0,0,0,0,0,
348,5508,PLACA DRIVER SONIC COMPACT REV.01,,C,N,N,UN,5508,3,3,6,"356,52","96,3424",700,"139,17",0,23,,,,,,,,85371090,,0,000,,0,0,0,100,,,True,100,0,0,5102,6102,False,0,0,,False,0,,,,,False,,S,,0,0,999,,0,0,0,0,0,0,0,0,,,,,0,0,0,1,0,0,0,0,0,0,
349,1688,PLACA ELETRONICA - VIBROCELL,,C,N,N,UN,MP1688,0,0,1,442,-100,0,0,0,23,,,,,,,,90329010,,0,000,,0,0,0,100,,,True,100,0,0,5102,6102,False,0,0,,False,0,,,,,False,,S,,0,0,999,,0,0,0,0,0,0,0,0,,,,,0,0,0,1,0,0,0,0,0,0,
350,2110078,PLACA FONTE 32V 120W MODELLATA,,C,N,N,UN,2110078,0,0,2,"221,6",-100,0,0,0,23,,,,,,,,85044021,,0,101,0,0,0,0,100,,,True,100,0,0,5102,6102,False,0,0,,False,"34,78",,,99|99|00,,False,,S,,0,0,999,0,0,0,0,0,0,0,0,0,,,,,0,0,000,000001,0,0,0,0,0,0,
351,2039335,PLACA FONTE 65 / 12 - 250W                                                       NS: 1235520007,,C,N,N,UN,2039335,0,0,1,"397,95","75,15",697,"138,57",0,23,,,,,,,,90330000,,0,000,,0,0,0,100,,15/06/2026,True,100,0,0,5102,6102,False,0,0,,False,0,,,,,False,,S,,0,0,999,,0,0,0,0,0,0,0,0,,,,,0,0,0,1,0,0,0,0,0,0,
352,2039452,PLACA FONTE CHAVEADA 17V/45W                                                     NS: AUTO044496,,C,N,N,UN,02039452,0,0,3,"81,53",-100,0,0,0,35,,,,IBRAMED,,,,85389010,,0,101,0,0,0,0,100,,,True,100,0,0,5102,6102,False,0,0,,False,"35,96",,,99|99|00,,False,,S,,0,0,999,0,0,0,0,0,0,0,0,0,,,,,0,0,000,000001,0,0,0,0,0,0,
353,2039537,PLACA HF IBRAMED,,C,N,N,UN,2039537,2,2,13,115,"30,4348",150,"29,82",0,23,,,,,,,,85371090,,0,000,,0,0,0,100,,,True,100,0,0,5102,6102,False,0,0,,False,0,,,,,False,,S,,0,0,999,,0,0,0,0,0,0,0,0,,,,,0,0,0,1,0,0,0,0,0,0,
354,1719335,PLACA M0140 MODULO BLUETOOTH 180,,C,N,N,UN,1719335,0,0,2,"235,2",-100,0,0,0,23,,,,,,,,85340033,,0,000,,0,0,0,100,,,True,100,0,0,5102,6102,False,0,0,,False,0,,,,,False,,S,,0,0,999,,0,0,0,0,0,0,0,0,,,,,0,0,0,1,0,0,0,0,0,0,
355,1722808,PLACA M446 NOVO DERMOVACUO PULSADO,,C,N,N,UN,1722808,0,0,1,"250,43",-100,0,0,0,23,,,,,,,,85340033,,0,000,,0,0,0,100,,,True,100,0,0,5102,6102,False,0,0,,False,0,,,,,False,,S,,0,0,999,,0,0,0,0,0,0,0,0,,,,,0,0,0,1,0,0,0,0,0,0,
356,5102,PLACA MONTADA CPU SPECTRA R2,,C,N,N,UN,PMCPU05102,0,0,3,"401,29","141,7205",970,"192,84",0,23,,,,,,,,90330000,,0,000,,0,0,0,100,,,True,100,0,0,5102,6102,False,0,0,,False,0,,,,,False,,S,,0,0,999,,0,0,0,0,0,0,0,0,,,,,0,0,0,1,0,0,0,0,0,0,
357,1400,PLACA MONTADA INTERFACE DISPLAY 128 X 64 VELOX E LIPOSOON,,C,N,N,UN,PMIFD01400,0,0,2,"243,93",-100,0,0,0,23,,,,,,,,90330000,,0,000,,0,0,0,100,,,True,100,0,0,5102,6102,False,0,0,,False,0,,,,,False,,S,,0,0,999,,0,0,0,0,0,0,0,0,,,,,0,0,0,1,0,0,0,0,0,0,
358,3702,PLACA MONTADA MANOPLA BICORPORAL R02,,C,N,N,UN,PMMAN037.02,2,2,8,"31,92","172,5564",87,"17,3",0,23,,,,,,,,85389010,,0,000,,0,0,0,100,,,True,100,0,0,5102,6102,False,0,0,,False,0,,,,,False,,S,,0,0,999,,0,0,0,0,0,0,0,0,,,,,0,0,0,1,0,0,0,0,0,0,
359,903,PLACA MONTADA MANOPLA BIPOLAR CTERMOMETRO R03,,C,N,N,UN,PMMAN00903,0,0,0,"239,98",-100,0,0,0,23,,,,,,,,90330000,,0,000,,0,0,0,100,,,True,100,0,0,5102,6102,False,0,0,,False,0,,,,,False,,S,,0,0,999,,0,0,0,0,0,0,0,0,,,,,0,0,0,1,0,0,0,0,0,0,
360,10500,PLACA MONTADA MANOPLA TRINITY FACIAL RADIOMETRO NIOO,,C,N,N,UN,PMMAN10500,0,0,1,"375,33","94,4955",730,"145,13",0,23,,,,,,,,90330000,,0,000,,0,0,0,100,,,True,100,0,0,5102,6102,False,0,0,,False,0,,,,,False,,S,,0,0,999,,0,0,0,0,0,0,0,0,,,,,0,0,0,1,0,0,0,0,0,0,
361,4102,PLACA MONTADA MODULO OXITONE PRO R02,,C,N,N,UN,PMMOD04102,0,0,2,"435,69",-100,0,0,0,23,,,,,,,,90330000,,0,000,,0,0,0,100,,,True,100,0,0,5102,6102,False,0,0,,False,0,,,,,False,,S,,0,0,999,,0,0,0,0,0,0,0,0,,,,,0,0,0,1,0,0,0,0,0,0,
362,3503,PLACA MONTADA MODULO OXY SEM VACUO R03,,C,N,N,UN,PMMOD03503,0,0,1,"165,8",-100,0,0,0,23,,,,,,,,90330000,,0,000,,0,0,0,100,,,True,100,0,0,5102,6102,False,0,0,,False,0,,,,,False,,S,,0,0,999,,0,0,0,0,0,0,0,0,,,,,0,0,0,1,0,0,0,0,0,0,
466,3963,"TUBO TERMO RETRATIL PRETO DIAMETRO 1,5MM - SIBRATEC 8422",,C,N,N,MT,03963,0,0,200,"1,34",0,0,0,0,28,,,,,,TUBO TERMO RETRATIL PT DI,,39174090,,2,00,,0,0,0,100,,27/05/2026,True,100,0,0,,,False,0,0,7908060400071,False,0,,,,,False,,S,,0,0,999,,0,0,18,"0,24",0,0,0,0,,,,,0,0,0,1,0,0,0,0,0,0,
364,3900,PLACA MONTADA MODULO RECONHECIMENTO SPECTRA RECERT.,,C,N,N,UN,PMMOD03900,0,0,1,"307,26",-100,0,0,0,23,,,,,,,,90330000,,0,000,,0,0,0,100,,,True,100,0,0,5102,6102,False,0,0,,False,0,,,,,False,,S,,0,0,999,,0,0,0,0,0,0,0,0,,,,,0,0,0,1,0,0,0,0,0,0,
365,10743,PLACA SAIDA BEAUTY STEAM (2020) R2,,C,N,N,UN,10743,0,0,0,"496,07","25,1839",621,"123,46",0,23,,,,,,,,85371090,,0,000,,0,0,0,100,,,True,100,0,0,5102,6102,False,0,0,,False,0,,,,,False,,S,,0,0,999,,0,0,0,0,0,0,0,0,,,,,0,0,0,1,0,0,0,0,0,0,
366,10746,PLACA SAIDA BEAUTY STEAM MAXX R2,,C,N,N,UN,10746,0,0,1,"530,5","34,7785",715,"142,15",0,23,,,,,,,,85371090,,0,000,,0,0,0,100,09/06/2026,,True,100,0,0,5102,6102,False,0,0,,False,0,,,,,False,,S,,0,0,999,,0,0,0,0,0,0,0,0,,,,,0,0,0,1,0,0,0,0,0,0,
367,3032058,PLACA SMD APLICADOR POLARYS - PCI 13012 - MONTADA                                NS: 0225051613,,C,N,N,UN,3032058,0,0,2,"233,78",-100,0,0,0,23,,,,,,,,85389010,,0,000,,0,0,0,100,,,True,100,0,0,5102,6102,False,0,0,,False,0,,,,,False,,S,,0,0,999,,0,0,0,0,0,0,0,0,,,,,0,0,0,1,0,0,0,0,0,0,
368,3032036,PLACA SMD APLICADOR SONOFOCUS PCI 3031 MONTADA                                   NS: 0000000010,,C,N,N,UN,3032036,1,1,3,"44,44","125,0225",100,"19,88",0,23,,,,,,,,84733090,,0,000,,0,0,0,100,,,True,100,0,0,5102,6102,False,0,0,,False,0,,,,,False,,S,,0,0,999,,0,0,0,0,0,0,0,0,,,,,0,0,0,1,0,0,0,0,0,0,
369,2110236,PLACA SMD HF IBRAMED PCI - MONTADA,,C,N,N,UN,2110236,0,0,14,0,100,27,"5,37",0,23,,,,,,,,85371090,,0,000,,0,0,0,100,,,True,100,0,0,5102,6102,False,0,0,,False,0,,,,,False,,S,,0,0,999,,0,0,0,0,0,0,0,0,,,,,0,0,0,1,0,0,0,0,0,0,
370,663,PLACA STIM CARE R4 (TK),,C,N,N,UN,663,1,1,0,"490,38","22,3541",600,"119,28",0,23,,,,,,,,85371090,,0,000,,0,0,0,100,,,True,100,0,0,5102,6102,False,0,0,,False,0,,,,,False,,S,,0,0,999,,0,0,0,0,0,0,0,0,,,,,0,0,0,1,0,0,0,0,0,0,
371,108,PONTEIRA CONICO US 54 MM,,C,N,N,UN,108,0,0,2,"49,39",-100,0,0,0,23,,,,,,,,39269090,,0,000,,0,0,0,100,,,True,100,0,0,5102,6102,False,0,0,,False,0,,,,,False,,S,,0,0,999,,0,0,0,0,0,0,0,0,,,,,0,0,0,1,0,0,0,0,0,0,
372,13717,PONTEIRA TECATHERM 40 MM,,C,N,N,UN,13717,0,0,0,"71,8","192,3398","209,9","41,73",0,23,,,,,,,,90189099,,0,000,,0,0,0,100,,,True,100,0,0,5102,6102,False,0,0,,False,0,,,,,False,,S,,0,0,999,,0,0,0,0,0,0,0,0,,,,,0,0,0,1,0,0,0,0,0,0,
373,12639,PORCA DE TRAVA DO CABO CORRUGADO APLICADOR,,C,N,N,UN,12639,1,1,2,"31,17","2,6628",32,"6,36",0,23,,,,,,,,90330000,,0,000,,0,0,0,100,,,True,100,0,0,5102,6102,False,0,0,,False,0,,,,,False,,S,,0,0,999,,0,0,0,0,0,0,0,0,,,,,0,0,0,1,0,0,0,0,0,0,
374,100,PRENSA CABO INJETADO ELETRODO METALICO,,C,N,N,UN,PAINJ001.00,5,5,20,"3,15","915,873",32,"6,36",0,23,,,,,,,,85444200,,0,000,,0,0,0,100,,,True,100,0,0,5102,6102,False,0,0,,False,0,,,,,False,,S,,0,0,999,,0,0,0,0,0,0,0,0,,,,,0,0,0,1,0,0,0,0,0,0,
375,3025183,PROJETIL APLICADOR THORK                                                         NS: 0000000048,,C,N,N,UN,3025183,0,0,3,"105,69",-100,0,0,0,23,,,,,,,,90330000,,0,000,,0,0,0,100,,,True,100,0,0,5102,6102,False,0,0,,False,0,,,,,False,,S,,0,0,999,,0,0,0,0,0,0,0,0,,,,,0,0,0,1,0,0,0,0,0,0,
376,10262,RELE DE ESTADO SÓLIDO CDG1-1AA/40A,,C,N,N,UN,10262,2,2,1,"194,95",-100,0,0,0,23,,,,,,,,85364900,,0,000,,0,0,0,100,,,True,100,0,0,5102,6102,False,0,0,,False,0,,,,,False,,S,,0,0,999,,0,0,0,0,0,0,0,0,,,,,0,0,0,1,0,0,0,0,0,0,
377,271814,RESERVATORIO PARA VAPOR NOVO 127V,,C,N,N,UN,2071814,1,1,12,235,"93,62",455,"90,46",0,23,,,,,,,,90189099,,0,000,,0,0,0,100,25/06/2026,26/06/2026,True,100,0,0,5102,6102,False,0,0,,False,0,,,,,False,,S,,0,0,999,,0,0,0,0,0,0,0,0,,,,,0,0,0,1,0,0,0,0,0,0,
378,1257,RESISTENCIA ELETRICA 120V 750W,,C,N,N,UN,1257,0,0,3,"73,47",-100,0,0,0,23,,,,,,,,85161000,,0,000,,0,0,0,100,,,True,100,0,0,5102,6102,False,0,0,,False,0,,,,,False,,S,,0,0,999,,0,0,0,0,0,0,0,0,,,,,0,0,0,1,0,0,0,0,0,0,
379,4116,RESISTOR SMD 10R - 1206,,C,N,N,UN,4116,0,0,10,"0,02",-100,0,0,0,23,,,,,,,,85331000,,0,000,,0,0,0,100,,,True,100,0,0,5102,6102,False,0,0,,False,0,,,,,False,,S,,0,0,999,,0,0,0,0,0,0,0,0,,,,,0,0,0,1,0,0,0,0,0,0,
380,5557,SENSOR DE TEMPERATURA DS18B20 - MAXIM,,C,N,N,UN,5557,0,0,1,"131,44","204,3214",400,"79,52",0,23,,,,,,,,85423190,,0,000,,0,0,0,100,,,True,100,0,0,5102,6102,False,0,0,,False,0,,,,,False,,S,,0,0,999,,0,0,0,0,0,0,0,0,,,,,0,0,0,1,0,0,0,0,0,0,
381,10424,SENSOR DE TEMPERATURA METALICO,,C,N,N,UN,10424,0,0,10,"83,784","675,8044",650,"125,24",0,20,,,ACRUS,HTM,,SENSOR DE TEMPERATURA MET,,85334011,,0,101,0,0,0,0,100,,01/07/2026,True,100,0,0,5102,6102,False,650,650,,False,"35,16",,,99|99|00,,False,,S,,0,0,999,0,0,0,18,"14,25",0,0,0,0,,,,,0,0,000,000001,0,0,0,0,0,0,
382,3015117,SOQUETE CIRCULAR 9 VIAS                                                          NS: 0000000051,,C,N,N,UN,3015117,1,1,15,"46,54","71,8951",80,"15,9",0,23,,,,,,,,85366990,,0,000,,0,0,0,100,,,True,100,0,0,5102,6102,False,0,0,,False,0,,,,,False,,S,,0,0,999,,0,0,0,0,0,0,0,0,,,,,0,0,0,1,0,0,0,0,0,0,
383,1782363,SUP. APLICADOR LIPOCAVITY 40,,C,N,N,UN,1782363,0,0,2,"68,85",-100,0,0,0,23,,,,,,,,39205100,,0,000,,0,0,0,100,,,True,100,0,0,5102,6102,False,0,0,,False,0,,,,,False,,S,,0,0,999,,0,0,0,0,0,0,0,0,,,,,0,0,0,1,0,0,0,0,0,0,
384,1727540,SUP. APLICADOR ULTRAMED EM ACRILICO,,C,N,N,UN,1727540,0,0,3,"68,23",-100,0,0,0,23,,,,,,,,39205100,,0,000,,0,0,0,100,,,True,100,0,0,5102,6102,False,0,0,,False,0,,,,,False,,S,,0,0,999,,0,0,0,0,0,0,0,0,,,,,0,0,0,1,0,0,0,0,0,0,
385,1732331,SUP. TRANSDUTOR LIPOCAVITY 40,,C,N,N,UN,1732331,0,0,2,"136,88",-100,0,0,0,23,,,,,,,,39072100,,0,000,,0,0,0,100,,,True,100,0,0,5102,6102,False,0,0,,False,0,,,,,False,,S,,0,0,999,,0,0,0,0,0,0,0,0,,,,,0,0,0,1,0,0,0,0,0,0,
386,3038135,SUPORTE CABECOTE HECCUS                                                          NS: 0000000038,,C,N,N,UN,3038135,0,0,2,"41,2",-100,0,0,0,23,,,,,,,,39259090,,0,000,,0,0,0,100,,,True,100,0,0,5102,6102,False,0,0,,False,0,,,,,False,,S,,0,0,999,,0,0,0,0,0,0,0,0,,,,,0,0,0,1,0,0,0,0,0,0,
387,4606,SUPORTE DA CANETA FLUENCE REV.02,,C,N,N,UN,4606,2,2,13,"2,01","1094,0298",24,"4,6422",0,23,,,,,,,,90189099,,0,101,0,0,0,0,100,10/06/2026,,True,100,0,0,5102,6102,False,38,38,,False,"33,45",,,99|99|00,,False,,S,,0,0,999,0,0,0,0,0,0,0,0,0,,,,,0,0,000,000001,0,0,0,0,0,0,
388,4607,SUPORTE DO APLICADOR SONIC/FLUENCE REV.02,,C,N,N,UN,4607,2,2,11,35,"211,4286",109,"21,67",0,23,,,,,,,,90189099,,0,000,,0,0,0,100,,,True,100,0,0,5102,6102,False,0,0,,False,0,,,,,False,,S,,0,0,999,,0,0,0,0,0,0,0,0,,,,,0,0,0,1,0,0,0,0,0,0,
389,13942,SUPORTE DO APLICADOR SONIC/FLUENCE REV.03,,C,N,N,UN,13942,0,0,13,"14,25","812,2807",130,"25,84",0,23,,,,,,,,90189099,,0,000,,0,0,0,100,,,True,100,0,0,5102,6102,False,0,0,,False,0,,,,,False,,S,,0,0,999,,0,0,0,0,0,0,0,0,,,,,0,0,0,1,0,0,0,0,0,0,
390,3070,SUPORTE DO COPO DE ALUMINIO - APLICADOR VIBRIA_HIBRIDI,,C,N,N,UN,3070,4,4,30,25,80,45,"8,95",0,23,,,,,,,,90229091,,0,000,,0,0,0,100,,,True,100,0,0,5102,6102,False,0,0,,False,0,,,,,False,,S,,0,0,999,,0,0,0,0,0,0,0,0,,,,,0,0,0,1,0,0,0,0,0,0,
391,2954,SUPORTE DO MOTOR - VIBROCELL,,C,N,N,UN,MP2954,1,1,9,52,"246,15",180,"35,79",0,23,,,,,,,,40069000,,0,000,,0,0,0,100,,12/06/2026,True,100,0,0,5102,6102,False,0,0,,False,0,,,,,False,,S,,0,0,999,,0,0,0,0,0,0,0,0,,,,,0,0,0,1,0,0,0,0,0,0,
392,8200,SUPORTE METALICO HASTE LAMPADA MANOPLA PLASMA,,C,N,N,UN,SUMET08200,0,0,5,"0,42",-100,0,0,0,23,,,,,,,,84819090,,0,000,,0,0,0,100,,,True,100,0,0,5102,6102,False,0,0,,False,0,,,,,False,,S,,0,0,999,,0,0,0,0,0,0,0,0,,,,,0,0,0,1,0,0,0,0,0,0,
393,3029040,SUPORTE PLASTICO PARA TRANSDUTOR,,C,N,N,UN,3029040,2,2,10,"15,8","374,6835",75,"14,91",0,23,,,,,,,,90189099,,0,101,0,0,0,0,100,,,True,100,0,0,5102,6102,False,75,75,,False,"33,45",,,99|99|00,,False,,S,,0,0,999,0,0,0,0,0,0,0,0,0,,,,,0,0,000,000001,0,0,0,0,0,0,
394,379,SUPORTE PLASTICO PARA TRANSDUTOR                                                 NS: 0000000241,,C,N,N,UN,3029040,0,0,16,"15,8",-100,0,0,0,23,,,,,,,,39269090,,0,000,,0,0,0,100,,,True,100,0,0,5102,6102,False,0,0,,False,0,,,,,False,,S,,0,0,999,,0,0,0,0,0,0,0,0,,,,,0,0,0,1,0,0,0,0,0,0,
395,2071185,TAMPA COM COPO PARA CABECOTE HECCUS COM NTC                                      NS: 1493071001,,C,N,N,UN,2071185,0,0,3,"359,98",-100,0,0,0,23,,,,,,,,90330000,,0,000,,0,0,0,100,25/05/2026,,True,100,0,0,5102,6102,False,0,0,,False,0,,,,,False,,S,,0,0,999,,0,0,0,0,0,0,0,0,,,,,0,0,0,1,0,0,0,0,0,0,
396,2039165,TAMPA DIAMOND LINE - ROXA                                                        NS: 1453131001,,C,N,N,UN,2039165,0,0,2,"38,63","585,9953",265,"52,68",0,4,,,"01001003 - LASERPULSE 
01002002 - NEURODYN COM 10 CANAIS 
01002006 - NEURODYN EVOLUTION 
01002026 - NEURODYN ESTHETIC 
01004003 - SONOPULSE 1MHZ E 3MHZ ",IBRAMED ,,,C:\SHARMAQ\SHOficina\Fotos\Item_000002039165.jpg,39269090,,0,101,0,0,0,0,100,,,True,100,0,0,5102,6102,False,265,265,,False,"33,45",,,99|99|00,,False,,S,,0,0,999,0,0,0,0,0,0,0,0,0,,,,,0,0,000,000001,0,0,0,0,0,0,
397,51,TAMPA GABINETE MEGA - TRIATHERM,,C,N,N,UN,51,0,0,1,"177,8","175,5906",490,"97,42",0,23,,,,,,,,39269090,,0,000,,0,0,0,100,,,True,100,0,0,5102,6102,False,0,0,,False,0,,,,,False,,S,,0,0,999,,0,0,0,0,0,0,0,0,,,,,0,0,0,1,0,0,0,0,0,0,
398,3029085,TAMPA GABINETE SAFIRA V2.0,,C,N,N,UN,3029085,2,2,8,110,"109,0909",230,"45,73",0,23,,,,,,,,39269090,,0,000,,0,0,0,100,,,True,100,0,0,5102,6102,False,0,0,,False,0,,,,,False,,S,,0,0,999,,0,0,0,0,0,0,0,0,,,,,0,0,0,1,0,0,0,0,0,0,
399,602,TAMPA INJETADA LATERAL DIREITA CABECOTE VELOX,,C,N,N,UN,TPINJ006.02,1,1,11,"20,11","372,4018",95,"18,89",0,23,,,,,,,,90189099,,0,000,,0,0,0,100,,,True,100,0,0,5102,6102,False,0,0,,False,0,,,,,False,,S,,0,0,999,,0,0,0,0,0,0,0,0,,,,,0,0,0,1,0,0,0,0,0,0,
400,502,TAMPA INJETADA LATERAL ESQUERDA CABECOTE VELOX,,C,N,N,UN,TPINJ005.02,1,1,11,"20,11","372,4018",95,"18,89",0,23,,,,,,,,90189099,,0,000,,0,0,0,100,,,True,100,0,0,5102,6102,False,0,0,,False,0,,,,,False,,S,,0,0,999,,0,0,0,0,0,0,0,0,,,,,0,0,0,1,0,0,0,0,0,0,
401,315,TAMPA RUBI LINE,,C,N,N,UN,2039168,0,0,1,"35,2","553,125","229,9","45,71",0,4,,,"01002027 - NEURODYN 
01008002 - SONOPULSE II",IBRAMED ,,,C:\SHARMAQ\SHOFICINA\FOTOS\ITEM_000000000315.JPG,39269090,,0,101,0,0,0,0,100,,,True,100,0,0,5102,6102,False,"229,9","229,9",,False,"33,45",,,99|99|00,,False,,S,,0,0,999,0,0,0,0,0,0,0,0,0,,,,,0,0,000,000001,0,0,0,0,0,0,
402,3027176,TECLADO MEMBRANA HECCUS - VS. 02,,C,N,N,UN,3027176,2,2,7,"74,63","147,8896",185,"36,78",0,23,,,,,,,,39199090,,0,000,,0,0,0,100,25/05/2026,,True,100,0,0,5102,6102,False,0,0,,False,0,,,,,False,,S,,0,0,999,,0,0,0,0,0,0,0,0,,,,,0,0,0,1,0,0,0,0,0,0,
403,2826,TERMINAL FEMEA P/CONECTOR FEMEA AMP,,C,N,N,UN,2826,5,5,60,"2,65","213,2075","8,3","1,65",0,23,,,,,,,,85369090,,0,000,,0,0,0,100,,,True,100,0,0,5102,6102,False,0,0,,False,0,,,,,False,,S,,0,0,999,,0,0,0,0,0,0,0,0,,,,,0,0,0,1,0,0,0,0,0,0,
404,2110065,TFC - PLACA FONTE CHAVEADA 78V - 400W (VENDAS)                                   NS: 1235550008,,C,N,N,UN,2110065,0,0,3,"233,76",-100,0,0,0,23,,,,,,,,85389010,,0,000,,0,0,0,100,,,True,100,0,0,5102,6102,False,0,0,,False,0,,,,,False,,S,,0,0,999,,0,0,0,0,0,0,0,0,,,,,0,0,0,1,0,0,0,0,0,0,
405,2110070,TFC- PLACA DERMOSTEAM,,C,N,N,UN,2110070,2,2,3,295,"1,6949",300,"59,64",0,23,,,,,,,,90189099,,0,000,,0,0,0,100,11/06/2026,,True,100,0,0,5102,6102,False,0,0,,False,0,,,,,False,,S,,0,0,999,,0,0,0,0,0,0,0,0,,,,,0,0,0,1,0,0,0,0,0,0,
406,1101,TRAFO BOBINA MANOPLA PLASMA - ARTIS E MEDIC AZUL - DOMCOIL R01,,C,N,N,UN,TRBOB01101,0,0,2,"82,98",-100,0,0,0,23,,,,,,,,85045090,,0,000,,0,0,0,100,,,True,100,0,0,5102,6102,False,0,0,,False,0,,,,,False,,S,,0,0,999,,0,0,0,0,0,0,0,0,,,,,0,0,0,1,0,0,0,0,0,0,
407,80030143,TRAFO HV EPC19 15W,,C,N,N,UN,80030143,0,0,2,"48,84",-100,0,0,0,23,,,,,,,,85043119,,0,000,,0,0,0,100,,,True,100,0,0,5102,6102,False,0,0,,False,0,,,,,False,,S,,0,0,999,,0,0,0,0,0,0,0,0,,,,,0,0,0,1,0,0,0,0,0,0,
408,7596,TRANSDUTOR 1/3MHZ-38MM / VIBRIA MAXX - HIBRIDI,,C,N,N,UN,7596,3,3,2,"140,75","63,4103",230,"45,73",0,23,,,,,,,,85416010,,0,000,,0,0,0,100,,,True,100,0,0,5102,6102,False,0,0,,False,0,,,,,False,,S,,0,0,999,,0,0,0,0,0,0,0,0,,,,,0,0,0,1,0,0,0,0,0,0,
409,12797,TRANSDUTOR APLICADOR US BAIXA FREQUENCIA R02,,C,N,N,UN,12797,1,1,0,"471,07","69,6139",799,"158,85",0,23,,,,,,,,85416090,,0,000,,0,0,0,100,,,True,100,0,0,5102,6102,False,0,0,,False,0,,,,,False,,S,,0,0,999,,0,0,0,0,0,0,0,0,,,,,0,0,0,1,0,0,0,0,0,0,
410,3434,TRANSDUTOR FISIO HEAD MONOFREQUENCY 3 MHZ,,C,N,N,UN,3434,0,0,1,"162,67","65,9802",270,"53,68",0,23,,,,,,,,90189099,,0,000,,0,0,0,100,,,True,100,0,0,5102,6102,False,0,0,,False,0,,,,,False,,S,,0,0,999,,0,0,0,0,0,0,0,0,,,,,0,0,0,1,0,0,0,0,0,0,
411,1463950,TRANSDUTOR NARNIAH CORPORAL USINADO - ID DE MP 144056-0,,C,N,N,UN,1463950,0,0,0,"91,23","234,3198",305,"60,757",0,23,,,,,,,,85416090,,0,101,0,0,0,0,100,22/06/2026,,True,100,0,0,5102,6102,False,295,295,,False,"34,33",,,99|99|00,,False,,S,,0,0,999,0,0,0,0,0,0,0,0,0,,,,,0,0,000,000001,0,0,0,0,0,0,
412,1463969,TRANSDUTOR NARNIAH FACIAL USINADO - ID DE MP 144057-8,,C,N,N,UN,1463969,0,0,0,"208,86","143,7039",509,"101,3944",0,23,,,,,,,,85416090,,0,101,0,0,0,0,100,22/06/2026,,True,100,0,0,5102,6102,False,448,448,,False,"34,33",,,99|99|00,,False,,S,,0,0,999,0,0,0,0,0,0,0,0,0,,,,,0,0,000,000001,0,0,0,0,0,0,
413,3026157,TRANSDUTOR PEELING ULTRASONICO COM CONECTOR DB9                                  NS: 0000000034,,C,N,N,UN,3026157,0,0,2,"271,75","95,0322",530,"105,37",0,23,,,,,,,,39100090,,0,000,,0,0,0,100,,,True,100,0,0,5102,6102,False,0,0,,False,0,,,,,False,,S,,0,0,999,,0,0,0,0,0,0,0,0,,,,,0,0,0,1,0,0,0,0,0,0,
414,3682,TRANSFORMADOR FONTE BEAUTY STEAM REV.01,,C,N,N,UN,3682,0,0,10,"57,38",-100,0,0,0,23,,,,,,,,85043199,,0,000,,0,0,0,100,,,True,100,0,0,5102,6102,False,0,0,,False,0,,,,,False,,S,,0,0,999,,0,0,0,0,0,0,0,0,,,,,0,0,0,1,0,0,0,0,0,0,
415,5369,TRAVA DO SUPORTE APLICADOR FACIAL REV.02,,C,N,N,UN,5369,2,2,3,"9,8","82,6531","17,9","3,4757",0,20,,,,HTM,,,,90189099,,0,102,0,0,0,0,100,08/07/2026,,True,100,0,0,5102,6102,False,"17,9","17,9",,False,"33,45",,,99|99|00,,False,,S,,0,0,999,0,0,0,0,0,0,0,0,0,,,,,0,0,000,000001,0,0,0,0,0,0,
416,3065,TRAVA INTERNA- APLICADOR VIBRIA- HIBRIDI,,C,N,N,UN,3065,3,3,10,30,50,45,"8,95",0,23,,,,,,,,90189099,,0,000,,0,0,0,100,,,True,100,0,0,5102,6102,False,0,0,,False,0,,,,,False,,S,,0,0,999,,0,0,0,0,0,0,0,0,,,,,0,0,0,1,0,0,0,0,0,0,
417,1739,TUBO PVC ATOXICO CINZA - MANGUEIRA VIBROCELL,,C,N,N,UN,MP1739,0,0,8,95,300,380,"75,55",0,23,,,,,,,,39173900,,0,000,,0,0,0,100,06/07/2026,30/06/2026,True,100,0,0,5102,6102,False,380,380,,False,0,,,,,False,,S,,0,0,999,,0,0,0,0,0,0,0,0,,,,,0,0,0,1,0,0,0,0,0,0,
418,3022001,VALVULA 811A                                                                     NS: 0000030775,,C,N,N,UN,3022001,0,0,3,"446,45",-100,0,0,0,23,,,,,,,,85408910,,0,000,,0,0,0,100,,,True,100,0,0,5102,6102,False,0,0,,False,0,,,,,False,,S,,0,0,999,,0,0,0,0,0,0,0,0,,,,,0,0,0,1,0,0,0,0,0,0,
419,3645,VENTILADOR 40X40X10 12V HB,,C,N,N,UN,3645,2,2,1,"63,76","72,522",110,"21,87",0,23,,,,,,,,84145990,,0,000,,0,0,0,100,,,True,100,0,0,5102,6102,False,0,0,,False,0,,,,,False,,S,,0,0,999,,0,0,0,0,0,0,0,0,,,,,0,0,0,1,0,0,0,0,0,0,
420,218,VENTILADOR 60X60X10 12V HS,,C,N,N,UN,218,2,2,19,"42,05","137,81",100,"19,88",0,23,,,,,,,,84145990,,0,000,,0,0,0,100,26/06/2026,28/05/2026,True,100,0,0,5102,6102,False,0,0,,False,0,,,,,False,,S,,0,0,999,,0,0,0,0,0,0,0,0,,,,,0,0,0,1,0,0,0,0,0,0,
421,3025003,VENTOSA ROLETE 60MM                                                              NS: 0000000194,,C,N,N,UN,3025003,0,0,2,"72,22","121,4068","159,9","31,79",0,23,,,,,,,,90330000,,0,000,,0,0,0,100,,,True,100,0,0,5102,6102,False,0,0,,False,0,,,,,False,,S,,0,0,999,,0,0,0,0,0,0,0,0,,,,,0,0,0,1,0,0,0,0,0,0,
423,25002415,PCI MONTADA PCIK7W01R00 - PCI PAINEL NOVO US,,C,N,N,,25002415,0,0,-2,"910,71","64,7067",1500,"299,4012",1,7,,,,,,PCI MONTADA PCIK7W01R00 ,,85389010,,0,101,0,18,100,0,100,12/06/2026,,True,100,0,0,5102,6102,False,1500,1500,,False,"27,92",,,99|99|00,,False,,S,,0,0,999,0,0,0,0,0,0,0,0,0,,,,,0,0,0-1,1,0,0,0,0,0,0,
424,3027199,ADESIVO PAINEL NEURODYN,,C,N,N,,03027199,0,0,1,209,"81,8182",380,"75,6972",1,23,,,,,,ADESIVO PAINEL NEURODYN,C:\SHARMAQ\SHOficina\Fotos\Item_000003027199.jpg,39199090,,0,101,0,18,100,0,100,10/06/2026,,True,100,0,0,5102,6102,False,380,380,,False,"40,33",,,99|99|00,,False,,S,,0,0,999,0,0,0,0,0,0,0,0,0,,,,,0,0,0-1,1,0,0,0,0,0,0,
425,192,ADESIVO VIBROCELL,IDENTIFICAÇÃO VISUAL,C,N,N,,192,0,0,33,0,0,0,0,0,8,,,,SHOPLIBRE COMERCIAL LTDA,,,,39199090,,0,102,0,0,0,0,100,22/06/2026,,True,100,0,0,5102,6102,False,0,0,,False,"37,13",,,01|01|00,,False,,S,,0,0,999,0,0,0,0,0,0,0,0,0,,,,,0,0,000,000001,0,0,0,0,0,0,
426,194,ROLAMENTO,ESTRUTURA,C,N,N,,194,0,0,5,0,0,0,0,0,9,"
",,,CHINA,,,,90189099,,0,102,0,0,0,0,100,25/06/2026,,True,100,0,0,5102,6102,False,0,0,,False,"33,45",,,01|01|00,,False,,S,,0,0,999,0,0,0,0,0,0,0,0,0,,,,,0,0,000,000001,0,0,0,0,0,0,
458,21200021,ALCOOL ISOPROPILICO,,C,N,N,UN,21200021,0,0,36,"27,69",0,0,0,0,19,,,,,,ALCOOL ISOPROPILICO,,29051220,,0,00,,0,0,0,100,,27/05/2026,True,100,0,0,,,False,0,0,7898919608058,False,0,,,,,False,,S,,0,0,999,,0,0,18,"4,98",0,0,0,0,,,,,0,0,0,1,0,0,0,0,0,0,
429,3027862,ETIQUETA IDENTIFICAÇÃO PROBE,IDENTIFICAÇÃO,C,N,N,,3027862,0,0,1,0,0,0,0,0,23,"
",,,IBRAMED,,,,39219019,,0,102,,0,0,0,100,,,True,100,0,0,5102,6102,False,0,0,,False,0,,,0?|0?|0?,,False,,S,,0,0,999,,0,0,0,0,0,0,0,0,,,,,0,0,0,1,0,0,0,0,0,0,
430,10042,ETIQUETA BEAUTY STEAM MAXX,IDENTIFICAÇÃO,C,N,N,,10042,0,0,1,0,0,0,0,0,23,"
",,,HTM,,,,39219019,,0,102,,0,0,0,100,,,True,100,0,0,5102,6102,False,0,0,,False,0,,,0?|0?|0?,,False,,S,,0,0,999,,0,0,0,0,0,0,0,0,,,,,0,0,0,1,0,0,0,0,0,0,
431,10403,ADESIVO NUMERO SERIE APLICADOR ACRUS R01,IDENTIFICAÇÃO,C,N,N,,10403,0,0,2,0,0,0,0,0,23,"
",,,HTM,,,,39219019,,0,102,0,0,0,0,100,,,True,100,0,0,5102,6102,False,0,0,,False,"35,93",,,01|01|00,,False,,S,,0,0,999,0,0,0,0,0,0,0,0,0,,,,,0,0,000,000001,0,0,0,0,0,0,
432,3049123,CABO DO APLICADOR - FAMILIA ULTRASSOM/SONOPULSE - MONTADO,,C,N,N,,03049123,0,0,0,"31,5","598,4127",220,"43,8247",1,23,,,,,,CB ULTRASSOM/SONOPULSE,,85444200,,0,101,0,18,100,0,100,27/05/2026,,True,100,0,0,5102,6102,False,225,230,,False,"28,21",,,99|99|00,,False,,S,,0,0,999,0,0,0,0,0,0,0,0,0,,,,,0,0,0-1,1,0,0,0,0,0,0,
433,3017068,MANGUEIRA DE PROTEÇÃO,HIDRÁULICA,C,N,N,UN,3017068,5,5,2,0,0,0,0,0,23,,,,IBRAMED,,,,39173900,,0,102,,0,0,0,100,,,True,100,0,0,5102,6102,False,0,0,,False,0,,,0?|0?|0?,,False,,S,,0,0,999,,0,0,0,0,0,0,0,0,,,,,0,0,0,1,0,0,0,0,0,0,
434,2110730,CABO APLICADOR SONOFOCUS CORPORAL,CABOS E CHICOTES,C,N,N,UN,2110730,5,5,1,0,0,0,0,0,23,,,,IBRAMED,,,,90189099,,0,102,,0,0,0,100,,,True,100,0,0,5102,6102,False,0,0,,False,0,,,0?|0?|0?,,False,,S,,0,0,999,,0,0,0,0,0,0,0,0,,,,,0,0,0,1,0,0,0,0,0,0,
435,3038272,MANGUEIRA EM SILICONE,HIDRÁULICA,C,N,N,UN,3038272,5,5,2,0,0,0,0,0,23,,,,IBRAMED,,,,39173900,,0,102,,0,0,0,100,,,True,100,0,0,5102,6102,False,0,0,,False,0,,,0?|0?|0?,,False,,S,,0,0,999,,0,0,0,0,0,0,0,0,,,,,0,0,0,1,0,0,0,0,0,0,
436,3073169,CHICOTE CABO APLICADOR FACIAL,CABOS E CHICOTES,C,N,N,UN,3073169,5,5,1,0,0,0,0,0,23,,,,IBRAMED,,,,90189099,,0,102,,0,0,0,100,,,True,100,0,0,5102,6102,False,0,0,,False,0,,,0?|0?|0?,,False,,S,,0,0,999,,0,0,0,0,0,0,0,0,,,,,0,0,0,1,0,0,0,0,0,0,
438,25001429,CABO AVATAR,CABOS E CHICOTES,C,N,N,UN,25001429,5,5,2,0,0,0,0,0,23,,,,KLD,,,,85444200,,0,102,,0,0,0,100,,,True,100,0,0,5102,6102,False,0,0,,False,0,,,0?|0?|0?,,False,,S,,0,0,999,,0,0,0,0,0,0,0,0,,,,,0,0,0,1,0,0,0,0,0,0,
439,80018371,SUPORTE ESQUERDO APLICADOR KAVYS,ESTRUTURA,C,N,N,UN,80018371,5,5,0,0,0,0,0,0,23,,,,KLD,,,,90189099,,0,102,,0,0,0,100,,,True,100,0,0,5102,6102,False,0,0,,False,0,,,0?|0?|0?,,False,,S,,0,0,999,,0,0,0,0,0,0,0,0,,,,,0,0,0,1,0,0,0,0,0,0,
440,3027057,ADESIVO PAINEL SONOPULSE II,IDENTIFICAÇÃO VISUAL,C,N,N,UN,3027057,5,5,4,0,0,0,0,0,23,,,,IBRAMED,,,,39199090,,0,102,,0,0,0,100,,,True,100,0,0,5102,6102,False,0,0,,False,0,,,0?|0?|0?,,False,,S,,0,0,999,,0,0,0,0,0,0,0,0,,,,,0,0,0,1,0,0,0,0,0,0,
451,3017011,"CABO PONTA DE PROVA EXTRA-FLEXIVEL 0,30MM2 - PRETO                               Ns: 0000000030",,C,N,N,MT,03017011,0,0,1,"2,72",0,0,0,0,4,,,,,,CB PONTA PROVA EXTRA-FLEX,,85369040,,0,10,,0,0,0,100,,15/05/2026,True,100,0,0,,,False,0,0,,False,0,,,,,False,,S,,0,0,999,,"3,71","0,25",18,"0,42",0,0,0,0,,,,,0,0,0,1,0,0,0,0,0,0,
441,12252,ADESIVO ESP TEC CLUSTER LED VERMELHO,IDENTIFICAÇÃO VISUAL,C,N,N,UN,12252,5,5,1,0,0,0,0,0,23,,,,IBRAMED,,,,39199090,,0,102,,0,0,0,100,,,True,100,0,0,5102,6102,False,0,0,,False,0,,,0?|0?|0?,,False,,S,,0,0,999,,0,0,0,0,0,0,0,0,,,,,0,0,0,1,0,0,0,0,0,0,
442,9661,ADESIVO BEAUTY SHAPE DUO,IDENTIFICAÇÃO VISUAL,C,N,N,UN,9661,5,5,1,0,0,0,0,0,23,,,,HTM,,,,39199090,,0,102,,0,0,0,100,,,True,100,0,0,5102,6102,False,0,0,,False,0,,,0?|0?|0?,,False,,S,,0,0,999,,0,0,0,0,0,0,0,0,,,,,0,0,0,1,0,0,0,0,0,0,
443,268,CABO MANGA COM PLUGUE INJETADO CANETA LASER 904 VET,,C,N,N,UN,000268,0,0,4,"31,91","1372,8925",470,"90,9091",0,20,,,,,,CB MANGA COM PLUGUE INJET,,90189099,,0,101,0,0,0,0,100,,18/05/2026,True,100,0,0,5102,6102,False,470,470,,False,"33,45",,,99|99|00,,False,,S,,0,0,999,0,0,0,18,"5,74",0,0,0,0,,,,,0,0,000,000001,0,0,0,0,0,0,
444,444,MANGUEIRA DE PROTECAO 12MM EM SILICONE CINZA                                     Ns: 0000000067,,C,N,N,MT,03017068,0,0,2,"27,88",0,0,0,0,4,,,,,,MANGUEIRA PROTECAO 12MM E,,39173240,,0,00,,0,0,0,100,,15/05/2026,True,100,0,0,,,False,0,0,,False,0,,,,,False,,S,,0,0,999,,0,0,18,"4,86",0,0,0,0,,,,,0,0,0,1,0,0,0,0,0,0,
445,3038087,MANGUEIRA EM SILICONE CINZA - 12 MM X 6 MM                                       Ns: 0000000101,,C,N,N,MT,03038087,0,0,2,"21,95",0,0,0,0,4,,,,,,MANGUEIRA EM SILICONE CIN,,39269090,,0,00,,0,0,0,100,,15/05/2026,True,100,0,0,,,False,0,0,,False,0,,,,,False,,S,,0,0,999,,0,0,18,"3,6",0,0,0,0,,,,,0,0,0,1,0,0,0,0,0,0,
467,3026026,ELETRODO CONDUTIVO DE BORRACHA 5CM X 7CM,,C,N,N,,03026026,0,5,12,0,0,0,0,1,23,,,,,,ELETRODO CONDUTIVO BORRAC,,,,0,101,0,18,100,0,100,,,True,100,0,0,5102,6102,False,0,0,,False,0,,,99|99|00,,False,,S,,0,0,999,,0,0,0,0,0,0,0,0,,,,,0,0,0-1,1,0,0,0,0,0,0,
468,3024211,TRANSFORMADOR GNO5/8 P/DERM. 110V,,C,N,N,,03024211,0,0,5,"63,6","183,0189",180,"35,6436",1,4,,,,,,TRANSFORMADOR DERMOSTEAM,,85043119,,0,101,0,18,100,0,100,,,True,100,0,0,5102,6102,False,180,180,,False,"28,01",,,99|99|00,,False,,S,,0,0,999,0,0,0,0,0,0,0,0,0,,,,,0,0,0-1,1,0,0,0,0,0,0,
469,6184,ADESIVO STIMULUS FACE MAXX REV.01,,C,N,N,,006184,0,0,2,35,"557,1429",230,"45,5446",1,2,,,,,,ADESIVO STIMULUS FACE MXX,,39199090,,0,101,0,18,100,0,100,01/06/2026,,True,100,0,0,5102,6102,False,230,230,,False,"40,33",,,99|99|00,,False,,S,,0,0,999,0,0,0,0,0,0,0,0,0,,,,,0,0,0-1,1,0,0,0,0,0,0,
470,10083,CABO MULTIVIAS APLICADOR CORPORAL ULTRAFOCUS,,C,N,N,UN,010083,0,0,3,"182,97",0,0,0,0,2,,,,,,CB MULTIVIAS APLICADOR CO,,85444200,,0,00,,0,0,0,100,12/06/2026,01/06/2026,True,100,0,0,,,False,0,0,,False,0,,,,,False,,S,,0,0,999,,0,0,18,"31,42",0,0,0,0,,,,,0,0,0,1,0,0,0,0,0,0,
471,4430,INDUTOR 330UH 3A,,C,N,N,UN,004430,0,0,10,"6,62",0,0,0,0,2,,,,,,INDUTOR 330UH 3A,,85045090,,2,00,,0,0,0,100,,01/06/2026,True,100,0,0,,,False,0,0,,False,0,,,,,False,,S,,0,0,999,,0,0,18,"1,19",0,0,0,0,,,,,0,0,0,1,0,0,0,0,0,0,
482,4122,"MANGUEIRA DE SILICONE 5,0 X 9,0 004455",,C,N,N,MT,04122,0,0,3,"30,43",0,0,0,0,41,,,,,,"MANGUEIRA SILICONE 5,0 X ",,39100021,,0,00,,0,0,0,100,,09/06/2026,True,100,0,0,,,False,0,0,2019005041220,False,0,,,,,False,,S,,0,0,999,,0,0,18,"5,48",0,0,0,0,,,,,0,0,0,1,0,0,0,0,0,0,
483,10750,"MANGUEIRA DE SILICONE 9,0X14,0 208",,C,N,N,MT,10750,0,0,"0,5","37,44",0,0,0,0,41,,,,,,"MANGUEIRA SILICONE 9,0X14",,39100021,,0,00,,0,0,0,100,,09/06/2026,True,100,0,0,,,False,0,0,1000000107500,False,0,,,,,False,,S,,0,0,999,,0,0,18,"6,74",0,0,0,0,,,,,0,0,0,1,0,0,0,0,0,0,
484,484,VALVULA 1 VIA LAVBRAST CONVENCIONAL,,C,N,N,,97627510000,0,5,4,0,0,0,0,1,23,,,,,,VALVULA 1 VIA LAVBRAST CO,,,,0,101,0,18,100,0,100,,,True,100,0,0,,,False,0,0,,False,0,,,99|99|00,,False,,S,,0,0,999,,0,0,0,0,0,0,0,0,,,,,0,0,0-1,1,0,0,0,0,0,0,
485,10041,ETIQUETA BEAUTY STEAM,,C,N,N,,10041,0,2,1,0,0,0,0,1,23,,,,HTM,,ETIQUETA BEAUTY STEAM,,,,0,101,0,18,100,0,100,,,True,100,0,0,,,False,0,0,,False,0,,,99|99|00,,False,,S,,0,0,999,,0,0,0,0,0,0,0,0,,,,,0,0,0-1,1,0,0,0,0,0,0,
486,3025050,CORPO DO FILTRO,,C,N,N,,03025050,0,5,3,0,0,0,0,1,23,,,,,,CORPO DO FILTRO,,,,0,101,0,18,100,0,100,,,True,100,0,0,,,False,0,0,,False,0,,,99|99|00,,False,,S,,0,0,999,,0,0,0,0,0,0,0,0,,,,,0,0,0-1,1,0,0,0,0,0,0,
487,2039261,"PLACA FONTE 10,5V / 5A",,C,N,N,,02039261,0,3,1,"64,8",-100,0,0,1,23,,,,IBRAMED ,,"PLACA FONTE 10,5V / 5A",,,,0,101,0,18,100,0,100,,,True,100,0,0,,,False,0,0,,False,0,,,99|99|00,,False,,S,,0,0,999,,0,0,0,0,0,0,0,0,,,,,0,0,0-1,1,0,0,0,0,0,0,
488,2039492,PLACA FONTE CHAVEADA 78V - 400W,,C,N,N,,02039492,0,0,1,168,-100,0,0,1,23,,,,,,PL FONTE CHAVEADA 78V-400,,,,0,101,0,18,100,0,100,,,True,100,0,0,,,False,0,0,,False,0,,,99|99|00,,False,,S,,0,0,999,,0,0,0,0,0,0,0,0,,,,,0,0,0-1,1,0,0,0,0,0,0,
489,2039614,PLACA FONTE CHAVEADA 45V / 300W,,C,N,N,,02039614,0,0,1,"279,2",-100,0,0,1,23,,,,IBRAMED ,,PL FONTE CHAVEADA 45V/300,,,,0,101,0,18,100,0,100,,,True,100,0,0,,,False,0,0,,False,0,,,99|99|00,,False,,S,,0,0,999,,0,0,0,0,0,0,0,0,,,,,0,0,0-1,0,0,0,0,0,0,0,
490,2039575,PLACA FONTE 90V/300W,,C,N,N,,02039575,0,3,1,"465,02",-100,0,0,1,23,,,,IBRAMED ,,PLACA FONTE 90V/300W,,,,0,101,0,18,100,0,100,,,True,100,0,0,,,False,0,0,,False,0,,,99|99|00,,False,,S,,0,0,999,,0,0,0,0,0,0,0,0,,,,,0,0,0-1,0,0,0,0,0,0,0,
492,3032152,PLACA CONTROLE SMD PCI  CAU010101 - MONTADA                                      Ns: 0225055788,,C,N,N,UN,03032152,0,0,1,330,0,0,0,0,4,,,,,,PL CTRL SMD PCI CAU010101,,85389010,,0,10,,0,0,0,100,,10/06/2026,True,100,0,0,,,False,0,0,,False,0,,,,,False,,S,,0,0,999,,"463,17","34,99",18,"48,38",0,0,0,0,,,,,0,0,0,0,0,0,0,0,0,0,
493,2071671,PLACA FONTE CHAVEADA 12V / 12W                                                   NS: 1523270180,,C,N,N,UN,02071671,0,0,5,"96,24",0,0,0,0,4,,,,IBRAMED,,PL FONTE CHAVEADA 12V/12W,,85389010,,0,101,0,0,0,0,100,,10/06/2026,True,100,0,0,5102,6102,False,0,0,,False,"35,96",,,99|99|00,,False,,S,,0,0,999,0,"135,1","10,21",18,"14,11",0,0,0,0,,,,,0,0,0-1,,0,0,0,0,0,0,
506,2071704,PLACA FONTE CHAVEADA 12V - 90W,,C,N,N,,02071704,0,0,0,"294,9","120,4137",650,"127,9528",1,35,,,"01006010 - DERMOTONUS ESTHETIC
01072003 - CRYOTECAR",IBRAMED,,PL FONTE CHAVEADA 12V-90W,,85389010,,0,101,0,18,100,0,100,,,True,100,0,0,5102,6102,False,670,690,,False,"35,96",,,99|99|00,,False,,S,,0,0,999,0,0,0,0,0,0,0,0,0,,,,,0,0,0-1,0,0,0,0,0,0,0,
472,12122,TRANSISTOR SMD MOSFET CANAL N AOD2544,,C,N,N,UN,012122,0,0,20,"9,21",0,0,0,0,2,,,,,,TRANSISTOR SMD MOSFET CAN,,85412199,,2,00,,0,0,0,100,,01/06/2026,True,100,0,0,,,False,0,0,,False,0,,,,,False,,S,,0,0,999,,0,0,18,"1,64",0,0,0,0,,,,,0,0,0,1,0,0,0,0,0,0,
473,473,COPO LF MINI TRANSPARENTE,,C,N,N,,03038025,0,5,8,0,0,0,0,1,23,,,,IBRAMED,,COPO LF MINI TRANSPARENTE,,,,0,101,0,18,100,0,100,,,True,100,0,0,,,False,0,0,,False,0,,,99|99|00,,False,,S,,0,0,999,,0,0,0,0,0,0,0,0,,,,,0,0,0-1,1,0,0,0,0,0,0,
474,474,GARRAFA PLÁSTICA 450 ML,,C,N,N,,010249,0,0,8,10,-100,0,0,1,23,,,,,,GARRAFA PLÁSTICA 450 ML,,,,0,101,0,18,100,0,100,,08/06/2026,True,100,0,0,,,False,0,0,,False,0,,,99|99|00,,False,,S,,0,0,999,,0,0,0,0,0,0,0,0,,,,,0,0,0-1,1,0,0,0,0,0,0,
475,11400,CABO MANOPLA LUMMER/OXYLUMEN,,C,N,N,,ACBLI114.00,0,5,0,175,"42,8571",250,"48,64",1,3,,,"LUMMER 
OXYLUMEN ",TONEDERM,,CABO MANOPLA LUMMER,,85444200,,0,101,0,18,100,0,100,23/06/2026,,True,100,0,0,5102,6102,False,250,250,,False,"34,78",,,99|99|00,,False,,S,,0,0,999,0,0,0,0,0,0,0,0,0,,,,,0,0,0-1,1,0,0,0,0,0,0,
476,476,ACESSORIO BLISTER FILTRO M5 X 15MM,,C,N,N,,ACBLI001.00,0,5,1,0,0,0,0,1,23,,,,,,ACESSORIO BLISTER FILTRO ,,,,0,101,0,18,100,0,100,,,True,100,0,0,,,False,0,0,,False,0,,,99|99|00,,False,,S,,0,0,999,,0,0,0,0,0,0,0,0,,,,,0,0,0-1,1,0,0,0,0,0,0,
477,3015139,MODULO DE ENTRADA AC - 3545 -T1B02AE,,C,N,N,,03015139,0,0,1,"30,5","490,1639",180,"35,8566",1,4,,,,IBRAMED ,,MODULO ENTRADA ,,85366990,,0,101,0,18,100,0,100,08/06/2026,,True,100,0,0,5102,6102,False,180,180,,False,"35,93",,,99|99|00,,False,,S,,0,0,999,0,0,0,0,0,0,0,0,0,,,,,0,0,0-1,1,0,0,0,0,0,0,
478,478,PEGADOR INJETADO CONCENTRICA - INTIMA BRANCO,,C,N,N,,1441167,0,5,3,0,0,0,0,1,23,,,,,,PEGADOR INJETADO CONCENTR,,,,0,101,0,18,100,0,100,,,True,100,0,0,,,False,0,0,,False,0,,,99|99|00,,False,,S,,0,0,999,,0,0,0,0,0,0,0,0,,,,,0,0,0-1,1,0,0,0,0,0,0,
479,479,"PLACA HANDLE CRIUSCULPT RESINADA R2 
NCM 90189099.",,C,N,N,,011830,0,3,1,0,0,0,0,1,23,,,,,,PL HANDLE CRIUSCULPT RESI,,,,0,101,0,18,100,0,100,,,True,100,0,0,,,False,0,0,,False,0,,,99|99|00,,False,,S,,0,0,999,,0,0,0,0,0,0,0,0,,,,,0,0,0-1,1,0,0,0,0,0,0,
480,480,ADESIVO FLUENCE MAXX R02,,C,N,N,,008119,0,5,7,0,0,0,0,1,23,,,,HTM,,ADESIVO FLUENCE MAXX R02,,,,0,101,0,18,100,0,100,,,True,100,0,0,,,False,0,0,,False,0,,,99|99|00,,False,,S,,0,0,999,,0,0,0,0,0,0,0,0,,,,,0,0,0-1,1,0,0,0,0,0,0,
494,3015075,PINO BANANA PV 1061 - PRETO                                                      Ns: 0000000066,,C,N,N,UN,03015075,0,0,97,"5,51",0,0,0,0,4,,,,,,PINO BANANA PV 1061-PT   ,,85366990,,0,10,,0,0,0,100,25/06/2026,10/06/2026,True,100,0,0,,,False,0,0,,False,0,,,,,False,,S,,0,0,999,,"7,47","0,53",18,"0,82",0,0,0,0,,,,,0,0,0,0,0,0,0,0,0,0,
495,441,PAD DA AXCEL,,C,N,N,UN,441,0,0,3,56,"185,5357","159,9","30,8092",0,42,,,,FISMATEK,,PAD DA AXCEL,,90189099,,0,101,0,0,0,0,100,13/07/2026,16/06/2026,True,100,0,0,5102,6102,False,"159,9","159,9",,False,"33,45",,,99|99|00,,False,,S,,0,0,999,0,0,0,18,"10,08",0,0,0,0,,,,,0,0,,,0,0,0,0,0,0,
496,2039238,PLACA CONTROLE SONOPULSE II,,C,N,N,,02039238,0,0,1,0,0,0,0,1,23,,,,,,PLACA CTRL SONOPULSE II,,,,0,101,0,18,100,0,100,,,True,100,0,0,,,False,0,0,,False,0,,,99|99|00,,False,,S,,0,0,999,,0,0,0,0,0,0,0,0,,,,,0,0,0-1,0,0,0,0,0,0,0,
497,2039438,PLACA CONTROLE SONOPULSE COMPACT 3MHZ,,C,N,N,,02039438,0,3,1,"399,2",-100,0,0,1,23,,,,IBRAMED ,,PL CTRL SONOPULSE COMPACT,,,,0,101,0,18,100,0,100,,,True,100,0,0,,,False,0,0,,False,0,,,99|99|00,,False,,S,,0,0,999,,0,0,0,0,0,0,0,0,,,,,0,0,0-1,0,0,0,0,0,0,0,
498,25002076,ANEL VEDACAO BICO CRIOFREQUENCIA,,C,N,N,UN,25002076,0,0,10,"4,2",0,0,0,0,10,,,,,,ANEL VEDACAO BICO CRIOFRE,,90330000,,0,00,,0,0,0,100,,12/06/2026,True,100,0,0,,,False,0,0,,False,0,,,,,False,,S,,0,0,999,,0,0,18,"0,76",0,0,0,0,,,,,0,0,0,0,0,0,0,0,0,0,
499,25001737,BICO INOX GAB CRIOFREQUENCIA,,C,N,N,UN,25001737,0,0,4,64,0,0,0,0,10,,,,,,BICO INOX GAB CRIOFREQUEN,,39259090,,0,00,,0,0,0,100,,12/06/2026,True,100,0,0,,,False,0,0,,False,0,,,,,False,,S,,0,0,999,,0,0,18,"11,52",0,0,0,0,,,,,0,0,0,0,0,0,0,0,0,0,
500,25001911,CABO DISPERSIVO HERTIX 2018,,C,N,N,UN,25001911,0,0,1,"90,01","77,6469","159,9","31,7262",0,10,,,,KLD,,CB DISPERSIVO HERTIX 2018,,85444900,,0,101,0,0,0,0,100,18/06/2026,12/06/2026,True,100,0,0,5102,6102,False,"159,9","159,9",,False,"34,33",,,99|99|00,,False,,S,,0,0,999,0,"118,82","6,33",18,"15,06",0,0,0,0,,,,,0,0,,,0,0,0,0,0,0,
517,7390,PLACA DRIVER LASER CLUSTER FLUENCE R1,,C,N,N,UN,007390,0,0,4,12,0,0,0,0,2,,,,,,PL DRVR LASER CLUSTER FLU,,90189099,,0,00,,0,0,0,100,,19/06/2026,True,100,0,0,,,False,0,0,,False,0,,,,,False,,S,,0,0,999,,0,0,18,"2,07",0,0,0,0,,,,,0,0,0,0,0,0,0,0,0,0,
519,2110037,PLACA CONTROLE CRYOTECAR PCI,,C,N,N,,02110037,0,5,1,184,"39,6739",257,"49,3282",1,23,,,,IBRAMED,,PLACA CTRL CRYOTECAR PCI,,,,0,101,0,18,100,0,100,,,True,100,0,0,,,False,257,257,,False,0,,,99|99|00,,False,,S,,0,0,999,,0,0,0,0,0,0,0,0,,,,,0,0,0-1,0,0,0,0,0,0,0,
520,38,CANETA DISCO PARA MICROCORRENTES,,C,N,N,,ACBLI038.00,0,3,3,148,"39,8649",207,"39,73",1,23,,,,TONEDERM,,,,,,0,101,0,18,100,0,100,,,True,100,0,0,,,False,207,207,,False,0,,,99|99|00,,False,,S,,0,0,999,,0,0,0,0,0,0,0,0,,,,,0,0,0-1,0,0,0,0,0,0,0,
521,30906004,CANETA GANCHO BL,,C,N,N,,30906004,0,3,3,67,"34,3284",90,"17,2745",1,23,,,,TONEDERM,,CANETA GANCHO BL,,,,0,101,0,18,100,0,100,,,True,100,0,0,,,False,90,90,,False,0,,,99|99|00,,False,,S,,0,0,999,,0,0,0,0,0,0,0,0,,,,,0,0,0-1,0,0,0,0,0,0,0,
522,30906056,ELETRODO MD 35MM,,C,N,N,,30906056,0,3,1,315,40,441,"84,6449",1,23,,,,TONEDERM,,ELETRODO MD 35MM,,,,0,101,0,18,100,0,100,,,True,100,0,0,,,False,441,441,,False,0,,,99|99|00,,False,,S,,0,0,999,,0,0,0,0,0,0,0,0,,,,,0,0,0-1,0,0,0,0,0,0,0,
523,30906001,ADAPTADOR UNIVERSAL KIT DIAMOND,,C,N,N,,30906001,0,3,1,39,"41,0256",55,"10,5566",1,23,,,,TONEDERM,,ADAPTADOR UNIVERSAL KIT D,,,,0,101,0,18,100,0,100,,,True,100,0,0,,,False,55,55,,False,0,,,99|99|00,,False,,S,,0,0,999,,0,0,0,0,0,0,0,0,,,,,0,0,0-1,0,0,0,0,0,0,0,
530,530,ELETRODO HD 10MM AC,,C,N,N,,30906051,0,3,1,0,0,0,0,1,23,,,,,,ELETRODO HD 10MM,,,,0,101,0,18,100,0,100,,,True,100,0,0,,,False,0,0,,False,0,,,99|99|00,,False,,S,,0,0,999,,0,0,0,0,0,0,0,0,,,,,0,0,0-1,0,0,0,0,0,0,0,
531,531,ELETRODO HD 10MM NAC,,C,N,N,,30906052,0,3,1,0,0,0,0,1,23,,,,,,ELETRODO HD 10MM NAC,,,,0,101,0,18,100,0,100,,,True,100,0,0,,,False,0,0,,False,0,,,99|99|00,,False,,S,,0,0,999,,0,0,0,0,0,0,0,0,,,,,0,0,0-1,0,0,0,0,0,0,0,
532,10242,SUPORTE METALICO DOS APLICADORES BS DUO DIREITO REV.03,,C,N,N,,010242,0,3,1,0,0,0,0,1,23,,,,HTM,,SUPORTE METALICO APLICADO,,,,0,101,0,18,100,0,100,,,True,100,0,0,,,False,0,0,,False,0,,,99|99|00,,False,,S,,0,0,999,,0,0,0,0,0,0,0,0,,,,,0,0,0-1,0,0,0,0,0,0,0,
533,7967,BRACO BEAUTY STEAM R02.,,C,N,N,,007967,0,5,7,0,0,0,0,1,23,,,,HTM,,BRACO BEAUTY STEAM R02.,,,,0,101,0,18,100,0,100,,,True,100,0,0,,,False,0,0,,False,0,,,99|99|00,,False,,S,,0,0,999,,0,0,0,0,0,0,0,0,,,,,0,0,0-1,0,0,0,0,0,0,0,
534,25002042,PROBE 950,,C,N,N,,25002042,0,5,5,0,0,0,0,1,23,,,,KLD,,PROBE 950,,,,0,101,0,18,100,0,100,,,True,100,0,0,,,False,0,0,,False,0,,,99|99|00,,False,,S,,0,0,999,,0,0,0,0,0,0,0,0,,,,,0,0,0-1,0,0,0,0,0,0,0,
535,25002044,PROBE 2750,,C,N,N,,25002044,0,5,11,0,0,0,0,1,23,,,,KLD,,PROBE 2750,,,,0,101,0,18,100,0,100,,,True,100,0,0,,,False,0,0,,False,0,,,99|99|00,,False,,S,,0,0,999,,0,0,0,0,0,0,0,0,,,,,0,0,0-1,0,0,0,0,0,0,0,
536,7568,CABO COM PLUG INJETADO HTM P/ MASCARA LED FACIAL R01,,C,N,N,,007568,0,3,1,62,"40,3226",87,"16,763",1,23,,,,HTM,,CB COM PLUG INJETADO HTM ,,,,0,101,0,18,100,0,100,,,True,100,0,0,,,False,87,87,,False,0,,,99|99|00,,False,,S,,0,0,999,,0,0,0,0,0,0,0,0,,,,,0,0,0-1,0,0,0,0,0,0,0,
501,4287,PARTE DIREITA APLICADOR FILTRO INTERCAMBIAVEL (IMP),,C,N,N,UN,004287,0,0,2,"105,16",0,0,0,0,2,,,,,,PARTE DIREITA APLICADOR F,,39269090,,2,00,,0,0,0,100,,15/06/2026,True,100,0,0,,,False,0,0,,False,0,,,,,False,,S,,0,0,999,,0,0,18,"17,39",0,0,0,0,,,,,0,0,0,0,0,0,0,0,0,0,
502,4379,PARTE ESQUERDA APLICADOR FILTRO INTERCAMBIAVEL (IMP),,C,N,N,UN,004379,0,0,2,"105,15",0,0,0,0,2,,,,,,PARTE ESQUERDA APLICADOR ,,39269090,,2,00,,0,0,0,100,,15/06/2026,True,100,0,0,,,False,0,0,,False,0,,,,,False,,S,,0,0,999,,0,0,18,"17,39",0,0,0,0,,,,,0,0,0,0,0,0,0,0,0,0,
503,10783,PRENSA CABO APLICADOR LIGHT PULSE,,C,N,N,UN,010783,0,0,2,"27,31",0,0,0,0,2,,,,,,PRENSA CB APLICADOR LIGHT,,85444900,,2,00,,0,0,0,100,,15/06/2026,True,100,0,0,,,False,0,0,,False,0,,,,,False,,S,,0,0,999,,0,0,18,"4,92",0,0,0,0,,,,,0,0,0,0,0,0,0,0,0,0,
504,8674,PLACA HIBRIDI (2021) R5,,C,N,N,,008674,0,0,1,"1758,77","81,9453",3200,"634,9206",1,2,,,,HTM,,PLACA HIBRIDI (2021) R5,,90189099,,0,101,0,18,100,0,100,,,True,100,0,0,5102,6102,False,3200,3200,,False,"33,45",,,99|99|00,,False,,S,,0,0,999,0,0,0,0,0,0,0,0,0,,,,,0,0,0-1,0,0,0,0,0,0,0,
505,319,FILTRO HAKON,FILTRAGEM,C,N,N,UN,319,5,5,3,570,"52,6316",870,"172,62",0,23,,,,,ÁGUA/AR,,,84212100,,,,,0,0,0,100,,,True,100,0,0,5102,6102,False,0,0,,False,0,,,,,False,,S,,0,0,999,,0,0,0,0,0,0,0,0,,,,,0,0,0,0,0,0,0,0,0,0,
510,1901,"ELETRODO USINADO ESFERICO 8,3MM PRATA R01",,C,N,N,UN,ELUSI01901,0,0,8,"135,97","76,436","239,9","46,4023",0,3,,,,,,ELETRODO USINADO ESFERICO,,76169900,,0,101,0,0,0,0,100,,29/06/2026,True,100,0,0,5102,6102,False,0,0,,False,"34,78",,,99|99|00,,False,,S,,0,0,999,0,0,0,12,"16,32",0,0,0,0,,,,,0,0,0-1,,0,0,0,0,0,0,
524,30906015,ADESIVO FACIAL,,C,N,N,,30906015,0,0,200,64,"40,625",90,"17,2745",1,23,,,,TONEDERM,,ADESIVO FACIAL,,,,0,101,0,18,100,0,100,,,True,100,0,0,,,False,90,90,,False,0,,,99|99|00,,False,,S,,0,0,999,,0,0,0,0,0,0,0,0,,,,,0,0,0-1,0,0,0,0,0,0,0,
525,518,ACESSORIO GARRA JACARE PINO 2MM,,C,N,N,,ACGAR00100,0,3,7,10,-100,0,0,1,23,,,,,,ACESSORIO GARRA JACARE PI,,,,0,101,0,18,100,0,100,,29/06/2026,True,100,0,0,,,False,0,0,,False,0,,,99|99|00,,False,,S,,0,0,999,,0,0,0,0,0,0,0,0,,,,,0,0,0-1,0,0,0,0,0,0,0,
526,2039781,CABO APLICADOR HECCUS TURBO,,C,N,N,,02039781,0,3,2,0,0,0,0,1,23,,,,,,CB APLICADOR HECCUS TURBO,,,,0,101,0,18,100,0,100,,,True,100,0,0,,,False,0,0,,False,0,,,99|99|00,,False,,S,,0,0,999,,0,0,0,0,0,0,0,0,,,,,0,0,0-1,0,0,0,0,0,0,0,
527,527,ACESSORIO BLISTER MANGUEIRA 2 VIAS,,C,N,N,,ACBLI09600,0,4,4,0,0,0,0,1,23,,,,,,ACESSORIO BLISTER MANGUEI,,,,0,101,0,18,100,0,100,,,True,100,0,0,,,False,0,0,,False,0,,,99|99|00,,False,,S,,0,0,999,,0,0,0,0,0,0,0,0,,,,,0,0,0-1,0,0,0,0,0,0,0,
528,528,ACESSORIO BLISTER FILTRO 28MM 5PCT,,C,N,N,,ACBLI00200,0,50,80,0,0,0,0,1,23,,,,,,ACESSORIO BLISTER FILTRO ,,,,0,101,0,18,100,0,100,,,True,100,0,0,,,False,0,0,,False,0,,,99|99|00,,False,,S,,0,0,999,,0,0,0,0,0,0,0,0,,,,,0,0,0-1,0,0,0,0,0,0,0,
529,529,ACESSORIO BLISTER VENTOSA 8MM,,C,N,N,,ACBLI09900,0,3,1,0,0,0,0,1,23,,,,,,ACESSORIO BLISTER VENTOSA,,,,0,101,0,18,100,0,100,,,True,100,0,0,,,False,0,0,,False,0,,,99|99|00,,False,,S,,0,0,999,,0,0,0,0,0,0,0,0,,,,,0,0,0-1,0,0,0,0,0,0,0,
537,7566,CABO COM PLUG INJETADO HTM P/ MASCARA FACE E PESCOÇO R01,,C,N,N,,007566,0,3,1,145,40,203,"39,1137",1,23,,,,HTM,,CB COM PLUG INJETADO HTM ,,,,0,101,0,18,100,0,100,,,True,100,0,0,,,False,203,203,,False,0,,,99|99|00,,False,,S,,0,0,999,,0,0,0,0,0,0,0,0,,,,,0,0,0-1,0,0,0,0,0,0,0,
538,12839,SOLUCAO ANTICORROSIVA INCOLOR,,C,N,N,,012839,0,3,1,0,0,80,"15,4143",1,23,,,,HTM,,SOLUCAO ANTICORROSIVA INC,,,,0,101,0,18,100,0,100,,,True,100,0,0,,,False,80,80,,False,0,,,99|99|00,,False,,S,,0,0,999,,0,0,0,0,0,0,0,0,,,,,0,0,0-1,0,0,0,0,0,0,0,
539,1731823,BOMBA DAGUA C/VAZAO 3LT/MIN P/RESFR.DO EQUIP.P/SISTEMA A LASER P/DEPILACAO,,C,N,N,,173182-3,0,0,0,960,150,2400,"462,4277",1,12,,,,,,BOMBA DAGUA HAKON,,84138100,,0,101,0,18,100,0,100,26/06/2026,,True,100,0,0,5102,6102,False,2400,2400,,False,"19,05",,,99|99|00,,False,,S,,0,0,999,0,0,0,0,0,0,0,0,0,,,,,0,0,0-1,0,0,0,0,0,0,0,
540,1690,BANDEJA PLASTICA,,C,N,N,,MP1690,0,1,1,0,0,0,0,1,23,,,,,,BANDEJA PLASTICA,,,,0,101,0,18,100,0,100,,,True,100,0,0,,,False,0,0,,False,0,,,99|99|00,,False,,S,,0,0,999,,0,0,0,0,0,0,0,0,,,,,0,0,0-1,0,0,0,0,0,0,0,
541,3038525,ALÇA APLICADOR PLACA,,C,N,N,,03038525,0,5,10,0,0,0,0,1,23,,,,IBRAMED ,,ALÇA APLICADOR PLACA,,,,0,101,0,18,100,0,100,,,True,100,0,0,,,False,0,0,,False,0,,,99|99|00,,False,,S,,0,0,999,,0,0,0,0,0,0,0,0,,,,,0,0,0-1,0,0,0,0,0,0,0,
542,542,SENSOR DE FLUXO,,C,N,N,,542,0,5,15,0,0,0,0,1,23,,,,CHINA,,SENSOR DE FLUXO,,,,0,101,0,18,100,0,100,,,True,100,0,0,,,False,0,0,,False,0,,,99|99|00,,False,,S,,0,0,999,,0,0,0,0,0,0,0,0,,,,,0,0,0-1,0,0,0,0,0,0,0,
543,543,PRISMA HAKON,,C,N,N,,543,0,3,1,0,0,0,0,1,23,,,,CHINA,,PRISMA HAKON,,,,0,101,0,18,100,0,100,,,True,100,0,0,,,False,0,0,,False,0,,,99|99|00,,False,,S,,0,0,999,,0,0,0,0,0,0,0,0,,,,,0,0,0-1,0,0,0,0,0,0,0,
544,10070,PLACA INTERFACE APLICADOR ACRUS R1,,C,N,N,,010070,0,5,5,83,-100,0,"23,99",1,20,,,,HTM,,PL INTERFACE APLICADOR AC,,90189099,,0,101,0,18,100,0,100,26/06/2026,25/06/2026,True,100,0,0,5102,6102,False,0,0,,False,"33,45",,,99|99|00,,False,,S,,0,0,999,0,0,0,18,"17,16",0,0,0,0,,,,,0,0,0-1,0,0,0,0,0,0,0,
545,546,CONECTOR DB9 PC,,C,N,N,,546,0,5,49,0,0,"49,9","9,6146",1,23,,,,,,CONECTOR DB9 PC,,,,0,101,0,18,100,0,100,,,True,100,0,0,,,False,"49,9","49,9",,False,0,,,99|99|00,,False,,S,,0,0,999,,0,0,0,0,0,0,0,0,,,,,0,0,0-1,0,0,0,0,0,0,0,
546,547,TRANSFORMADOR DE SAIDA RF R3,,C,N,N,,547,0,2,1,0,0,0,0,1,23,,,,,,TRANSFORMADOR SAIDA RF R3,,,,0,101,0,18,100,0,100,,,True,100,0,0,,,False,0,0,,False,0,,,99|99|00,,False,,S,,0,0,999,,0,0,0,0,0,0,0,0,,,,,0,0,0-1,0,0,0,0,0,0,0,
547,548,PRISMA,,C,N,N,,548,0,5,5,0,0,0,0,1,23,,,,,,PRISMA,,,,0,101,0,18,100,0,100,,,True,100,0,0,,,False,0,0,,False,0,,,99|99|00,,False,,S,,0,0,999,,0,0,0,0,0,0,0,0,,,,,0,0,0-1,0,0,0,0,0,0,0,
548,549,LAMPADA LUZ PULSADA 500M,,C,N,N,,549,0,5,6,0,0,0,0,1,23,,,,,,LAMPADA LUZ PULSADA 500M,,,,0,101,0,18,100,0,100,,,True,100,0,0,,,False,0,0,,False,0,,,99|99|00,,False,,S,,0,0,999,,0,0,0,0,0,0,0,0,,,,,0,0,0-1,0,0,0,0,0,0,0,
549,550,LAMPADA LUZ PULSADA,,C,N,N,,550,0,3,1,0,0,0,0,1,23,,,,,,LAMPADA LUZ,,,,0,101,0,18,100,0,100,,,True,100,0,0,,,False,0,0,,False,0,,,99|99|00,,False,,S,,0,0,999,,0,0,0,0,0,0,0,0,,,,,0,0,0-1,0,0,0,0,0,0,0,
550,80018387,CAIXA PLASTICA APLIC TRANSDUTOR ARTIX ATP80,,C,N,N,,80018387,1,2,2,150,"253,3333",530,"102,1195",1,7,,,,KLD,,CX PLASTICA APLIC ATP80,,94029090,,0,101,0,18,100,0,100,,,True,100,0,0,5102,6102,False,550,560,,False,"34,33",,,99|99|00,,False,,S,,0,0,999,0,0,0,0,0,0,0,0,0,,,,,0,0,0-1,0,0,0,0,0,0,0,
551,551,ELETRODO ADESIVO 4X4CM,,C,N,N,,551,0,5,38,0,0,0,0,1,23,,,,,,ELETRODO ADESIVO 4X4CM,,,,0,101,0,18,100,0,100,,,True,100,0,0,,,False,0,0,,False,0,,,99|99|00,,False,,S,,0,0,999,,0,0,0,0,0,0,0,0,,,,,0,0,0-1,0,0,0,0,0,0,0,
553,302942,TAMPA SUPERIOR UNIFICADA GABINETE SAFIRA V2,ESTRUTURA,C,N,N,UN,0302942,0,0,1,0,0,5,"0,97",1,23,,,,,,TAMPA SUPERIOR UNIFICADA ,,,,0,101,0,18,100,0,100,,,True,100,0,0,5102,6102,False,5,5,,False,0,,,99|99|00,,False,,S,,0,0,999,,0,0,0,0,0,0,0,0,,,,,0,0,0-1,0,0,0,0,0,0,0,
554,1676,CARCAÇA PLASTICA INFERIOR - VIBROCELL,ESTRUTURA,C,N,N,,mp1676,0,0,3,0,0,0,0,1,23,,,,,,CARCAÇA PLÁSTICA INFERIOR,,,,0,101,0,18,100,0,100,,,True,100,0,0,5102,6102,False,0,0,,False,0,,,99|99|00,,False,,S,,0,0,999,,0,0,0,0,0,0,0,0,,,,,0,0,0-1,0,0,0,0,0,0,0,
555,3038104,POTE CRISTAL 500ML,,C,N,N,,03038104,0,3,2,"13,3",200,"39,9","7,7027",1,4,,,,IBRAMED,,POTE CRISTAL 500ML,,39233090,,0,101,0,18,100,0,100,,,True,100,0,0,5102,6102,False,"39,9","39,9",,False,"33,45",,,99|99|00,,False,,S,,0,0,999,0,0,0,0,0,0,0,0,0,,,,,0,0,0-1,0,0,0,0,0,0,0,
578,80010664,ADESIVO ADEP7T11 TRASEIRO DA PROBE 950 KAVYS,,C,N,N,,80010664,0,5,4,0,0,0,0,1,23,,,,KLD,,ADESIVO ADEP7T11 TRASEIRO,,,,0,101,0,18,100,0,100,,,True,100,0,0,,,False,0,0,,False,0,,,99|99|00,,False,,S,,0,0,999,,0,0,0,0,0,0,0,0,,,,,0,0,0-1,0,0,0,0,0,0,0,
579,80010663,ADESIVO ADEP7T10 TRASEIRO DA PROBE 2750 KAVYS,,C,N,N,,80010663,0,3,1,0,0,0,0,1,23,,,,KLD,,ADESIVO ADEP7T10 TRASEIRO,,,,0,101,0,18,100,0,100,,,True,100,0,0,,,False,0,0,,False,0,,,99|99|00,,False,,S,,0,0,999,,0,0,0,0,0,0,0,0,,,,,0,0,0-1,0,0,0,0,0,0,0,
580,7268,ADESIVO BEAUTY STEAM R03,,C,N,N,,007268,0,5,8,0,0,0,0,1,23,,,,HTM,,ADESIVO BEAUTY STEAM R03,,,,0,101,0,18,100,0,100,,,True,100,0,0,,,False,0,0,,False,0,,,99|99|00,,False,,S,,0,0,999,,0,0,0,0,0,0,0,0,,,,,0,0,0-1,0,0,0,0,0,0,0,
581,7860,ADESIVO LIMINE R02,,C,N,N,,007860,0,3,2,0,0,0,0,1,23,,,,HTM,,ADESIVO LIMINE R02,,,,0,101,0,18,100,0,100,,,True,100,0,0,,,False,0,0,,False,0,,,99|99|00,,False,,S,,0,0,999,,0,0,0,0,0,0,0,0,,,,,0,0,0-1,0,0,0,0,0,0,0,
582,6205,ADESIVO CLUSTER LED CIRCULAR REV.01,,C,N,N,,006205,0,5,9,0,0,0,0,1,23,,,,HTM,,ADESIVO CLUSTER LED CIRCU,,,,0,101,0,18,100,0,100,,,True,100,0,0,,,False,0,0,,False,0,,,99|99|00,,False,,S,,0,0,999,,0,0,0,0,0,0,0,0,,,,,0,0,0-1,0,0,0,0,0,0,0,
583,6179,PAINEL DE VIDRO DO GABINETE MEDIO PORTE,,C,N,N,,006179,0,5,4,0,0,0,0,1,23,,,,HTM,,PAINEL VIDRO GAB MEDIO PO,,,,0,101,0,18,100,0,100,,,True,100,0,0,,,False,0,0,,False,0,,,99|99|00,,False,,S,,0,0,999,,0,0,0,0,0,0,0,0,,,,,0,0,0-1,0,0,0,0,0,0,0,
572,1579940,TEC. LIPOCAVITY NEW SMART,,C,N,N,,1579940,0,3,2,"107,74",-100,0,0,1,23,,,,MEDICAL SAN ,,TEC. LIPOCAVITY NEW SMART,,,,0,101,0,18,100,0,100,,,True,100,0,0,,,False,0,0,,False,0,,,99|99|00,,False,,S,,0,0,999,,0,0,0,0,0,0,0,0,,,,,0,0,0-1,0,0,0,0,0,0,0,
573,80010049,ADESIVO APERTAR/SOLTAR R01,,C,N,N,,80010049,0,3,1,0,0,0,0,1,23,,,,KLD,,ADESIVO APERTAR/SOLTAR R0,,,,0,101,0,18,100,0,100,,,True,100,0,0,,,False,0,0,,False,0,,,99|99|00,,False,,S,,0,0,999,,0,0,0,0,0,0,0,0,,,,,0,0,0-1,0,0,0,0,0,0,0,
574,80010450,ADESIVO ADEDAP08 R00 APLICADOR MEDIO HYGIALUX LLT1601,,C,N,N,,80010450,0,3,2,0,0,0,0,1,23,,,,KLD,,ADESIVO ADEDAP08 R00 APLI,,,,0,101,0,18,100,0,100,,,True,100,0,0,,,False,0,0,,False,0,,,99|99|00,,False,,S,,0,0,999,,0,0,0,0,0,0,0,0,,,,,0,0,0-1,0,0,0,0,0,0,0,
575,1433628,TEC. LIPOCAVITY C/ CHICOTE 35CM,,C,N,N,,1433628,0,3,1,"120,17",-100,0,0,1,23,,,,MEDICAL SAN ,,TEC LIPOCAVITY C/CHICOTE ,,,,0,101,0,18,100,0,100,,,True,100,0,0,,,False,0,0,,False,0,,,99|99|00,,False,,S,,0,0,999,,0,0,0,0,0,0,0,0,,,,,0,0,0-1,0,0,0,0,0,0,0,
576,1437186,TECLADO ETHERNIA COLD C/ CHICOTE,,C,N,N,,143718-6,0,3,2,0,0,0,0,1,23,,,,MEDICAL SAN ,,TLCDO ETHERNIA COLD C/CHI,,,,0,101,0,18,100,0,100,,,True,100,0,0,,,False,0,0,,False,0,,,99|99|00,,False,,S,,0,0,999,,0,0,0,0,0,0,0,0,,,,,0,0,0-1,0,0,0,0,0,0,0,
577,80010245,ADESIVO ADEP7T02 FRENTE PROBE 2750 KAVYS TUS1901,,C,N,N,,80010245,0,5,5,0,0,0,0,1,23,,,,KLD,,ADESIVO ADEP7T02 FRENTE P,,,,0,101,0,18,100,0,100,,,True,100,0,0,,,False,0,0,,False,0,,,99|99|00,,False,,S,,0,0,999,,0,0,0,0,0,0,0,0,,,,,0,0,0-1,0,0,0,0,0,0,0,
584,584,TOMADA TRIPOLAR MACHO AC        NCM: 8536.69.10,,C,N,N,,584,0,10,44,0,0,80,"15,4143",1,23,,,,GENERICO,,TOMADA TRIPOLAR MACHO AC ,,,,0,101,0,18,100,0,100,03/07/2026,,True,100,0,0,,,False,80,80,,False,0,,,99|99|00,,False,,S,,0,0,999,,0,0,0,0,0,0,0,0,,,,,0,0,0-1,0,0,0,0,0,0,0,
585,585,FONTE 15 W,,C,N,N,,585,0,3,2,0,0,120,"23,1214",1,23,,,,GENERICO,,FONTE 15 W,,,,0,101,0,18,100,0,100,,,True,100,0,0,,,False,120,120,,False,0,,,99|99|00,,False,,S,,0,0,999,,0,0,0,0,0,0,0,0,,,,,0,0,0-1,0,0,0,0,0,0,0,
586,2071357,CHICOTE CLUSTER G3,,C,N,N,,02071357,0,5,3,0,0,0,0,1,23,,,,IBRAMED,,CHICOTE CLUSTER G3,,,,0,101,0,18,100,0,100,,,True,100,0,0,,,False,0,0,,False,0,,,99|99|00,,False,,S,,0,0,999,,0,0,0,0,0,0,0,0,,,,,0,0,0-1,0,0,0,0,0,0,0,
587,6762,TRASEIRA DO APLICADOR SONIC_CLUSTER REV.03 INJETADO,,C,N,N,UN,006762,0,0,3,"2,71",0,0,0,0,2,,,,,,TRASEIRA APLICADOR SONIC_,,90189099,,0,00,,0,0,0,100,08/07/2026,01/07/2026,True,100,0,0,,,False,0,0,,False,0,,,,,False,,S,,0,0,999,,0,0,18,"0,47",0,0,0,0,,,,,0,0,0,0,0,0,0,0,0,0,
588,8201,PLACA MONTADA MANOPLA BIPOLAR C NOVO TERMOMETRO G3 A R01,,C,N,N,UN,PMMAN08201,0,0,1,"242,2",0,0,0,0,3,,,,,,PL MONTADA MANOPLA BIPOLA,,90330000,,0,00,,0,0,0,100,,29/06/2026,True,100,0,0,,,False,0,0,,False,0,,,,,False,,S,,0,0,999,,0,0,12,"29,06",0,0,0,0,,,,,0,0,0,0,0,0,0,0,0,0,
589,2101,PONTEIRA USINADA BIPOLAR FACIAL NOVO RADIOM R01,,C,N,N,UN,PNUSI02101,0,0,1,"65,09",0,0,0,0,3,,,,,,PONTEIRA USINADA BIPOLAR ,,76169900,,0,00,,0,0,0,100,,29/06/2026,True,100,0,0,,,False,0,0,,False,0,,,,,False,,S,,0,0,999,,0,0,12,"7,81",0,0,0,0,,,,,0,0,0,0,0,0,0,0,0,0,
556,556,RESISTENCIA VAPOR 127W HTM ANTIGO,,C,N,N,,556,0,5,10,0,0,0,0,1,23,,,,,,RESISTENCIA VAPOR 127W HT,,,,0,101,0,18,100,0,100,,,True,100,0,0,,,False,0,0,,False,0,,,99|99|00,,False,,S,,0,0,999,,0,0,0,0,0,0,0,0,,,,,0,0,0-1,0,0,0,0,0,0,0,
557,557,BOMBA D´AGUA MP-30RZ 15/10 L/MIN,,C,N,N,,557,0,3,1,0,0,0,0,1,23,,,,,,BOMBA D´AGUA MP-30RZ 15/1,,,,0,101,0,18,100,0,100,,,True,100,0,0,,,False,0,0,,False,0,,,99|99|00,,False,,S,,0,0,999,,0,0,0,0,0,0,0,0,,,,,0,0,0-1,0,0,0,0,0,0,0,
558,558,BOMBA D´AGUA 20 RM,,C,N,N,,558,0,3,2,0,0,0,0,1,23,,,,,,BOMBA D´AGUA 20 RM,,,,0,101,0,18,100,0,100,,,True,100,0,0,,,False,0,0,,False,0,,,99|99|00,,False,,S,,0,0,999,,0,0,0,0,0,0,0,0,,,,,0,0,0-1,0,0,0,0,0,0,0,
559,559,BOMBA D´AGUA MP 24V 55W 20L/MIN,,C,N,N,,559,0,3,2,0,0,0,0,1,23,,,,,,BOMBA D´AGUA MP 24V 55W 2,,,,0,101,0,18,100,0,100,,,True,100,0,0,,,False,0,0,,False,0,,,99|99|00,,False,,S,,0,0,999,,0,0,0,0,0,0,0,0,,,,,0,0,0-1,0,0,0,0,0,0,0,
560,9672,TRANSDUTOR FACIAL 12X3MHZ ULTRAFOCUS,,C,N,N,,009672,0,5,2,177,-100,0,0,1,23,,,,,,TRANSDUTOR FACIAL 12X3MHZ,,,,0,101,0,18,100,0,100,,,True,100,0,0,,,False,0,0,,False,0,,,99|99|00,,False,,S,,0,0,999,,0,0,0,0,0,0,0,0,,,,,0,0,0-1,0,0,0,0,0,0,0,
561,9671,TRANSDUTOR CORPORAL 40X1.9MHZ ULTRAFOCUS,,C,N,N,,009671,0,3,2,178,-100,0,0,1,23,,,,,,TRANSDUTOR CORPORAL 40X1.,,,,0,101,0,18,100,0,100,,,True,100,0,0,,,False,0,0,,False,0,,,99|99|00,,False,,S,,0,0,999,,0,0,0,0,0,0,0,0,,,,,0,0,0-1,0,0,0,0,0,0,0,
562,3027198,ADESIVO PAINEL SONOPULSE I E III,,C,N,N,,03027198,0,5,3,"167,2",-100,0,0,1,23,,,,,,ADESIVO PAINEL SONOPULSE ,,,,0,101,0,18,100,0,100,,,True,100,0,0,,,False,0,0,,False,0,,,99|99|00,,False,,S,,0,0,999,,0,0,0,0,0,0,0,0,,,,,0,0,0-1,0,0,0,0,0,0,0,
563,3026009,CARTELA DE FUSIVEL DE PROTECAO,,C,N,N,,03026009,0,3,1,1,-100,0,0,1,23,,,,,,CARTELA FUSIVEL PROTECAO,,,,0,101,0,18,100,0,100,,,True,100,0,0,,,False,0,0,,False,0,,,99|99|00,,False,,S,,0,0,999,,0,0,0,0,0,0,0,0,,,,,0,0,0-1,0,0,0,0,0,0,0,
564,9098,ETIQUETA SEGURANÇA INMETRO,,C,N,N,,009098,0,3,1,0,0,0,0,1,23,,,,,,ETIQUETA SEGURANÇA INMT,,,,0,101,0,18,100,0,100,,,True,100,0,0,,,False,0,0,,False,0,,,99|99|00,,False,,S,,0,0,999,,0,0,0,0,0,0,0,0,,,,,0,0,0-1,0,0,0,0,0,0,0,
565,205025,"Filtro de Seringa PTFE 25mm  0,22µm",,C,N,N,,PTF205025,0,0,1,8,150,20,"3,8685",1,23,,,"Membrana de PTFE hidrofóbica. Ideal para solventes orgânicos e preparo de amostras HPLC. Nota: Se for utilizar com soluções aquosas, lembrar de realizar pré-lavagem com álcool.",Tianjin Jinteng,,FILTRO SERINGA PTFE 25MM ,,,,2,101,0,18,100,0,100,,,True,100,0,0,,,False,18,20,,False,0,,,99|99|00,,False,,S,,0,0,999,0,0,0,0,0,0,0,0,0,,,,,0,0,0-1,0,0,0,0,0,0,0,
566,3027860,ADESIVO APLICADOR HECCUS TURBO,,C,N,N,,03027860,0,5,2,0,0,0,0,1,23,,,,,,ADESIVO APLICADOR HECCUS ,,,,0,101,0,18,100,0,100,,,True,100,0,0,,,False,0,0,,False,0,,,99|99|00,,False,,S,,0,0,999,,0,0,0,0,0,0,0,0,,,,,0,0,0-1,0,0,0,0,0,0,0,
567,7895,ADESIVO NIVEL DE AGUA RESERVATORIO R03 - NCM 39199090,,C,N,N,,007895,0,5,2,8,-100,0,0,1,23,,,,,,ADESIVO NIVEL AGUA RESERV,,,,0,101,0,18,100,0,100,,,True,100,0,0,,,False,0,0,,False,0,,,99|99|00,,False,,S,,0,0,999,,0,0,0,0,0,0,0,0,,,,,0,0,0-1,0,0,0,0,0,0,0,
568,11060,ADESIVO INFO HASTE BEAUTY STEAM R02 - NCM 39199090.,,C,N,N,,011060,0,3,1,5,-100,0,0,1,23,,,,,,ADESIVO INFO HASTE BEAUTY,,,,0,101,0,18,100,0,100,,,True,100,0,0,,,False,0,0,,False,0,,,99|99|00,,False,,S,,0,0,999,,0,0,0,0,0,0,0,0,,,,,0,0,0-1,0,0,0,0,0,0,0,
569,8878,ADESIVO SAIDA BEAUTY STEAM R01  - NCM 39199090.,,C,N,N,,008878,0,3,1,8,-100,0,0,1,23,,,,,,ADESIVO SAIDA BEAUTY STEA,,,,0,101,0,18,100,0,100,,,True,100,0,0,,,False,0,0,,False,0,,,99|99|00,,False,,S,,0,0,999,,0,0,0,0,0,0,0,0,,,,,0,0,0-1,0,0,0,0,0,0,0,
570,1736221,CONJUNTO ADESIVO APLICADOR OMER SMART,,C,N,N,,1736221,0,5,1,"5,28",-100,0,0,1,23,,,,,,CJTO ADESIVO APLICADOR OM,,,,0,101,0,18,100,0,100,,,True,100,0,0,,,False,0,0,,False,0,,,99|99|00,,False,,S,,0,0,999,,0,0,0,0,0,0,0,0,,,,,0,0,0-1,0,0,0,0,0,0,0,
571,1470850,TEC. LIPOCAVITY NEW SEM BOTAO- TECGRAF -,,C,N,N,,1470850,0,3,1,"32,23",-100,0,0,1,23,,,,MEDICAL SAN ,,TEC LIPOCAVITY NEW SEM BO,,,,0,101,0,18,100,0,100,,,True,100,0,0,,,False,0,0,,False,0,,,99|99|00,,False,,S,,0,0,999,,0,0,0,0,0,0,0,0,,,,,0,0,0-1,0,0,0,0,0,0,0,
590,590,CABO DE FORÇA TRIPOLAR - MICKEY,,C,N,N,,590,0,5,2,0,0,0,0,1,23,,,,,,CB FORÇA TRIPOLAR-MICKEY,,,,0,101,0,18,100,0,100,,,True,100,0,0,,,False,0,0,,False,0,,,99|99|00,,False,,S,,0,0,999,,0,0,0,0,0,0,0,0,,,,,0,0,0-1,0,0,0,0,0,0,0,
591,591,CABO DE FORÇA BIPOLAR 2 PINOS,,C,N,N,,591,0,5,8,0,0,0,0,1,23,,,,,,CB FORÇA BIPOLAR 2 PINOS,,,,0,101,0,18,100,0,100,,,True,100,0,0,,,False,0,0,,False,0,,,99|99|00,,False,,S,,0,0,999,,0,0,0,0,0,0,0,0,,,,,0,0,0-1,0,0,0,0,0,0,0,
592,3015084,TOMADA DE ENTRADA 3 TERMINAIS,,C,N,N,,03015084,0,0,1,5,1500,80,"15,534",1,4,,,,IBRAMED,,TOMADA ENTRADA ,,85366910,,0,102,0,18,100,0,100,13/07/2026,,True,100,0,0,5102,6102,False,80,80,,False,"35,93",,,99|99|00,,False,,S,,0,0,999,0,0,0,0,0,0,0,0,0,,,,,0,0,0-1,0,0,0,0,0,0,0,
593,3017006,CABO PP FEMEA IEC - 2 X 0.75 X 1500MM,,C,N,N,,03017006,0,0,0,"13,3","238,3459",45,"8,7379",1,4,,,,IBRAMED ,,CABO ENERGIA DERMOSTEAM,,85444200,,0,102,0,18,100,0,100,13/07/2026,,True,100,0,0,5102,6102,False,45,45,,False,"34,78",,,99|99|00,,False,,S,,0,0,999,0,0,0,0,0,0,0,0,0,,,,,0,0,0-1,0,0,0,0,0,0,0,
594,5075,CABECOTE SONIC COMPACT REV.03 BRANCO,,C,N,N,,005075,0,5,5,0,0,0,0,1,23,,,,HTM,,CABECOTE SONIC COMPACT RE,,,,0,101,0,18,100,0,100,,,True,100,0,0,,,False,0,0,,False,0,,,99|99|00,,False,,S,,0,0,999,,0,0,0,0,0,0,0,0,,,,,0,0,0-1,0,0,0,0,0,0,0,